dd7b103a
0622bae1
03447a2e
253d8561
d28f4a3c
01237853
8156f681
b90177b1
e2cca34d
d4dad1b2
80589692
845a8e62
43c35119
b00088e5
35f9d55c
027896ee
89a68b06
073774c0
831e4d42
239ab1e7
d858c0c0
4ce3a7cd
913f95e4
5ffa0b32
d65cec50
1910a9b4
7155daa0
46603522
9528b021
5bc72139
7547249b
04cffb90
0003ad8d
cf0d6f1c
bea39f81
5050feab
0c2122b2
2266a84f
bb8f83c4
ab494836
fef0fc73
da356a0c
462fd4a8
d86dfaf6
4f05d433
0ade4809
171d0eb8
cb620664
3a0b70ea
8a15a438
9c60e216
f1b34096
72feb6e1
896e73e4
8fbd7fb0
4eba4a88
d579e854
5bd3ad5d
d4b7aac9
97d59a6d
4717ab23
840f913e
9872afd9
02aed921
aff8682a
f0375c96
8f2f38f2
7a49f859
58ba261e
72691d93
28d344ef
516f62a0
69819eae
a01af173
72d337d8
5ef6a541
cf0d7451
c97d90de
2d7735ef
306dd29a
c8348ff1
f8ef9b57
9488d80f
510dc303
742fb234
b7eb830c
f1b66d7d
2ee8cd86
4ff4392b
06730f84
36ce3104
096a0c30
059daf81
80eb6adf
95ec399c
59af050e
8bf1989c
359bd970
ccbc8e69
e44ac50a
80521a69
9175b59d
f8d398a1
858cdd4f
7b0e0599
ad0a9b00
1b712499
508db611
1653b612
b126f5e5
0626ea70
2c10c797
2fb83c55
ba56231b
081867f4
fd367098
5e98adbe
06ea40b2
6866a6f9
2b9c2fcd
c238eca4
7e3eb51a
3d6f0953
4d69c8c2
ef7b702a
91de6e23
df1428e2
c4abb63e
b70ee7d5
ba11265c
e67391ba
6b9ab416
c19349fc
9927eb65
6d5dafdc
915f88dd
6493dcae
bc58fcdf
cf283907
a20ee3d4
d6f807f2
51d232c9
169c50d6
7a46e57b
88c45c6a
1d82d06b
de2e4af8
fd8630f5
08d7bdba
5fcaab7b
f2ad33a9
679dab26
c1597f30
5c1dfd63
ee0e0064
259f1ec3
9ab0cb80
c2b8a7f4
04c2f78d
92dce0da
e694112b
47ca4e55
a1804b4c
45a82147
ecc595ac
a1e3441d
42d146d1
99f20b2e
a0181e8b
ef5c9e99
5272169b
7aae63cb
ae989a46
1f1f68c7
eebc734d
24f9c36b
cc5f52de
6801d818
cb4ea48d
49f5fb47
a60944e7
0f7fa5b8
800c39fd
3c326891
9820d3bd
b79504f6
25d43b4d
c0714f11
eea26944
1e4f5aea
607a01c7
d740532a
1c0f36a5
6d8303be
ef62a1b6
43c28e6e
2bb4ea5d
060f7569
5574f2a1
9f32f26d
ff82686d
99aa0870
29224f32
f2481702
27f42306
e3051017
3e203f84
8dbc6639
4b0996a1
6302990d
952ff63f
50e97bdc
48a19df2
dda3bb4e
1c668cc1
70014935
15e90a82
6472a88c
8c3192de
ca888d87
5d1006cb
e98ae6bc
8b5ff7bc
1e17233f
2e92eefa
60f5092c
dcf0828e
f7eddb2f
676a703a
3a4761fd
a5bef7d2
ad0260b1
1091f816
269c57da
c6219226
cae7d282
ec95a38e
2943974e
47f230a8
6b22bcfa
fa929744
6014a031
1e42333b
f73850ab
f8bd513d
eef7969e
80692b4f
1c751689
46b15289
19b6afc2
c1d016c4
baa6e949
17aa2b77
e5fb545b
44cddedc
4b78c29a
460e9e91
0bf1a5d5
1008a4cf
4587a82e
0145c4db
2e4bb434
bcec2cf8
042bc20c
1ff046ed
66663ef8
c5837d9c
04575d2f
9aef3779
34ad4188
6db6b37e
fb8fe04d
fb2bb9d4
ab93edad
7bfbafe4
00c643ab
bd480c38
a6dd11d9
315f63af
7ef0c136
0aa00b2a
f7ef940a
5097e72b
dfb37b99
fbf31b27
13248fd6
c13e6089
864c46cd
dd70bbab
3068bed8
2940d98e
05ce2c7f
f6c936ef
ceacde3f
bed6793f
4aa95ebe
c53c229a
04d5eb9a
2c7a7087
e75f4f4f
1d98920f
bb4e40d1
654727f1
3a2a0f58
2acfd0a8
c81cac2c
2a9d7840
4163a9f5
e1df9558
175be2cd
16903ef2
23f0c7a4
5313393b
adff918f
f1d9e9fb
44a21c0e
6179afbb
3bc36c0f
72e5c348
09d40461
93ccb011
f49b5253
7e9178d4
faf9d195
63b28c54
6a84de54
2da35556
a2791961
a9bdaf98
37509e7d
94a024f6
1cacc7d5
e7fd47b4
a90ba7d0
68b17d02
1fb37b6b
d9dee169
fb1c8c6d
589f0de6
13adcb36
acf1fcfc
9b1a0b63
53e7e960
216b2bed
43615def
44446d11
08584592
f38d5dff
f5b9cf9f
228ec114
32c123a8
0205c37b
afb73e6a
632829fb
10411da7
cd9e82e9
8cc7a8ee
f642aad6
b03b7eff
a2df53a3
a0e7c25a
6c89f651
567a73f3
be4fc4b3
ab55d4b8
108df337
2d15144b
89ecae83
936ef3c9
1ac8f0cf
ffa8a1b9
212a67c0
298b3405
8183b958
544c34f8
28bf3417
856f64d9
409c0e36
d8af526e
18629f79
8d8ee87a
05f9912e
254d53a3
55b510a1
3265a185
c90bdcf5
ba04444c
3f869525
67605cdc
2318c29d
5aa6a8df
54d99f7c
949c486d
11d89acc
c76f1c2f
f45416d0
dbb2e544
25b07ab0
a5fadfbe
d86120d6
b73b0db3
011008f6
8b605ce6
bdc8f127
53354bc7
683e9092
0e525851
ce115ac8
c25c2749
ceea783a
421777f3
109e053f
64ca817b
709aa2e9
d30dce03
821d3bdd
f78c4278
136c6485
e597d63b
46a4ec8b
7d3ddbe6
2945a7dd
94b78dce
3f8db471
d747dee8
d0464429
341d2f97
c11858ff
fd0eba86
5882c116
bacaced9
7d1335e7
6d05210d
b5ade8fc
c4880ab7
dfd01c59
d181759a
12ed560a
4837909a
d29d5dcb
4d570de4
4e15e4bc
56ca5655
5d21233c
3bc5622b
4c9bdb76
69421db7
4615af22
0db12cfd
7758c9f6
46b20935
ce7f7402
4d6bca39
fe034951
2b3f7757
a2d9fc8e
269410a9
aed9578b
5b937912
f847e78e
3540713e
8642a5ef
2fbfe422
bf093773
4487e1bc
fed8e1e3
05f23fe3
b6c2a234
b6036063
d005f7a5
04c6fea2
0868324a
ec490a44
7a1ea883
a53b6133
d0aa422a
15b92999
db71e5e1
3d5a4907
72e14fa7
2700556a
50361bb1
5c0b5ced
f9c09641
7fec5c27
bc065212
b23c10c6
36db2ac2
fffe813b
cd705289
d4e95a8a
ec2289b2
460812aa
56e7a518
b43cc0e2
c5a60e78
5b5bb4c1
71a9d835
7fec0cc3
f78512ac
765b3281
09c510db
4480edac
33654a8c
934b5c1b
d75bbd85
ff872cef
970c52c1
98c2660d
e6f12c84
b2277b59
f8f3d8d2
ee548533
3ab9077d
3e34e77d
09bfb9c0
de15f93f
9d8f8481
f20eb663
e22a53d5
a1df996c
4f9231e0
c693c740
f9fa2642
4b13b027
348ea95f
facae67b
d4cd5072
0d0a8dc1
817cea31
df670f0f
b812e2c6
dbbe7867
08e7ab02
895bbefd
273013a3
1bee04a2
1dc24204
3935f2f1
3bb46b8f
0d2de2ce
4d6ef2e3
28ded144
49e4ef7c
c0538409
86ffc08a
7c744bf1
2ed6f332
7b24f22d
e9e85cc3
b3b154af
a2fb05d7
c5272e3d
c9893a6c
006a9d1e
871311d4
3c1eb72b
2fa6fbd7
726b9508
b97dda69
ac9636b9
65a26bc4
ce55b616
61aa1efc
878d4b00
4d767fe3
e3dba15a
17629218
2edd723e
16ee3198
97c27ae2
c1c13ede
c6488d90
f4d68d3e
e460687f
46f185ed
f7812607
896a917b
6d34eced
9ad6fa92
83bedc87
799ae868
5a03619d
0707ca8e
6ad75c1d
49081f02
6da2b96b
c5b8951d
a3db1877
d2c05bb1
9833f1ef
4be0620f
48dfc434
e602eea9
2a27d68e
6ed513a7
e7a00407
7e04ba8b
37ffe7ca
c21bcfdf
879631eb
046eb391
34dc4096
bb433667
e4929543
0a5d1c92
508b791e
ea0aded4
232fbf40
6681dab9
b85d54bd
1050a36f
d1b1445b
91bc552c
ff3cd393
92118c2c
9907a07c
d7d9346e
d5e0e746
38524f43
ad1a51fb
87226dec
63680a09
d0cdfda8
0ac7b40d
d3f0984c
197429e4
63f3f7a9
8157e5d3
4fe56656
4a55ae77
aa381cb5
1eaa5c59
5f93bb21
5f03463f
b0cb2251
fcd0ee76
2a5ebe42
9877f48a
cc2357db
b3e697f4
5d54ab91
a3e1a00d
80b8acc9
98f84821
461aee26
64f78e1b
542c6e40
2de4ab39
4ec0d779
2f535856
16af33b7
b83be14f
e1b3648e
a3ae33fe
abb193b3
c2ee82f3
7759b849
f30da3c0
a6d33060
c50008cf
2cfd938e
a5ef7321
29bdf9dd
6f5deffd
e1519bfc
1bc03280
2b3246dd
a130b309
af800b1b
4aaba967
e467e049
bacb139b
a7a9a1d0
2165ff4b
a7328433
6e8e50f2
4a4710fc
ec867676
834c91b5
da339b0c
5397121e
6ac85ad7
67bb3d70
4a5a2d47
b1ef17dc
6f5bb4ca
a1aa9307
4a672c23
634f9de8
d80a807a
4da76c06
dbbb5f3c
97092040
79f1b04c
81ae7159
045be863
f668000f
1a5646c0
33e057f7
f6592a3a
5f0d6b37
38f05f5e
85924270
92a90f25
0a27eda0
f638085d
ae517154
c38ac5a2
d9e37ea1
7cb7ad91
853023f0
e82c701d
0d9bfc08
5fed108f
123d1a76
aac396a9
6bee1c7f
ffef9082
b954e580
9d276343
cb4b2eba
22ec7b05
dd8a39df
9f991505
d3d7e857
921ca33b
5c5ff1a2
578d6ff5
b757c593
f1184759
2bf9db7e
0e06b416
533af7d3
302d0577
8a3cfcfe
1b8f723e
e4e157a4
50dce654
e6ea68d1
63249002
c38e160a
6fc6f160
d30520b8
3e7acaeb
fe3bb01b
088e54c9
fdfa30d9
4127a1b3
30aec4b1
084a6969
ac45a137
9e746388
a02a6e8c
1d87bce9
a0278442
226c6df4
596e40ca
dfeecdbd
02e27f6b
5e66e249
1f3c60a4
811b243c
bdd382b2
7047af25
341aea3d
277f697c
cbe8bed9
3d4e4f80
78e439a6
bcbb5042
20bbb5cc
c23b41a0
b3b7beb1
43d34c53
ecea7c65
776f0ca7
effcc7b5
06304b94
0ca1f694
a7417c61
382e4e11
91475ae6
aeb5d666
ef6b9cac
cd19e872
1e55a76c
17bf78d5
5c3947f8
af85e92c
bb29ab77
d3e0d26c
ca03b212
db64a357
51176257
e5f2b721
d1b46376
4523543d
5f2f5e7c
a111f266
fcdcc739
3c639510
7033f1c5
65dcbd30
1ae6bbe8
0ae26de1
d0bda511
d07bcbf2
fdb6dc36
65776c84
4ce5a4d0
c40da70f
caa36189
9bd231e2
fe99ea94
9bdee0ea
96acb614
0e4cdc2f
63b13aec
aea33064
af881585
68830ec6
b0caa755
77143927
63a3bd7e
6af11c2f
07e110f7
949b47d9
3c71177e
2a5b3093
3b9af3b3
c5bff876
1817f1ba
c9ae0556
1f4d8e12
b371606e
479f39af
18a9f555
4e117b5c
5d21b6d3
80922b97
ecfb93bb
46daf3a1
23573722
a4ddb6cf
9a36ee16
8f99d280
462ace18
d30df83a
f9e4c6f7
aa77cb4b
310b5416
4e13bb78
b437fb77
ee081631
e2c7ad09
1be5b25f
bb2fa25e
12ff4803
7d307aa7
afee3a94
ad834e69
3475850c
870fa1e6
e0440e18
b30bf3a5
31edf9c4
7487192d
6c62e39c
398c5bd1
e8b34ba4
fd5723fb
216a6ae0
c2c0c5c6
b20f0a55
d91524e6
24ecb7ba
38bcca07
58cf3ac4
bdede0b3
b188fccb
80204a58
da02f432
adc38e40
719a4296
269abab7
81c06ce5
239b8b52
9a1746fc
7f147260
5651342f
2e3c30c9
49403e0c
21e73758
21fc2861
cc1b079b
11e22601
e2d2f880
2e7faa88
576824f0
59b540cb
78a58feb
dcf66ce6
f9ecb35b
003f155b
48f01e22
33d0e16f
ebc3a354
38d09625
ef913d49
54532d94
e48660ea
bb93a683
2cacdab0
3e07f469
a56fb8f4
9e28b24a
1ce029c1
4ccacf02
285d65ea
b3787279
dcdd9e2d
1938bf6d
1a3e8af5
a873dc37
f6e2414b
db7d5f0a
2d186f64
add81612
776bc191
49f56b89
c2eca4ce
e5e9bec5
c4cc81e4
804e34ba
58c009fa
4ab6dff7
3f595953
5964f731
1c558115
461f1e05
11dc3e6e
94f4ff5f
1bd4cccb
5cdb80e9
f5be38d5
bf0b7517
00b25d13
0e6956d6
97bf86e7
f89800da
4cc0e9f8
cc61efc1
d9345b6a
43e77a9f
bc2e84ac
bf3972b6
ad334122
b07667bf
86ebe5f7
5a35aecb
6bec9aca
dc4dc458
83f8907f
73a94ffb
7075ab33
1d5b8523
94e97452
a51c8c20
123f4202
79d57ae4
e2c41b50
9b3536c5
dfa80d8b
77519f8d
e7d9f2c9
ff6b17e3
251269dd
44631e44
52312240
50c7c875
c7190539
b31d0239
dc39e82e
c31e1291
82374e90
5c7089d4
7c5160fe
ba92a0c5
eaf322a1
539713ee
66549ccc
b54993ba
b67eacc5
f34c694a
8efa7d3a
7656c2f9
99c2ec1d
de834017
58d4921f
3cad519b
515dca26
3d3b76ef
122ed11a
09df9c17
361cef90
c7ce9a4d
d31e668c
e4f6f027
bc70dc68
8d4d00b1
48e4ab47
8476baba
c762eb4a
39e33759
995015f4
32781ccd
379cf5a1
855f5671
82654da9
2a743c32
c380b3d8
f6aba831
6240913c
a0c6a29b
5e443dae
6254f225
57fb2af0
6d8833fa
0aa8acb4
597c7319
742d4810
38a480a9
2006b39e
0548e5f4
15a6e2c4
1cb1d8a7
4af81960
63d4ed93
217ca5c0
efa5c59a
0abc80ef
2614cdae
91e6501e
1a974868
300e96ae
32cd2863
4011f4dd
be0b5fce
1960df73
71befbd7
e5eb1ea9
c08dcb41
b08bee69
0acdb60a
24823ac1
a9bdf8ef
0c392f70
96e63771
d62324a0
92a0e342
93c10c08
0708ef27
9a0a4dcd
a0aae1f2
68a1e9cc
d0da785f
d66e3a59
4aef1570
c267f919
be9e8e24
7ebc6948
f506ec22
a3257e30
5cdd866b
c42ca864
020faaee
de35d29f
92100070
49922846
734e63fe
c31b4dd6
21701390
e85a60c9
9e2cd8bb
ceb00160
452e2621
6cef05b3
d5d45da1
6735da5a
9163acd3
79048222
4893de10
82b8dd52
95f25d9b
50faee4e
9d526b14
c44263bb
654498a6
50f8da8e
54c82682
c195215a
6cf1140d
75b76f63
cce3bd7c
6403afa7
bd6bb956
ff5d9209
89297575
51666ecf
3ba3ef18
d4f3a3f1
99f4d729
03ee77b6
4cab83ad
e1150611
11a9a26d
e3e63212
f7292deb
0b1ba3e9
cbe3d695
ec01730e
45c9df5a
29d86c43
27b22a2a
4f73d7d6
9259b7c0
8b6baac6
226499b1
c3579b5c
269adc4c
89632e2f
8c75205b
361d58f1
4640b6a9
5e483164
115266bf
6d807b05
48d166b8
61258c5e
e356b0c8
11d99e22
6af7f61d
7d10c021
e24ef861
4b341981
a18ce30b
da16c369
d2cb2b22
41eb8047
1d69f4d4
c01818dc
e3d27f1c
176976e6
1bf23310
9065ef75
19c87110
416066aa
e5756225
db56c52b
b4bbcde1
5c126df6
60d159fe
475462bf
6aa9c8cd
abb49057
f82f81b5
efc4a021
673de782
48a7924a
93cc83d9
29679913
0a56ed4e
aec2d5c9
770949bb
b9105664
7e48dfa0
0e747410
08cc29ae
f5829e8f
4f10c341
b2ddfa00
3941443a
e706d53c
a33d7aa4
a7423821
ad2c36f1
9b893ff9
5776818c
8899bd08
30b89fbc
914e1b60
ffb87b18
b6a5ee38
15426528
b84dfb1d
9440685d
c04b8a96
1e2bcc47
67e3a3bf
fa787565
79f84d92
a3aa416b
11160be3
91f0d091
be2236ae
17373308
5bd059a3
1c1ed5c1
db4e7fc6
6104d1f3
43677dd0
20084d73
ed24e42b
d0974ff6
9e60a80a
1077f26c
396d3f11
6cadb87a
b06706c2
7f43f514
aaefded1
13200abf
463a0ad6
bb418a34
c895b30c
ae8dc7b0
0b3f6548
ac4047e7
cd367cee
c34b1753
4ea9c82f
f2472258
5c0923a2
172e4fcc
978197c4
2abdded3
3ebab338
17caeb95
0c31041b
bcc9c2c0
fafcc08a
c1d59115
c3a2c6c8
6a83fc3f
fa1dbe0c
7be27dbb
d6cafdec
7ffe8cb2
f1a8612d
843134a1
a8814e9b
2c18b96f
2da9c235
1fcb909b
d934f18f
cdf246d3
bdbb95a8
bebe1ef0
9e36d54a
a54d7026
510f4c28
942d9a18
65ff4ca6
8b2791e0
41aa470c
7c95748d
a0dbad8d
4841c83f
95bed2b7
d4d0e90f
04e9f38d
16419ce0
113c26ac
8b23ccb8
fb2d009c
2e56aafc
ee2ab0b4
b46a6f65
b0945e67
546c409f
9dffe061
e2b8d444
0df15cdf
bc0bcb7b
4fb87ef9
da9767a1
2c3d42b0
74f8c11d
bc835d50
202199d4
7034b80c
6f343414
06815962
dc10cd05
4cedab89
d528bbbb
07c5ed24
30c81952
52721edd
0ae3c50c
b670fa82
04641de8
0fe63803
8974cb74
26a1931e
716daf3b
96fec4e6
ab2959f6
0c3f8f0c
42692bd1
292463dd
dfae1450
4045ec9c
106d26c0
314e8e82
34232e57
d17b5136
a1be4d2a
300a9d1d
f0abb231
1bb801c8
b2e356c5
9021aa0f
625c5368
01c8db38
b1db4542
48691457
99adbdc8
ade64e22
694466d5
959213e2
b9fe19b3
9d0d2009
ba62bf29
7b3c608a
cbccadc8
d3e45059
7b55c1a6
9720c406
64fe7da0
db2dffb0
bed61a95
5c4acab8
600e1b01
12611cea
82dba263
9e705763
8e764c89
8f0f482d
1cc1faf9
7a95029d
dd8066e6
30acce45
1df496fb
d89d1f8a
f3fdbade
00e757fb
a2cc06d1
e93e4903
d92db7c8
227aba61
5908f839
f1db4ca4
2992f587
7dc37ae6
f386cc62
1f9f0ad2
ef581e9c
9a81fdf0
6b7fe75b
7c0c32c2
2a2fa63e
8588fe22
61696c81
18ec0fed
b310791a
1dd5f636
4b627fdb
be71b437
31aa98fc
f8ec6451
4c7d0a7c
6b873efb
6fb5534f
ec4cbdfb
5c921b69
d8896412
2afd5023
34d4e7a6
3783c755
18e5ec03
93d4ba19
89c71ccc
a23de2a7
a6af792d
3a8c6c0a
b3f9f542
3e0aeacb
6102933a
a803b783
741ccbbf
76b11ded
8f394bb4
e4ee25ec
930f4767
bac1b5c9
c641ba7c
efb2829d
e060c04b
22c9976a
8dd8923e
280f1bca
429c7574
0deee967
ed5169d8
5feaa58f
5bf2cc5f
481ca9c7
e8d14e44
772b892f
c004ced9
5f885451
5832264e
d09ffc4c
f87b6be5
4426636e
1605ce3c
c734d87d
17667139
59719cf4
ce22c559
b52f2a18
609752c0
c922937e
a6c6d5e4
21a996e2
7926db17
61abd1f6
4d4fd9d4
e6418452
b844c825
15db39e5
aba4891c
ca848e19
45a471d5
a24e97cc
47362b4c
395315ca
f5397fc9
3da7b109
cfaa97b5
4e7f8897
bb11a447
94e0a99e
18081fe1
d772bd32
d6e6fef8
9eb4cb36
7c26697b
3b9cea9b
9df8a2db
b085b452
60e0aa6a
a1b0f360
b2ddaea4
9935609a
997cf5e7
4d577671
6ad8c760
3da6629a
ee3d89dc
f76797b9
c2301220
fa7bee48
207e891f
c1c91302
dd87d627
bd140f55
73b50ad4
27bc6480
2f935594
286af483
4b770d02
07192876
e58c7e48
1273e27f
37742f2b
3639777d
7b67800d
e1c02861
b5413dc9
faaa8495
a96f43a2
531d7585
7b8fd53e
7b40a6fe
91e9899f
ee1afdfd
41f94c99
b4a4ad7c
08fe66e2
0f1f1638
97d4728b
d211b347
e9f644c8
acc8b074
3205b490
11858b0d
2084d773
0499592a
7adab9e0
83d1dee4
5768cbd0
01a0f4bc
1c85b2ca
19823837
0e426c42
99c2865d
fdf92759
f9370904
3bf844fe
9b31903f
766cfddb
254422a1
3cc98558
eda44b62
df6037ce
e58553fa
3e66e7e3
0346af6f
deb9bb20
7371295a
14ae56f3
23db4da1
97ca8e7f
66f37e56
f759248f
79213451
33e97317
6c9df9c5
59c4aac7
1ef47138
cfb9a563
46d01088
9010e3c3
5292f4e9
9837f970
664e9bbf
cd104e9f
a0f99ab7
ffa6041d
2e482963
70a824a4
eec3161d
7614ca21
35e2fe2b
04e67218
28a7535c
f7038fcc
05804b5c
b272f3e9
de87acd1
bde18db7
264f122c
f539280a
a6c35715
56847843
dbd5429b
e7e5737b
e12e48e5
3d8b7132
c9e6ce5d
0a1b5658
6fd738d1
bdeffd5e
b6064c4b
b27c3da1
2ff4a140
1c38d88f
2daacc58
f08feeee
71c647ed
be613317
3ad31759
3909a79d
311aae25
98bda647
27a5134d
d7bb1488
d4a38543
a6c68877
01c6e6cd
a307e324
72e67b13
75160202
329a0a5a
46ad2f56
e2e3b474
c9c51b85
c57e20d5
87b1838f
ecb56e69
33e16f15
334ec5eb
c96d2d27
24d648be
bd6ebc97
060121b2
bc4844ef
d96684f9
7cd5f8e3
de78f933
af6a384a
237ec5fe
aa3e7a32
3d853bc3
786aa79f
7adc41e6
480d9515
6837c551
c03ad922
fcede069
990ef5bc
161fb4ff
2087f064
32eb37a2
01df616a
90f3bd7c
7359e728
254ade40
4fe881d9
7bb37740
97cd451b
7d97a9df
8fcd050c
64e545b6
6be0f2cc
2e8e2c0e
6067381c
85f5bb5e
43ee42b5
afe7923f
3e09ba89
c6c8779a
481e1e79
f6b2189f
515d1396
ca79efa3
6c570810
05a1a0da
8472990f
d9e63d20
a3534233
8824c4c0
43728972
7f091a42
585114d5
0579a4eb
ed35a995
75b62bc2
4f0c805b
a8819fbf
0788aaf8
31797bb5
26a46472
a56638f4
a7b00f03
6ad5515c
8509a400
8bbd035e
c952d915
3a492706
7cb11663
19a2d0dc
8694d8b4
e689ac2b
25bb9091
1d8ffb38
5f39452a
9b2dc299
58c7aef4
59d59b1f
96d1b77e
336b9487
53bf30d8
2ed80e6c
1512d5bd
918a0263
e3798a28
37db7b78
42740bb6
8bf16d65
379f2f42
16223307
e0c1ddfb
2c8d00ba
62150fb0
38429e82
b79f76b0
4fdcb86f
5e6c92ec
fcda582f
0e40747d
c1fc09c7
ea65b2dd
ea067ad1
3b7e070e
d18d9e26
8a104921
c43e9a7c
4cb0ceba
dba3c3df
b7e67384
08fbff33
b06e985e
7b1381de
67d6d362
8050bd54
114fd472
73d5899b
56699be8
fc1372ff
1c533444
cc32db69
f84e2c84
5b08dac8
d7501eea
b060fee5
4d2c6f3d
2ceaa613
d51d04ee
9cb3147b
9405933f
978faa60
93c4c571
514c2b2c
f9495ec8
2d484338
9fd603c0
32823dc8
290ad93a
f7915c3b
f5b0399d
6c02995a
cb481531
b973ab72
c4b3c6e4
392aea15
70b908f1
224ef731
816ed954
5302518a
ca827508
abd8604e
9a18dcdc
52536555
6d0a73fe
1097471c
7e7fb793
2e964753
a02d6282
6782f880
2c5b4709
c6acc14c
29390494
ef1115d6
21ef9479
9c1b0162
1b226d4a
5e483aea
be59817f
8c9ac190
dc019147
608a92c5
d72c2e46
3f647738
42393627
2414ff4a
6d01db7b
c943a3a8
b42e6722
8e23f976
e4ddac2a
b332407c
37936ccb
44bd815e
1c0004bf
81a9b04b
71eb8b2a
15c96445
9a911f27
1f95b67b
fda51ac2
113d9d00
e98ca821
cc6ebd84
de4b02c7
869af068
a171f07f
39050ce2
2eac1d0e
31fae63f
993d79c0
a7e9b136
6bec3331
dbfd0678
ef8564c1
a39bc49a
f87e4e66
6ec96f40
d48a32a6
ee66d01a
1a29be3a
484fad90
b87d27b5
0ce5e70a
46909e72
d5b0a577
8520dc6d
c8586b7a
d68e9cfd
a6bdd956
e1f00ab9
f86eb2ae
59311f0c
4591b6f7
222c75bc
6e8e0e97
ade98162
63531afe
0b2a812e
a5b1335b
ab92b09f
bbcad0b1
16c97e95
85b47437
3f05d274
1ae4e3c3
5c7df598
e6f51fdd
b69a0192
62550b63
d802b4f8
a5c84dcf
92dbb609
3f35711d
0fe14cc8
57adc89d
882a2777
60131869
7a710a1e
6820d6c6
9221a16a
8d2c7c6c
899bdf55
fdac5b42
30b6c529
ad51aed8
98e1ac6d
42bb3931
f42c1c08
2e28bc19
01b30f56
3c0b1001
8cd11aa5
b3243872
276c10ef
db56249b
0b4e6c1a
ca8b5efe
48b42fa1
0d43705b
c3375d6f
fdfcbfd3
a12aa797
ec3864ec
e7117927
2830a6b2
db093ba7
f259855c
8827098d
67471c25
fa9d7f9e
03f651a5
efef74d2
5419cacc
9c173c83
383d0981
729bbd9b
8b699a91
f409c4d0
4a075436
a24d237b
59c27297
ec290177
c7fcc7c4
660007b9
5c3dda1a
4baa48b0
dd697d5a
23f0f423
18a080b0
53ac4a95
d5074aba
ed2209e9
92cc375e
402436d0
e98cebdc
f2d01d03
fe9bdc67
1377d0bf
55ed60da
7616f50c
b0e4561e
29f28f15
febcdb19
436fd6f8
5151a622
7a957c96
0b401f5f
956c3a38
54ea9263
df42da6c
651a9c15
dba46cbb
671f8d81
10815821
c9ad01ee
c0fdb9d3
e0de013d
171d5335
23fdf9d9
c10bd044
ac89b7d0
5218853b
1169838a
4ed6508d
86a06064
ce60683b
9d3744b6
5efd6624
42fdd71e
bb1d4a2d
939d3142
2ec11425
bbbef2d7
a2cec32c
53ec98a6
59b1319d
62fc9068
0a9811c4
fc13a33a
06496359
bbe1ec98
f6f6ff4e
8406d20d
ce926c50
5c937bc8
6ed85ee5
7c7f5b16
7dd75cb6
8c5cd60e
5dcca7f2
36a9da24
272a7060
9c1077b3
ae27f6f0
9f22cc4f
9d560a06
40b9ed0e
ba2a1b2d
6331c232
d8b1c442
d2ad63cf
f100e449
b61b1c1e
b317e1b1
c25d2db6
74bdf78a
c434e74b
fb72ec2a
e2066ed7
7d1c037d
b174d7fc
54373575
7a85a151
57d26d71
e04efb25
c5552240
3f490525
9e3da7ab
ddd9c0e2
191b8c01
0b15852f
5b0c5a05
54368bdc
213d04a8
11dc7f27
04c309f6
42f9d33a
000c215c
22186497
13fc8ba6
692b6542
2e21687e
1f2f6ec1
18182c6c
20e23dcb
bc7ffa60
d72ff19b
2a4c8bd1
d1ac8dd2
464b8329
8a761f4e
a5844999
956726ea
e58bd66d
c303bd89
35c462ab
d39f83b3
13770e40
d98998f4
ff362b6a
333dec55
424f9e96
367e7bbb
e35af26c
e23200ee
040b2670
4c6c6ce0
f22a12bc
49f78d57
b004b2c8
445d94ef
a15cb002
62e438ee
01f874c6
8d88f429
12025b4c
a3e5db00
a98ecc93
ed170ded
9cfb13d1
22ce7b33
ec44dde0
4cfdd454
61c82a78
854d4212
2b16b7d9
293ff74c
60b7a292
53a160c4
71b0bc4f
0aa51856
7c5135fd
bbd6add9
4de7ac92
d613eff1
c2a32dbe
0b9569e1
cadb485c
a2245b1c
54bf35f7
20a4ae1e
84816ae1
f4fb27c5
db40dbce
bf79121f
b2d093d0
158d4a35
b957d411
0a999a2b
7e8815a3
acf09a77
ee798263
2ae17229
500ab1f4
73db574f
05a90b4c
51b0f570
a9475b05
3bd33f1d
b767bbce
f47a993d
976f1769
59a30051
d7d33baa
c9c14ded
aa6d8d5d
f6e093fb
000168f6
d9dbb3b0
149dd02d
ee536e72
330e152e
0aecfa54
1c726893
833d7b83
b09357c3
d60ca21c
22b629e8
bae83fb2
66513d8c
f7a579ed
43b67f96
fc99a317
cf08ed48
c6f70867
519089a4
adc02076
0bf90b95
8866d190
45dbf6fa
acd8986a
b1dd8f11
2f6677bf
566f5d1d
ede0bfbd
e2141c75
43d11a5f
59cfe453
0efd5f37
d9c48c1d
9761dd67
76ceaf12
86e4f872
1435abf2
b03cf079
e7e28e4c
1c27672c
1f7a0e3b
dc72ab57
f90f9617
ce01d96b
54d8b3ee
bcff1581
980682bb
1832d0c8
1313f6ba
fe259950
ab2b6c21
b097a572
565867c9
35cb20c0
b16a9497
0eb359ee
1bf19653
972a890f
600a43b0
97393220
dbe3d0b9
e1b16311
90119272
dd6c2829
39274d95
677ebc6c
76412772
0488980f
61541875
7f3d5e23
2f988a8c
ef7e27e4
f62f4c51
5ad814f3
60ea769d
2e19c1da
861da7e3
2698151d
49fdea95
74951ce3
b4a273d9
4495a53d
5d1693ab
3f5ab383
75d25bef
865ba701
e9ac06eb
83c9eb28
bc12d9b1
8e5629f5
469a658c
03d826b1
7d30f61b
fcd4a014
dd19cec8
b00b9651
807be5b1
661c01f4
a0bc14f9
0f8e6aa8
f03ebd8e
b977555f
35982125
cfb5a86a
31c2aae6
cfc06237
05a73879
0346de02
e61cca4c
27aaa9e4
5ba55d4c
3430b1ef
1a5aef9d
e03dbacf
d80d093d
072ebd6b
ebd6dab7
c48f62c9
6425e123
ca55ec5d
326d3821
f289ba04
8ea1f377
ae3bf097
ec4cf84c
ecbe7184
86f06872
1696b09a
cdf0b10c
f615b2fc
e49ed393
b55a50b8
cf38b23d
9ac40e5a
bf80790b
92012c6e
b5cae1c1
a3611190
c1b5bfa2
50bbdfad
22daf406
a50a927b
45ab9cf4
347d30e7
4ff562c9
51749826
2b9fd563
5073f042
67c9ac91
3ef146b0
a4994780
8b864eee
5feb12e3
08c0c981
65316765
1dfd28c0
d12a6943
9ee026d7
84c056a3
dfcb014b
e05db5ea
1e9caea7
35ccb138
268937f5
e3ffac4b
ed6d5450
0747850b
f5fdac05
428c4d5b
1d78d1ca
d3bc45ee
d4504575
cfdf9953
f65869da
9067dbc2
4dd89347
c50f9d17
ebb2d625
d7a61ba2
67cf36a8
bf727855
bc83cf65
680d7665
f9c400ca
f19a48b4
7b0c57e1
496ee3d6
5c915bd4
56cc6db9
3f4d1b4c
b6f857ef
a9012e77
cafb843c
4a509f72
cd02a5a0
4a403f59
911dafbd
ee78a251
8b526221
c6f87cde
b5f57f86
b0206e52
e8d7279d
25151e70
d77bb220
d82d9df9
b570b1d2
f9a5d546
6003463a
45f5759b
c62db44d
1b18c641
333a92bd
a5c5ef63
d292afc0
eb569f36
ed35594b
03f83db2
166b9f53
87579989
43d98d0d
ee1812d9
1a34ef28
a1a8d71c
dae46269
6a04cc6f
a9fb18f0
7187af25
c9d08639
3e4badff
76fbec0e
0e6e54f6
0e237b52
e631b2cc
2f9a9be6
710fd9bb
46f94e38
cb543c3d
d2766c76
7cf05597
7e7ca578
cd1244b6
842b2a0a
88e8b261
968fba36
a44acb90
7b34b124
62a81907
a71bfb7f
ed79a842
63099a87
4df4e96c
30af8bb3
5fd6079a
c108aaa0
53054862
99f68e12
c724a25c
f4e57863
59ea976b
c5dee49c
f387ea75
90d3e05f
d2994cb7
b578b301
d4f89908
af3fe468
85c1a127
eab23700
0b352294
0469178c
8e651884
1d81be27
b6404d42
c9ec1e40
d79a9001
545b074b
ba4f3f9a
56776bd0
3a95d8b5
dc3a640a
5e248327
6838df27
e71ab1fa
4d7b2e58
f10caebb
204d91df
79d57b07
35bb69bd
1a916ed3
3f1f473d
05f70a2f
7d970885
85ce39c2
4fc77974
2b4869c7
baeaf0fc
9ef4a8f3
b719567d
ad4b8f1d
543347fa
8a090574
d423034c
897feca7
3fbd587d
651b3f00
d79b2fdb
12d2ce9e
8b0f53e4
794157fb
40234b5a
7f983bbd
5d79da1b
bbbce534
21f6ee49
6b019233
3f0613a3
d2b785ae
21a64320
97fd0768
d3967f23
d9e2425a
c798a674
09fc3bce
3522cb54
ab63b7bc
d1dfda85
a8c108da
13fd141c
80d23079
61f3726c
e33e33bc
dc80c79d
cb91e8b8
65d341fb
451ba1ed
234a265e
7368bd7b
02a3901f
84662a95
f6f3ecff
a943c04f
a3e04af1
31bddfab
783b0f2c
7bcad5e3
e9d68906
ba71bfbb
08bc1c8d
af1f31f4
ea1c59d5
26cb7a9d
ceddbc03
51a55e1e
202816af
314afd28
9557ceb8
b4d84fdb
b8739534
7a3b6c31
aa355b49
ebee8c37
d4a11ea8
d7f562c3
cbefcdf0
23b3af36
15ce24ba
018d43f4
5288a3b0
1c9f9bf8
cb8d4d0a
87da304b
0a2a5214
70d53df0
ec255c7d
2f74ea31
0e98e968
acd0253a
59e95cbe
98b21d4e
4b4376c3
ac5273b8
10c108b4
05fddcbf
f3def12a
239cb683
ee5a571f
44547b7c
2d905e10
99791bf1
b89967ab
51e8d8e7
7a13e49b
5aa1eb74
3c6117df
cb351b23
7473844f
57b8939f
60e2d118
85c9cc68
bab12a5f
3618a095
49bc03e3
b60c790e
62756d6b
11b54aa9
49b56e96
e0152761
f0dda9a7
766f1f7c
7af23362
4f9154a5
d76e5918
59757f78
bddcbd50
3ffa66c0
aff08031
9d360867
836facb0
488c3a9c
945de6fe
bf389120
dc80f741
c9eb9489
53341fbb
50eddafd
d0f394ae
a4e59ba9
7e581973
24bc41b3
e758d92b
01311d1e
707812ca
30f2760d
e4eae904
ff9957b0
1ccb225a
4dbbfbf7
369e73bc
a48eece7
b15044a1
f011748f
9452cdaa
c2208e2d
9dc18acd
54408920
9bfcabcf
2aafa30a
a7784006
22754fae
0d39f6e5
f65df503
0a19f61e
7dba57cb
bd0e8c3a
43e42429
20d395fa
6185f08d
e73353ba
f7741200
ac12d5c2
5f3ddbbe
c73c8aaa
18c43df6
8823f79f
6e7a7a2a
c3d6b564
7b1e205b
9b9b5ab6
b4bb48fc
16e11f87
14be750f
41dcd6b4
514d9b81
56c84d20
6cb47a8d
047e6d48
dc9d5483
5b9bae7a
ce8cbd91
0bc160a0
4e47bfc3
e6ae4fd3
ea4c991a
235979b8
f47706e2
1cd158c5
78d5229d
ec886525
94c6507f
a857a8b6
7107ecfc
e620678f
310f006e
97636ecf
c5c22ece
1c3826ad
caa9cada
93cf4a1c
8a395a07
646becdb
1e632219
f88a92b2
10f94cd7
61fc2f5b
17916d07
f672895c
84850295
9157aafa
58e808b3
419afbec
c8795e9d
0afa681b
069a5f91
a6271a5d
0f3d1e20
857a7a47
796ac2bf
23176323
e482b6f7
1a03d649
0744413c
b4ceeb6b
291be58c
c704ee7b
515d4779
9ec273e1
41c76202
67e49f9e
c92494aa
88572b0f
58a957cf
9fe780c8
485f0c95
1ee8807e
6843d8a6
92f67111
7c56054e
a388539a
84563d2f
3640d909
832f240e
fedcb4a5
69768852
73d98143
4e912dbe
c3b3ab0d
5917e1eb
40ecf22a
e50a65f1
1aaa767f
a603a456
dbc3f5bb
01b1b478
4cf209cc
85e1c156
19088dff
4706a9c7
265c6344
2b1044c2
00efb863
9224c169
c3eeb750
554abfba
4afef485
f69db6f6
b9751395
64acf64a
45640a7b
1c9ae412
0fb77138
8079baea
95bb92fd
a694c344
0d09ad99
e0ad492c
2fdcadaa
9e2a296b
34450a87
46986ff7
2d57355d
f460fbd4
38dcfee8
be3306a1
a62deb86
a08fa782
029455c9
e3e0aafb
c19b1174
4d52739e
71d20972
f0617b5b
9bdacc1c
b4fa3492
d2584fc2
a9d04251
89b13d7b
7707511c
c814b1c5
229f4d96
8e61332b
606e5c59
f294a290
fc3290e2
fabc7c3a
e23c722a
52bfd53d
7163fdf2
a8b94729
b9dbef11
837d9b44
723e000a
bf0bae8b
dc391d06
8b0d9a86
ae145c70
f6064365
c1d4a230
d6b53d95
bf4b2827
86e3abdb
d3ce0a55
1f99dd2d
089a15c0
7914172b
78376233
e18ecf89
775e7d17
d719d815
f0db93a6
f31363eb
5143a5ae
b8ff913e
f74d0dec
e20209db
b020412b
a8bfa3e3
36684577
44cca06b
1f7010dd
03720ee1
2537790d
746de559
57c4ecec
5aa66d45
72df8f2f
ae5ea4f2
eaa0afd7
9ddac57f
a9721254
e5d03795
169b06c7
9a501700
8e095235
78dd21a6
9491f023
21e172e9
6a55b0e8
bae3da84
a048eeac
61d840f9
3ced2c7b
74226d44
6511ae00
a808c801
b7ba8e13
f912275b
e6e29be3
268fabf3
1c5a62f4
666c81b7
051ed9c1
6060b507
ef185afd
408ee111
f590ea26
befd8805
157e40c0
ae70aa14
a65600f3
e3319f94
dbbf2b6e
7d403dc3
6c298476
3065408c
0921f7f4
f0bfa3c9
2fa7d2f2
9528a4a7
4409f177
ba885100
2515e66f
5d85f504
201444b2
9d58396b
787afb21
016711fa
d8c3130f
c2185d49
b5952a8b
d42c55c2
d783330b
dba6690f
b4ab2298
f06a34ad
db715213
08d25bb4
bde92ca7
dbfb4e07
8a6df7e6
9992b659
7a392f4a
54f01d14
61c8ea7d
c94afe5a
bff80a1d
83d0a3ec
a7b74b73
ffe2ed06
12ef6dac
0ae38220
d5888538
0ee8df42
90716c6c
539cbecc
3085219d
165f88a2
fca71f68
cc5830fe
62851305
2458e671
d93671f8
921467fa
e23a0bf0
5a75fa3a
b6be64ab
dea3847f
fb80481d
5d0051b1
aaa1bae6
f06de416
a7f6b3f8
236f7f10
ba2c7e50
36e0625f
9404bbd5
73669d1d
02c091b2
6553112c
b8053e7c
2ff3c447
348894f5
7da28fd4
033dcf4b
85942811
61fbc9a4
96826c63
d70b52d2
71396738
731d0b91
cb6b1798
9f485c6d
ab8694f2
47ed5927
6d15b0b5
e752b477
7f16655a
dfcbbf0b
caf81d23
d6a16c4a
75e3f375
2027d875
41c6cd82
edefb074
4f87756d
7d5281b2
ab0737ce
14d57b9f
abd98c9e
79d3d8c5
527d8557
76a27c69
592b36a4
6e4b8646
95e7b193
78d31147
dac18e1f
4738ee97
14788613
9cb6c0de
d1cc101c
aeeaa9c8
f81f1ec1
771b9ea2
e1783eed
76e82424
3a25154a
055006e5
80239c20
76a2a1c8
4785f5d2
83af77ba
39c5cf6b
56a40583
01afa261
42bf7579
dd8e4ab2
a0488973
aff92eb2
ab498aba
d441f427
70cf4fdd
1779d044
fa815e32
f8cc61c6
7a250ff0
aa1a2870
19bd1a70
01413c34
7e068d6d
7dd79475
98f4b2ba
490c38f3
405ca046
18270110
c8eb6582
c83d4904
3c0e9bab
581953a0
577f6074
11183e37
d146c27e
d20d1e4f
b65b05da
d5422ca8
ba5a86cf
54107908
22f61308
d2d790ea
2489251b
72936ed4
d2085358
c68b4b25
10324eef
244ac3aa
ac28725a
a5c881a4
1cce58e0
4cc37696
38201070
99f6dd5a
a9026c9f
1777fcf5
35222443
c7cafa27
8124dcf4
118f1dc6
e6f6c274
5a1332d9
8ffc9364
9cab63bf
bbb895e1
d5b17775
8f8f9539
c9c27c31
333791d8
b857eeed
782d325a
060d45fc
6c16a948
25ca5d8a
87c011df
f83e0380
3189b896
1822d4a3
de41404b
eedf6e98
eabd5400
b9a94baf
d7059838
2674b3a7
db894b26
39ea1d93
464f148f
cb147013
f174342c
2b8216f6
0a583f13
b5189b1b
cacf88dd
7ef42bbc
96f8809d
dfaa71c9
0e6d193a
7bb6f30b
756e9bf6
56d8dc4a
3102e5cc
716628cf
1a9f56c3
c7954021
41e7912d
9861ff27
66d7b774
88c2e643
d9db8449
e70b45a9
9e041ee8
139abc19
6c2c4d6b
b263c3d4
df78121f
122987e7
c89bb3d0
9a47e954
a623f113
1db4a26f
fbc30252
6b2d794e
22fc2925
82324ebd
8c1c0569
10e7a85d
64e723fe
e1ad534e
5cb1b14d
5fc300d4
2a960922
335628b6
7f188686
38bddb18
09da4b4c
6189ef1b
42c3f551
5a58e4b2
b961b004
8fe30fb6
78a5240e
11357064
2e7368d7
e562c7f4
68d12583
dbb628e2
cb832871
6be61c11
6fa5e78e
c2649c7f
a99564b7
67b06a9c
5d12ed91
96011013
c2f082f0
6dcb57df
d34cfd5e
61f8a476
03a05f57
a2e3b407
855ec061
ed4df44f
8b9039c9
89f49860
0ad5656e
229af381
e46113f3
d09d19bf
8886382c
272fd838
62f1cfaa
3bcef66d
1f601dd0
3a88876d
ed2833b6
c752d873
d2d495d9
b40a5f87
4a466202
a046a41d
cf4b8b57
12297ccd
05bb5b8b
7c838e9e
c769d107
5e7bf800
42af8310
d5c00749
cae0a251
170a1bb3
8995087b
295e2b7c
20a169be
0816d191
ac55d5fb
b097ce76
aa62b3c1
557b5c31
bc6e7483
a2e112d3
7f904d55
2e4dea4f
f5dc129e
547a442b
02b0396d
68a03858
8411b5f4
9ecc21c5
c9feca94
ea468e3b
713f347e
746e6ab1
74ab06ed
878af636
23275d40
6094102a
c067fc28
9a26d9fd
2b20ac94
2f8ad6ee
ab245787
4f499495
9fa84190
22796b46
1c34b1de
67447642
5fea552c
154c59aa
c1c5ae32
6d44eeaf
c2e6a23e
43e946fd
62570adc
390ee4e0
886e3a0f
702c6541
5ed24e7f
a7390bbc
97688c3a
c6a34faf
24998955
4b2ba501
c0c98047
928adadd
98759233
7a804b35
4c717675
cd1c47e6
45a9a9c3
05c871bc
ec105bc5
afb126f7
d1ce8055
974ab20b
b2656cfe
8c62b058
4d599235
43762f74
53da995d
b951f001
b1c20524
e6dd5e65
c8cecac8
dfe66542
f29def56
ab2ae321
5e68f4e6
8f7af6f3
7a2b99b0
5df670dd
5bb7a6ae
9de05967
85e89f41
29c9a2ad
52dbce34
ce20bb02
aba340f8
2d3f5c61
9d3136dc
fb5b905c
5bb25962
b4b37750
a6c49248
fddd2149
db2b2bbe
102dba7b
e46d723a
56692d21
14836393
559e6933
a3678a70
9c2c5bbe
0c38bbd5
78ce2c11
62db4200
91a8eaf0
8823a70d
cd6dc5ef
92ed8667
1843408e
d019082a
06577adf
a50e804e
11dbe9f9
4a3f4cce
a73287a3
240a8fe8
314f81b7
2fb8322b
391773f0
c0057b9a
f69d8572
3893dfe6
49505dea
98a62150
c0e4164d
d9b565fe
07677a45
47051606
5ab8fd18
021d8bbb
5823929a
326d471c
b12baa60
2e039367
a3c8c209
21215f45
ce5c5dca
27f48391
6b42d1c3
3366b722
47f50d09
095aad4c
401ef82e
96780e80
6051d13e
37ffb62f
72f4e255
50f74bb1
288126c2
16d79a43
cf4c639d
1678cbfc
42919d80
734aa5cb
adee6555
4d220378
13a7d874
3d619157
112954c0
ae7e9f33
311f2594
dec02de0
442bbc97
06fdd1d8
24f3e251
94f96de3
54015be4
5c597c27
b0c36fa5
07835063
e319b5b1
12cf0982
031a6530
aacfc2ed
50c7f9f7
e1b10b7d
90f161e4
51024518
a8cf504d
ace291cb
692c36bc
38d43bd4
419cf691
3d4c7785
b379c07c
c37d2ce1
c2751607
2f9665ed
644b0441
cf651133
1472bd74
a8352af1
b1da9245
b4330a82
9a5c7600
d2bc8a80
ff1fb6d7
d9d0ec2c
e51a01a7
9dbb16f4
b6e3f03b
43e186b0
9136c836
02c26a89
273d0ebe
9428ea19
0951a39c
7d6f7ec3
b939325b
db5926cc
d2acecad
34d8d64f
64462d34
fe7cfcab
13bc1f58
36f18f26
07652cc8
7908ce16
a952cd7d
88cc88f1
9e810efb
a94648b8
d47efbe3
42e5ac00
75fec8d7
7fbd8c78
3953278c
33e30ce9
b3e5d8eb
8a35e9d0
b7e3a709
a402f71d
5e24bf4e
70bbcd7a
0a8e8ba6
aef4d02c
3508c07e
7feab1db
d21d1de5
d74b5ebf
6e52ca64
c2451653
e6a0ffb7
36a96f01
651c9800
059f8160
fb2d5063
4a367a7d
5f8316f1
a863b55c
e5c187a0
cda13b0f
29550892
354e6607
42a88df9
c9b9d3f0
99c5b9fd
b9b5595a
bfea37d2
d15d5f42
45a5cee3
a6252da7
b4611c9f
108a4937
9dbeaeff
36cd937a
0ed6e720
118f7a61
e7cac9f5
cf13a3ac
3e9a0832
876bd440
4f8f11e9
de0fe1c5
bc5aa46c
d883d254
a59be60c
24a74164
01430f51
45b1358f
547e7c0a
69a4161c
23859702
4d02f7a4
5e05427f
be2d7aea
89707d9c
ba2f763b
811241c4
9bb40476
bd57c4da
0fe4b8e9
6b7c6a57
00e8c235
72dcde70
9edcfd85
74f96faa
0b5652a8
e0a3a638
0eb6bc8d
0c51bb35
01fd8fef
a37932a1
ab212d75
e23a4d6c
0a337343
72697402
ea22e360
4fe5dc95
c075e555
455a3775
bbf51ac9
66b42ad1
180e79b0
db95a677
4da5463f
a4f301a2
9fc3fd55
72df9d14
41730aa5
aeea1e61
364d6b41
6aa4a2a9
ef0bb5d5
40a96d9f
16e45d19
175c6a9d
aa2804e3
6e90f43e
af569862
a4e6006f
822e111c
e4da985f
81ea234a
51193e89
95532b63
2e2bac75
351841cb
98044c3b
e11f7205
eaaafbee
d2c48f64
bde0c439
9e9f35be
fa727181
e0d016a2
2cd0f0f4
57623ccc
95435e44
42fe4e52
87edf5ff
09776852
077739ea
41a7cf21
4dda1fb5
4b828c73
1f09a7ed
547ed404
b7329e59
a32ead4e
e3ca9734
34f3cb6a
f15a0971
03cc6ab5
07642d4a
a1b77459
5e645abb
312e4a16
0f0bd32f
e88fcc6b
3ced3d16
d53fe797
1c47da86
6b29d34d
1aa7b72a
065faa3d
c7f23f3a
0140cad2
a7301fdb
54e88669
6ee15efd
d3e43185
3b4a91c7
a6569826
c9fe3209
b785bfc7
2440ac3b
812811c3
aa73467e
7fcdd1a4
1048e94a
64c7de9c
ab1a52c7
0491a3ec
18435e9c
d22d8894
d9b36554
eb371510
5f4f2d7f
f8836022
b004f66c
8cb05dfb
050f5da3
31fcf877
3ab0ba2d
c73e7d3c
2ba316de
158deaa5
c325bae4
c232dec6
5a780b3c
6fbbb479
7fa89f69
5d426d64
37404f08
9bff4ee6
cbdfc79f
a1938030
5847f789
379f5075
5bedeae6
3e49a997
a29e69f2
752dde2c
6f53576c
b18e066b
717bf49a
df68297c
779e77e8
52618bbc
c804771c
5d8d1b08
c722093e
9829cdef
c5d98447
6811abcf
26a7e369
6f48afd8
584ba113
b622ade7
f908865a
8a581a02
19f07d2b
4223bc71
ee2e818b
c4a545c1
6085402e
95289dec
e4bf9e10
6c4ce67c
ba8809eb
d08855d2
f21ef59b
25204a81
cc95073f
dba6a7a4
c137c8dd
2a6d66b4
8a430442
f1d44f9d
5aa6f901
e18cd308
a079ce76
5d1f0621
c5e9d2dd
e5c6cff2
bf7681fa
b5e7fde8
231a6c5c
5f650123
e1449b67
4c3d978a
4a05b788
538cc895
5a41722d
e6ef51b6
a06775af
f81c2958
82b9da8d
f9adee93
b7c58142
96e53fb2
00efcdcd
5da0d791
337d8db7
00d9ade9
fffbf20f
88f9fa29
1f0dbb86
d2ec4152
1207be7d
3179d462
86da8e3c
2cd1278e
a9053438
eb1c8a8c
67cf1ccb
e36623de
19e83c09
d9ef06d0
8888259a
5544f3b0
ddffe7c5
591bf87e
60bc312f
77c29897
fb4a90dc
ace4a9b4
4983605e
78983e28
cbe103de
2be85b05
3cba8ef3
eab59382
e9a6a4ea
42570215
b9c7f536
8a696ac5
6ec2a24e
dae7fb5f
c0e9b411
eff154b4
4fb94d9d
678b648c
f7fa5251
3f6b0992
b5aeed93
7733494e
cb09cc62
a3f03e4c
8a426cf5
66c5c54b
b69f6808
10a3588a
bef7351d
bb1f71ce
ccda8c64
6c8497e2
af7b0859
ed8ee270
28ce5331
22ebe631
7edd1001
ed330339
2e33ec49
44d3b2e2
8761b57a
c1ce701e
8963ad61
e52a8339
5f90c6cc
98f51f8d
723a88be
ab2083ac
62a84ad6
2769a38f
20145ae9
d3d6e212
811cc18f
f1fc6730
f726d666
aedcacbe
fd4c05a9
35a96fbf
ecb645ea
be4f60b8
78bdf709
2485aabd
d727b0c3
041edbfd
6e74c415
71f28c62
7672e6b4
a4d3014c
e47b5416
d7e6983f
784f2e32
7a85a461
b93a25a7
793dab47
755fdbf4
a6f0940c
fe887bee
096ba460
c086f609
4f52dbe2
6206834c
044accd1
2d96a922
e2c8666f
23295f97
12c7df3d
ec674f62
1c629af7
464a2520
c24ef0f4
64de99e0
5c397706
deecf4b2
7cd14974
df731fb7
57b7a395
b6307086
e40988f6
67cefd0b
e0103d64
9486dccd
0a9e38c7
0ec233f1
95b5d1be
5fde22f3
e7927435
6d62fc21
d51d01ef
6539c801
850bd1af
864e7859
28c10c42
e3bb1163
c0f6dfe3
51507ee7
1aa6d0f8
93f3ecae
4d0e63ce
171b160c
a611fd64
eb9c0562
856a3fdf
9524a671
999d7d9c
b88e3ce4
d8882617
bc3078c1
24b5d587
2f4f13d7
0e5e0174
096dc387
57644b16
14a33f38
918f4f24
c793b888
10a2856f
9e084de9
e56bf7b1
91db8021
8690d47b
2f994119
3fcbc766
7f654de4
3d682c86
e11ea13a
fb412c42
75cb669f
905fe42c
7a7d6118
84103ed6
c1b02d0d
3819d921
a79eebc2
9ff241cc
3c406d83
4508199c
39672229
9f992a36
dc673875
9ff26e26
144a4d0c
98ce804b
ff2f286d
02ec42b2
2e114102
4b30907e
ff45c986
8e992fec
80a2ee80
dc291c88
bc9b501d
8274dce4
ce8dc577
7f632cb1
76ab1ebd
c433138c
098da3ac
191644ed
3c309738
7ebd5ec0
0ccf505f
8b4fe719
c5f096cc
f2fa4b47
f99df30a
9016e5ea
610905d0
a00a49d5
831f8cf8
6f3900df
f1232d6c
1ed5bbd6
a0aaf916
ac4e53ce
cecd48f7
b5296e17
712bee57
853e2924
9553575f
67478afd
b1c2b59a
303e3e13
13d5eaf0
67c68aab
7573beea
0b46406b
d6d31558
052844b5
a025526a
59d6e06d
ce1d7ba1
b8811fc8
9d08165e
828dd893
6169c985
c4727149
21d5a38c
690db22c
83c3068b
b4ada27b
cce29e0f
16754db3
0136db43
ab4dcb3c
df5853ee
1c8ffe21
a3532502
b653806b
3c568047
30dabe1a
03935074
de80d642
c42338ee
ab565993
206b713c
d529dcdf
ac3c8cd4
fcb08208
07bff495
2c2875f1
b7056c2d
02d1b884
2d9a6762
f1f3e466
af19c8da
cd7e4c16
41497e7c
48f8fa6e
d3d2af47
5afec3ff
f4488426
c76575bd
64824ea6
3e5683d5
b382d760
869b3336
4dd08ff1
240f994d
bbf10c87
e430fa06
d9ff7dd7
558c6132
d220b52e
5eafce43
82c6d9a9
36109549
3b887f74
cf9e3c7b
b77540d7
e017b6c0
83412c35
2a2c4f38
bf3a904f
fd87a82d
ffb8aede
e64cb56d
e83d761c
bdd351d5
0051a0d6
71136fb3
f0c0ad80
a896365b
95a45fca
5e0eaedf
c86f130c
bbad3f64
75e7eea5
59638811
42f3a5ac
d881ee8a
5e58496c
acedc8b4
cc6f20ab
17fa32a7
9e5548fc
3efa953f
42d71242
9992820b
d238294c
2e43d5c3
01acf057
ed80cf40
7594b364
05ae9313
d23f2b5b
3df3695c
2dfa53a2
7af33609
1638d4c7
ef547fe1
e881a3a5
d17e0c46
7d3ee767
f34e755d
76411086
fb53b968
d8735941
024494bc
9b0311f5
560fc688
f06d25f7
f4ffa6bb
2f3f9c6d
49202f8a
3c9e35d3
d127d908
4aa3fe67
cd9dc329
44de37d4
f65edd86
a772d55d
d0e3b289
e084b48c
679319fb
0689a6e4
3e90ad19
d6144f6b
06207647
0545153e
920ac8c1
d1b39e9d
b2f5f07d
f96c0a11
2c68759e
fb2b8703
a6966ddf
40281b2f
ade42402
bf0dc297
c90fa218
41226597
0f5515cf
02c2de14
05c1c4e1
df565141
a0574854
fa15966a
c6b86c60
a1e4a9c2
9052cae2
9676ccb1
43407110
1daf6a82
08ae4ccc
9e486eb8
1dc80f13
19811ccc
39115621
38529af8
011eb5f5
2b988f55
45814a19
922da5f1
72c4928b
4027caf9
89e1c0ca
c6df8ade
1a7c1dcf
2958bb3f
2f44b2b1
6d20d896
bcc3ace3
562dce40
82213497
bc9d6317
0abfda55
c3e077d9
deff9235
ed9f39d2
85f89718
2cf4593b
c9c5a01b
fb69ec36
0c0c9916
86bc59b7
e5fa4e08
c9f26222
f857c523
dd286a9d
74f4f5fd
bb13597e
0e72be18
f83e2efa
5b22fc40
998a053c
69ed54be
0399183b
b4617f97
7a352a78
6ff44e62
8e62d96e
38edf776
2fec9af0
8a2e110e
356f9814
cc9d31c2
b2e5201a
b54e49a5
d2ca93af
58edc3ac
6d401c53
a558ba3d
056f6144
f7c1aee7
c2c24079
f5e0d461
82ae0590
bc02d10b
e8b4ef4d
a198aa92
2dfaef9b
6b453aaa
431634b9
69b4880b
7e02c9ef
747bd5e9
3597ba13
3b9276bf
adb79587
092ab9f3
85e17618
bb42b29e
32e0cfe8
867e541a
bc1473c9
150854cd
dd7a0e0c
4d934d72
7bf5e956
682134f4
1e7db28f
b2410c85
76f9e63c
01613ab1
f6b269db
7bb9887b
5dad8921
c02416cb
f4677156
7182b68f
a5317a46
bdf4bff4
20b8f643
ff4cc18b
452ba505
db8852d5
ad5a2457
7350a372
003cceb6
c7ab4b0c
cb9e668b
4264d657
a44a1d07
bb956138
c81170b1
315f97fe
2b0545ba
bee5e531
5a4449fe
4a32168b
af32951c
e93e775f
f321b75e
86a273b7
f65648a6
4b3485a8
21dc236d
9a39e4fd
2a67f3ab
ab365e98
647c0346
bce1cc3d
009e2b11
7d65f166
7d46dcc1
d5d29f79
b11b6a5a
55a23afe
b28dab4f
604c57b6
16bc68b0
eaada4f2
9caeafd3
f34e3430
0bfaa554
a027d92e
22c4754b
9e862184
3226fddf
2a87b06d
916fb340
4d1447e9
db129adc
10b9b68c
e6b366a8
0d0a152e
c77f776d
115f8592
69375cd9
163ae34c
23cf96c3
3c91c4aa
71bdab4a
0b330011
91e980a3
abc7e1ca
2b7e2183
847f4442
9e613e6a
c90c046f
505706ed
41db2e7b
ec80cd39
4002994b
1d61d393
eb3cc94c
bd5b9c5e
5c075f26
9f018c75
93f0fd94
70c7c65c
fbef0f7f
b1600f0b
4b4adb5a
3b912a81
26ecfc1b
d9044ffd
bb4fb403
d48ecfc9
5de70c1a
a661b5a2
6b11efd4
ce62cf93
2751ddc2
704fc8c7
3670bf3a
05f8fe8d
8f0c166c
9cd6b7c1
70b5ba61
8dcc0974
5fae883a
474c62e8
f0de49dc
2544b9bc
ae1b9203
f3bec747
fcc8bc1c
aa1368c5
d0485929
09dc9843
159bfa38
a89866f6
4e5e10ac
d25b657c
a3a668fb
ec084a6f
be3847de
13cc18b7
2b05087a
b21afcc6
68d5dfab
53f825ee
1b3bdaa9
1bb2d2df
72192943
53d9e8cc
36f04019
c2fc7ba4
aecf1105
422dd764
3116f3be
bdc8ef2d
ee2dc869
d070a057
9f0f93a0
8423319d
23687a7c
b22ca32c
7bb227f4
53599a8f
8570fe5c
4391595b
68a69c14
f36c569e
ee41dace
651b73f9
35ae21de
c963092d
49231eba
4e3ae0ba
5083404d
15e6faee
1b73a3d0
7790b450
63498495
6d9a1067
5cc3df52
ae59f19c
84550e6e
7af33844
49a550a4
71d01e5d
a724cbdc
40e42c54
74ccb213
e7b8c98d
f52fcdf0
6bbea6ca
b80996c0
d28858c8
c2e54ffd
f6a465c7
7aa415fb
bfe9f553
0c43322f
f4936353
6ced7f76
4a3c448a
be901a53
576bd1da
5fa9135e
30662b3c
5512f81f
ac32027e
d664996e
d69b10bd
4ed03b23
61b9ca7a
74e7ad5c
ecf4b38a
00894f7f
f9debc99
78ca2efb
f3b5e0cc
c5623c0f
4f60ac74
0e4ef6ca
939b9d68
ecf6b8cc
8f3d77ef
6addf46d
6c1629ec
e24ec8e4
6157e522
c3581533
a4546f05
f4eeee34
7b44efb2
88507306
23d01163
c51e68d1
5809d4bf
969e4950
2dc5bd28
a0b2bf0f
b8ae546d
ff0bfab0
53efd79e
1a4acaff
ea82f0c4
b2f11997
b6929016
59316c38
b21d0dd2
fe6de5b4
a8028b57
d112c5b0
22c4f486
e11a0d21
9d8070c4
2df49c2d
f4acd904
ae7c2243
b15c7668
460e6948
6b96d4aa
bd4dbd89
a37b67d4
14bffa83
3fefe3c4
a6cceb90
e4f12922
e1962121
507e7f6e
680cad95
4a4e6a57
613519e7
1c9b4997
c891af21
acb40640
1475a6c0
2a701eba
65effb67
0879fcb9
48a281fc
2501af92
2e4d3c36
4bfb77f9
d4bee845
f49d5357
847ab380
22d15d97
96c2f19c
56bb3486
a1056837
65756e60
89059cbc
18155154
53aa64cc
b4f3d289
6ba86fc4
5be7bfc2
4a6a0639
307ffa4e
3e7645c2
c9488a95
656beb9c
394ac219
c2576f9f
67fddb3e
dd2b4735
582c8d02
80086758
5d366fdc
d2099ae1
d8c0cf27
dc7da75a
1869c1d9
901c120f
7be926f4
d70ff192
080ef46b
bfb97636
29253b30
286905e7
277158f3
ddd29cb4
a11d551b
930efd82
0e502772
4daeedeb
8c257871
9243f66a
15056a69
e0411f8f
6b4ff299
96497346
335ddf6b
1150ea98
23a6cafe
10d12058
6dfc2c24
8ae9fb4c
d33575b6
8c3b7ee1
f8fbd713
27306864
62b94b07
eed10dd7
371d7b95
1ae00cbf
65cd4140
919b5363
33db18c0
1f3bb9ff
ed921d2c
68a3a789
ccd1e932
aa87ad87
010957b2
7dd507ee
dd91af2e
d15054df
37eb730f
a46d2f04
9423c0ab
2b88dfae
fd713981
5d356660
a6b9c459
8fcff758
bc260a53
4239e896
cd7bc0c5
d46ee5c9
85e8a721
52678133
3db215df
7eaabc37
981c380b
fc9e30bb
6b143959
1906ebc5
c3b8bd2f
6a76deaf
f0a4a4ee
5c85839c
8cb90c2c
97f2d00f
567836e0
7b115236
0e2185de
55ff42a0
2e4aa61b
444d8d1c
ed084257
7c8244ca
9edaeeeb
a2c9fd12
f78b5875
d2a37d32
698ed904
ddd8acdd
fc052d7c
7b0f9ee2
06f6566f
55092be1
8bbe3e6c
d1b3ed85
35bb90bb
e3c1fd25
d6a4d519
2b7a0790
498beb23
67db8445
12f81291
ccddcf55
95b5325b
a7d6a098
3c990546
2fc6533c
7150b22b
30ce44b8
2d04ff0c
cc52302b
c29acb99
53d63382
c99acf3e
a89abcb0
3360ad11
55fab58b
512bb936
64199a2d
a3a894cf
6f1c46e5
2e9254ca
b60c30c0
4e3eadbd
fdc074a4
01aa26b1
51e94097
f6ede8df
6017204a
c10f5998
400f4644
d13f3bfb
670ea792
62194295
ed92d62f
9cc7aee6
33269c03
f3f8676e
24b8cdd0
c17bb53c
e44bb27f
5960cfbb
9204c730
861802e4
d24b9f57
22d34808
887442d6
3505b101
84cf958e
4c1c966d
9e9ba56f
5669cbce
928b38e2
d4cbea48
a9e3b4ae
05c27197
549d3521
3fdad2d2
68b86418
d12412a5
e3e86bc0
4371fe79
47bf16d9
0359a94f
19b09f05
abce8359
9b770fe5
b4111948
cdd2d6f4
8d890e01
93d2086b
27b4564e
16a2e06b
77bdfee9
d00aebcc
bbb352e3
339f5142
741149a4
ca819b2a
77143f1d
e94b9553
d10ef91e
dbea178a
5e4c4abf
c7108a4f
f87cf1b8
77dba108
c6c59e08
e68a88d2
6fd020f6
eb85c10b
2f4ee257
5579093a
bce0fee1
cb44ed7c
ae9228c3
d0317a2c
7ac00157
a85503f5
5d9053f0
7b26df7e
51ba1749
210234c3
131f9b89
0aeeeb7d
ef41002f
9480c6a3
4a45d40c
607e76c0
aee905ae
2f4ac914
04993f4d
3f540c5b
0a621e26
9685ed65
e0b80046
dc690d48
af5fdb2b
aa02dddd
33b43b76
bf8717e3
ec492dff
c4ede7e0
b9c23cfe
c140fa37
007cd8e6
9dae8c5e
9dddc2ba
93c7e24c
5ad372c6
223044ac
3e13c4b8
06d7e63f
df6470dd
577a3bbd
d146fa49
5956f56b
58f6fd78
a8baaeb0
927c305c
3f604594
1c7f7f1b
84c8b79c
f8a69b5a
1a741919
c227b892
22c5ce56
ffda451d
32377bde
df1c5ba7
9a8b7c1b
2a3ac5e6
382a865a
85fe7541
64bae410
ace13c35
23d702e8
abd0b4a8
49df9099
b4938179
1cb451e2
42040a4c
0a928ee4
54359602
08e96309
2e9cd32e
06b4266c
cccb4d15
c4694bff
dbcdf500
6ce7017f
dc5e68dc
7b7e4f03
4122e8b7
f3b2fb1f
1045393a
c67d910c
ea194c1f
3b72248a
d6311a42
70a819ba
ccdad432
d734a1cc
e68f8a00
1fc6bc41
1a902165
5f1d6e2c
8a82bf73
c7d803a1
9ab5b6bd
e83a61ff
423095d4
ddeb41e5
fb3d5600
486de83f
779e0db3
f49237fe
d16ffe6a
26e9aca8
931ccbeb
6a2c5b0f
acf65abc
25b4747f
56d4cc18
0fd44e4b
26894e63
9e548392
d1a092c8
c75db308
91497b90
f63e2152
8c7c5516
5d71759c
4b145e0a
49515b1d
a1b0168f
011549ca
f0ca76fb
1b372f59
7bf11f8a
945c9e72
4b2f5bb9
4b1b468d
40eb1938
b52b3022
dfbf8786
63aad140
f27254fb
1ab0b9d3
e9066c4c
7c0f6ddd
b274aee3
d369260c
828553a7
215dd3c3
380076ac
28a50102
26369a8f
9e4de21c
81b7bff5
58369921
5019f851
be7bda5b
6a1c4a0e
59b6d177
5149d13a
5916f606
1ac2f9d0
b77c6151
d448ea2a
69519130
75296153
3a24646d
da660a5e
ce9d9c5b
f988186a
7364fd41
ff1dd670
cb7d9489
d624e860
853f122b
77696c78
25077b91
c60b8828
cc70edd9
07547626
6c87d23e
31af1105
d4cc308a
b1780ecc
cc97b305
7f98d476
d699f2d2
0db3fd29
2b87f4bc
1db3d591
ef047edb
d02b5860
7a79f079
6ca1f768
23f98c97
0fec448a
b19edb7c
00cfcab9
2aba2435
9bae7296
49c941b2
d03950da
0ff4db94
a5adb1b8
50103d08
84b7c344
23a65c8f
ab9a9f32
8ca83735
a30da495
2845e797
739fbdd4
c43ac420
58b28b02
76a9528e
4091e0b6
23bb32ed
889a540e
298da579
b7f79241
d386bfc4
8fd45ef7
09fb49fe
e39588e6
1a1bdb08
0c0394b5
1a4db6a0
ba31fed2
c9f7b636
4cddc13c
1a4b0f12
ca8fc063
0bba97ba
5cb82d23
6beaa44b
7d060eaf
5a3f8551
e02ca2fe
922451fc
04b97d35
99a13219
388fcac9
c00eeda9
0a1eb533
fe1ef16b
93f8b53a
355daa29
79ee3607
dd014a03
0a011edc
57009975
6fe080c1
808707c0
79dcde45
6f4db2c7
8ab93a45
37824c18
23037f05
ba8546c6
bfa9e1d5
40a1c326
efa577ec
234853ed
ea3b3d10
ae4df265
4bbd2ae4
f19185c1
ca264468
6e6f86e9
5ac79269
ec11a1c4
66ffc0f2
36997296
eb8bfae6
1695cb9e
71edcd47
6bfd66e3
59fd1c57
97573c7c
d100c374
e0cd5bc0
093adacb
12215c7c
ac9e1ae0
6abf1a65
4bdf6c80
16b1e96d
6cd8db51
10b04b63
1b650bea
9664aaa5
c0d06a57
bc706654
2a6ce481
f402bea9
7f412d31
fff9dffc
050ad4d9
bbc912b7
14f4705f
8e3de39b
2a681e88
7ea88170
51c5895d
34e178cc
c0eea817
c4f1be29
9e7c1e65
e3929742
17507aac
685ea31f
476dcd25
ac0f9e5d
fbd31048
2b0e4917
6b7e5c25
1ed66691
d88baeac
81d463d9
18a2d8c5
c8910590
9af36161
ffa0c8bc
69635e45
aed738e4
21b0ea8d
6abf3fb7
d08ff2ea
3f66cd2c
5b25cfdd
237d4f83
15683677
3f9cff34
821ad16a
9aa5a1ea
fbdebb6e
ba27865d
20f504f4
5c73b71a
fcbc301b
cb73f29d
b8a31642
abf32044
1fab2a29
d00cd628
9b651c88
26b99ea8
7892c34c
8967418c
4de1b17f
bde2a2a1
5ba69da7
d7314059
12539a8a
1ee27ce6
c3ab2fb7
4ff106ba
6376894c
47f417c9
47220a44
452170a3
18b2a111
d763e899
0b265f0f
1db484c6
0c6e6430
a4aeaba1
29e214c2
07afb773
4c12f29a
c0a33163
c16d4e83
c7b12977
5b0d46f9
a61988f6
86388991
209df67f
5a1f237e
c3560e32
a07cd5c5
afc5d9b4
e79e1d77
32b4334b
e5dfad68
6fc622f2
5702b8b4
5226e520
34053038
397a7c51
27df4feb
5ef610ea
cd5f54f0
5588ffd7
3f5b94a3
6bd54c66
b6a6c7a2
a8e3ab5d
5657883e
a5f22522
c2eeb193
73929c8b
85699349
4d30186d
1efba9af
c66dc48e
21b39020
fece50f1
941b0f75
4918e6c2
df085add
4039509c
ddc16242
08570fe1
68366201
a4b9e3f9
01ed783a
c998bff6
c49614ce
cd4bdc99
48fa297e
90cf367c
0997b26f
07e9fcb2
29545609
31fdbf8b
0fce1ddd
6b7c1b77
22ebe6b1
4f0c1f34
21f539b7
61019849
34887f24
5db30f1d
dd6feca9
926e5585
7aa7eac7
88898bb5
0d17aba8
3938584a
08bb6ec9
9aba3be0
86d580ae
16f48b2b
dd2b2bcb
fa2260d8
44f08fb0
2fa6aa21
1387404c
89894b44
0ef6dea8
f4fac6e9
1a55ef50
800c856a
be1aabd5
84546132
873aa5ec
090c56d7
a5c8c847
dcb0c730
bbc5fb76
03c26941
915f8d98
a5b67e0d
1dd42e5f
abaeb0a6
ac7e769b
7eab107f
9de6c2d8
a6d7bd26
0f6ec06e
6be948fc
5dad7c3c
c7de02f8
96e15e0c
a85361fc
3ff13fd8
1570a68b
f0a6da4a
919b51c1
18493b4a
093d23fd
65ae3461
d2614392
e895da2e
4a69af7b
ae7f6aa4
d47eed07
3c074752
2576b0ed
829a2372
db304e1c
b55c2c52
69abf6fa
50dd6b95
013f2eb7
cacd461a
29820bc0
d1b1bf63
a895ef15
843362d7
e6797b3d
08a7e671
74602f89
63e48d18
f260157f
6fa990a3
8b122b2d
3ecd78a2
72eef114
f587baa7
f0456d66
4b4d765d
eaf3b750
f08ac7a3
3043128a
7217d9c6
a9ef3715
ba73fcdf
2a351f2c
7de34bf7
1e2072e1
c5e8e406
450ae956
e206dbf1
2dff869e
956eba45
8edc8b1f
bff8b6ac
f9302dd7
0667ca3a
c2742451
8630ea14
9f40a79d
4002f3c6
28346f03
642a8cdb
24ecb9af
66dc05b0
a6f48fa1
98e5d42c
1fd60473
2a916035
42c6b467
5c3b467b
520e6ed1
ed33e170
dc0a49e7
f36816b4
099591aa
560d6c7c
be4cc25b
85a8a0d0
75bc4ee1
d748d524
b25f6081
325d598b
9deb157e
721e0989
f2cab71e
577ef4a7
7b0b46ad
f6f8bb80
d2af86d8
57659b06
688d8fee
9188a4d1
cc89cc3d
d5f44e79
ffbc9eca
b2e94183
e671ad08
f02b060e
c625957c
d548d81d
ce93449c
c0505221
d8c8d2f8
9e531531
8279aedd
3da8b137
754d75c2
a794457e
0a769375
33c84992
b23a0975
a1c8f716
28426d24
e04f2ae8
6dd9366d
c1ece82f
db21d553
a2a1775e
e7c3a341
16901eaa
8a82f2e5
fb59f0a6
736a1977
6b34265a
ace38405
258dcddb
f3f2aced
08629499
d8eaa3aa
97bf9120
58acdee2
d0a2623d
ef45e708
375d4e94
716f86d1
910c2c62
706a14c9
b484089e
514928aa
a108d94d
db58b4af
815a3d46
b3e0556a
b79a42a3
17ff51be
5c89b261
4232a941
ae81da8b
daa8589c
49a28620
2861d030
f4ee8c36
a3869043
430caa69
3524a291
a6b99ebf
00bc70ae
bfa95dc0
33f85035
dbf09561
640fce9c
cedcfca1
9f9b2d56
f6bf00a4
68262cf7
6810a5cf
875815ee
f1e80e1d
5124f9f2
8dfa2197
309642ac
49339e1f
a426c70e
efb18c9f
f5b5e16e
bc0e57d7
47330abb
5a045abe
a5a906de
4af11809
04ad8fde
f1d6e8f9
5e236480
3de3ca71
92a890d9
1c861291
ff84b245
2218ab10
42b5e337
f5470f8b
5867fe1e
3df90820
99044a0d
25b6ff7c
448073ab
65abd948
1eba6bf4
cd42b408
8a122074
ea6c3c93
8f7c11be
80d0698d
ae9907f1
d5b99371
80169510
f53e9343
1ca4b1e0
adec8129
02070b27
d8228192
4c3f18f8
813398e3
9e2be12c
9c32bb7e
6adea356
3bafa57c
04bf180f
77c885f9
b62d8c93
73fca555
fb41dc05
0485630d
b9de4d2e
33659edb
d303e3dd
e067661a
b0574bb2
f770d777
0bf06389
cacff502
f9aed5de
34fdf860
47670acd
9cccabc4
22e3e24c
61dc0f0a
e4057522
a484cab5
f17383e2
b8bfe22a
e8cf3946
04cf32fd
1a1bf894
9d775947
e658455e
47f6b5fb
875ae609
a3725a32
152401f0
84979b2d
e6e94680
92e36a65
ae20efc4
13749a4a
d4833c92
ce64fe2f
19802de2
48d518b4
f692e349
cf78a90e
e85e1679
b9895af8
7bca1313
22cb31b8
842d4252
5f00148d
f06dcf52
3b5d359e
c05f1a66
aeb31a9c
7bd6dc1d
6ad28ad7
a39337b0
6785c9b1
f7fe27d6
e1afdd40
ea809900
057a38fa
6c979dd3
862908dc
4767fb7d
e7b4ea58
984bd08f
e18695f6
a5c7a06f
7798abad
f42fe56f
b16cde5f
f3d2d4b1
89b01402
ba543927
89bf56aa
47d7088a
43d5c9fd
1b9474d8
2c12fe2c
2969c002
89654307
e593286f
2246eaa2
4658750b
766fe9fe
c6841ead
a90644eb
046119f4
4eff068b
6fd41ce3
115a4de5
be1f16ab
638f7136
26f24708
3edd5a1f
9acb1aba
88028b5d
29a4f3b0
857cd2c5
4d66b7a7
50d40d09
5bc8c3ac
bfbce9e2
b44342b7
7596786a
e1b0c349
f89add07
272abb22
f59f323b
fdee73f3
63612dcc
4e0412a0
1b15bd31
acf99718
b45761ab
400c42b2
2517800c
7f0f10e3
b39f9481
ff31e550
32bcf3a7
f35dc9c3
894cbcd0
3a165f85
413964e8
959b070c
aa4d2cfd
3efe0788
733d7dda
56e3f382
86ee8ec8
66766b3c
b530291f
745c9f12
3629614f
dc8e1a7a
ad308883
87bd064a
d8aa50db
c15c59d7
1f1d3e63
be2ff2a4
52256785
acd1e789
cc417c74
3a31a961
d0c2f617
1d509917
d945b276
ce4dcfcc
6b61d55b
f2350593
84c27a85
dbfcc8f3
2a278025
b0efe0f4
a9c5fe13
18147acf
f0d59b89
c64f3415
ca1f717d
08641cc8
aa572c65
221a69b2
bddd8478
bac65e3b
44f4e8fc
0e6b9b47
19444be7
002b1adc
82f17905
c08e359e
c89e5cc8
feae8ece
868e3f3c
de7bbb5d
b2939d7b
e75c75aa
339265f7
b4292fe4
f78d8c5a
bebb8169
f6cc6636
8906e0c5
b6697810
9bc163e0
d2db9566
2ff46f36
1ba14e03
1a87e108
720aafff
3ad020f0
bf07815e
0af24b7c
c8b3800e
e6398679
cf4a907a
84d7d1d3
98ee8223
b380a3cc
f1920ee5
b62df047
e575822d
50e83553
5b17c9f4
484c40a1
6f2ccf33
46c49a16
218b5856
8b01e0d7
7453d0c8
165d2a98
e1efbde3
b6165664
0a8bd7e3
bc7a4228
8e4ad40f
7098a0ea
2f314efd
2261724d
fb17c4aa
53f7cfcb
2aef6a8e
8debd060
03bdc273
7e1105aa
73f7e11b
67e80f8e
36fd71d8
86dd1046
68b5a615
9f1d4bd6
8efe8bbf
32b19dfa
8b33f490
a0a22e6a
2be85a49
ecd5f66d
7907c853
b5308944
a1021c51
2bc8c7e6
84eba84b
42c95309
1a1d5637
ea1fbe89
36500dab
3ed9d071
86534c90
eeb0da06
3526d252
1718cac4
66304c0b
7c16fb62
5dc72892
61f7e43b
f6c2df05
056034ba
2297f555
ce9c8440
5b655925
3e87f730
6ee3bd86
a8af9a4e
9ac39ccf
00bdd9a6
28ce0d3f
b0379833
0e4cb508
c8295752
d1a9c83f
ef33c132
e211d4d5
6171d997
dcec041d
76cc6b61
162aab35
fd945128
c3377fcc
a615347f
43aa0131
aa573157
63b1574a
a32d18ab
680a7664
a8e4cf31
9238b572
e987df44
957783ca
a7b9856f
7ec9cd4c
ca99f917
ff2a2ba3
65416614
00bf3ef0
9563b3c8
9096cfda
6e378de1
52b5c7d2
eb5025b2
28ec73be
8f3982e6
07ef6593
b53d90ab
474f1e28
e83c1e2c
902b5208
267e25a1
d42e0982
ef0aa282
42400e59
98531575
8757e2ff
76aa8d67
9aa9e03b
bd027a26
6294cfa5
19edbc30
89487c14
5b236cc9
2cd78b8a
e68f3182
96c16b46
f9cc223d
10ba39fe
8c6ab07f
0de5293c
82ab91b7
7e6e6664
4c3a2b43
845aade2
fe90bab9
282b3c5d
9de97868
9be08fa9
e3f17b05
6b5c6d5c
1e038b77
814bc746
21bfdef2
7073b6ce
c877e163
08b23654
f79725d6
1d0bb455
ac6c683d
99d00b72
50640fcc
387785c5
108b35bd
0c17daa6
a8aa0382
2cb9b664
79654c17
e3a11d8c
f185cef2
1fecde86
340d7871
2f1562c2
3bfb6fc4
6ca22798
0b1bc6bf
2a5eac52
3e640402
33c78099
9c377329
41e0af64
5838aa09
4ee5313f
fd067ea4
4ac73771
78bc9f6a
cbdfcb13
b0f22765
004b3e28
190a320f
bf0eef59
65fc9b64
2ff957ca
50be279e
d52fe91c
dec31944
2876d28d
a79341c3
a8d04d9c
5e3276e3
055df0ee
130637ce
d89dc487
dadad68a
f826fe99
9de5d50e
a9e1537d
3935db22
8befe65d
ba500663
d4932b53
5ffdeb8f
78e100b8
d243371c
9a06d8f7
0b8a8141
ab5af452
4749edc4
ece6476b
038a4bf5
301c08c8
a7ef07b2
31a2b9bc
01f642fe
64ce3f42
1c7c695e
09699acd
577311c7
b9e88a38
9b6604f9
be7e16e4
88d6ea47
dbb1b2bb
214ed779
05a4b45b
086ba9b2
28b21ec9
421626f0
7c48f70f
72acf7d1
1b010635
cb49c5ed
265791c0
58df40e6
2e730b99
ae8d2486
13956524
7fb2cd71
3e64d8d5
ce570e65
fd61cd92
28b0fbcc
fa9f93a1
f1caed83
affb09a7
553c49b6
7a21a7ae
b1363877
709abc1b
415b8a8d
03aec994
6501ebd2
336c2fed
ba087640
cb9390ac
07f3c373
e4d140ac
7d1d55ab
c6828095
adce138f
1d9d2bc5
8c5f70e8
1e4935b9
dedff189
8f373774
b4ccd881
3b6f6e26
fac4c11d
3588d064
6ea202b0
71de2852
5caa920f
32aa2e71
cab941a8
1f9af4bd
330e5d2c
e529c956
53031902
eba114de
9ede3db8
b6375ab4
489b8882
ae391654
230af321
a1f2d6e0
d9ecaf09
ea73c3a5
cf608a9e
5766c430
2c3330a1
7a9019a8
980dfec9
072e4b37
3b223caa
a5f28204
3e2cee3d
c7d96bde
961272d7
d79b2a47
dd8e68ed
5e263379
c4a790f0
e633cb56
98c9fca2
a332c9b5
16fd082c
6b05e587
cc3d4817
d9c4d74f
69d4caa9
99233d30
86a2442a
6ac08818
b18078d8
a77741a7
12f0b7ee
c77162ee
a156fc70
61faed99
01f72608
ea5d97f3
77dbe8b1
85ef842d
6396ba43
cad98ef8
39bbd1cc
61e523cc
f2a2288d
81ce4b95
860a192d
8bb825b5
0b1bc109
3d4d37d6
ed4bc24d
855e813e
cf2b6a36
62e6401c
e719991f
0b2dba2c
d2354241
688e205a
3682baec
3fa3e610
feb73616
ba354d64
01cd4803
b006def5
f48d4345
5bbdf63e
931790cd
8ff0251b
ed6cb3f3
82a371e0
94e57b6c
6d128f9f
acccf67f
57c4cbf2
6582af73
fc9a7aea
79312591
b047f9bb
f7410f1c
34734e12
0b787e2e
a096c435
da7a3f7b
f029c094
68ffa51d
9bb0cc98
9981bd36
e9097ecb
5f43597d
7c955259
e3d30466
ecb564df
ab8954bd
d9da5884
e3e85160
c9ffad6a
bc4eea15
349a48be
ed2cf0a9
06fc8249
cd47083d
8114bd4b
666b10f2
5aaca93f
7abc2f5a
2e33fcb4
2ebb387c
e473d03f
48b6f997
6c4b900e
a8134bcf
0dc8f8aa
23c97a3b
8d4a0569
1329e463
dfabccec
3d234481
6e9133e9
cbe9f673
fb1ee804
025305ff
598b6866
fbc89c1e
105c298e
de396e05
a6569293
e99b6177
f277ccd5
53d4aabe
68285f14
8c62f563
bf558d37
6118a626
eae20f98
382dbd04
4f585402
cfec5a43
56618e51
b84d57f5
d8e3ae91
10fc7ed8
25b0ffd8
0f98d245
97a30ddf
cfa17d4a
c91a256d
619e7ff3
1f567db8
15952b35
dc3e3217
0727a9e1
ea251695
35ad3551
18e78a48
29c6972f
6b80b9cd
99117edb
f8f7c7f6
3aeed298
807d889e
a7653984
d9be5cc7
54f139a3
8318cc10
bc0e591e
96383909
e910f2e2
6d30d7bd
f8dd73dd
c7c23593
9f26fa28
85df6e2e
7b47e849
84d40c22
0ccee520
1bc51247
5f4ac50f
b52645a4
3dd90078
4b2e9c80
039ec6fd
d25eeeaa
4fcbbacf
f9c38b0d
679ee00e
c5ff03f7
43791fdf
68741b4e
72e33e2d
008bc367
4f0aa352
dc0e7bdf
d236bb89
6503c099
a1e63cee
62003e73
475bd57f
a197170d
f3e3996d
fc20d557
39631071
ef13b432
620ca692
2016c893
534b6085
f22f0400
7d47ad14
0862dad5
bf57d71a
c9a77b75
4f3b537a
09eae771
758f04d7
de55e878
599007b4
3bb1320a
45e99484
268120b2
7f083842
539272e0
c86cffba
2f380015
51a64908
d94f41a6
08f3ed19
86a31c68
2fba842f
367ce767
1888870c
7dc6f1ae
0afa2844
cd4f4b24
d64df290
0b257f10
e37d6055
48eefd1d
d0a7e8ae
ea091ce9
9d5050d0
cd023c07
6ada1c8c
f8d42b6c
b86c272a
4b46ce65
9e8f7ef3
94033ef0
a6b9506c
48d88dd0
19fde1e3
d80f399a
6cd27134
7d68965c
05bcda60
c3c7f317
977c151c
e4bfa573
d0aa91e6
16c4a96a
3abb2094
5f73d140
4ca6c238
ced94154
5367703f
13ce6020
7aa0a2d3
4765d57e
d87a42dd
ebd23dec
5a7c0f5f
8aa6a746
c4fde43d
3897da55
a47511e2
6511037b
1af28ddd
d848e435
13c5f5f9
a22bd38a
ff9fb502
8c5ceb7a
4435db25
bab3d17a
ee62de8b
d702e327
66b3fd36
5d3dd2cd
0d53faf2
83726c7a
a404e624
dbf099a9
89257780
ae44424a
085bf023
79f94e7c
bcc41e2f
763c3d4c
430107ad
f192a1a7
6d868fb1
9ad003e1
f21c6493
b18999e5
14bb48b0
1d8d4aef
505fef53
67aee047
98a8bef2
d45c98d9
1cd161bd
2c1af5b1
70ecaed3
3cbc2ef8
c7a107a8
4807873f
33e33a8b
8031e68c
28c662e1
8bdd781c
09ca819c
4c7b7dd7
28cb12ab
3b859f42
b10ea3d9
b04001f5
bd7e25d2
be6e5668
18b5c361
e41a4fe2
ad5642bc
27f183e1
dc18b415
5de5b677
bb4eb8c5
c38a9bc3
1fba52c3
3ed1645d
6d7943a6
fdefb276
9042a5ed
752947e2
1c45bb0d
67898bc8
b301dde4
1eb461be
0e2e3028
6e6e1ec7
7d251a82
39852034
4e6295ad
d145a5be
ef9ca519
1eff35eb
7d645850
50757dde
961d2035
bea23171
baecf55d
fb4e1de5
579b7ec6
5631faec
1829c221
6a149ec7
fb4a6c4f
8da8569d
3b0ab1f9
e2d39781
f6f65ba9
96cc463c
69655b8d
4ca28adb
9d4aab06
f1e3a981
b790a027
5d9591fe
1352b7d7
f99b9356
06af7a0f
f9265bae
e18b3d9e
63acd87a
af7dd21f
c39239da
31e3b11b
2fea9fd3
b26f4d84
c09953eb
7b5a7af2
b6e85a98
52c7a129
5bdae9e0
7b59d72e
3f5e12bf
e445dd7c
df927634
3e70f6b4
8a81cbd8
da3d3005
187353e7
5353c6ef
4f1f1cbb
4ec3cda5
5d87c352
d6e9ff9c
d510db88
b2ce8cc9
5be44ac2
c0fe1e46
e8907849
c3a755bf
624b0003
d24fec7e
965652ba
e8cbe3ef
c23057b6
054cca41
6a2f4ca8
335df5ba
fd631a34
2a9ef3d7
c3194e98
df679a21
14ead797
8990d354
8de1f1d1
d8eded36
4ed928b1
f980ceaf
70491461
4e123a44
eab42284
d67c0da0
2b199f96
2c454514
91944416
8ee3af1f
18fa48e5
af58c4ae
62e1a1f1
63cb69ff
37326c2f
c337d320
f1cf4e10
48240da6
8e0fde75
85b9edc2
4344b822
cdaf90fb
ee8847be
81cd19f4
1fdba0b5
9df7d9a3
5b882ff8
ae17cea3
ce8a5c2e
20adf8dd
005ed246
86053471
e0b37124
d05f4384
d4088526
57e445c6
3de576d8
fccf3d56
075f15bf
2c479634
cc8922db
4fa91f02
69e18d38
045acaab
eb173ca3
170550ac
921b8bf0
13e8c500
235edbc7
53d89e4e
48ef680d
fb9bedf8
7bbb490d
e8d94c13
107e9a40
e3f2d6e2
c81ce0bc
f49fd511
b3a9e5f3
d9f6d58b
a3349a78
710414ee
cc6bd29e
dcef3d1e
4189a2bd
9f8fc248
bcbd7cee
a2eeee92
05876699
3b9f4015
cb773bbc
95d5d0b1
8cced72b
0e09de83
7946504a
31bfa751
a04951f3
e8105af6
14c5a4b9
a20e2a4f
f7179738
137fd20e
36273b6d
7931f8e3
8ba79cce
d59e1499
c5706233
3247d0c1
41ad244a
465df918
be53e1f7
4ca8fbce
d09555dc
0bb06fed
0e1e7f14
0002ed7f
0b257a39
2e8b603e
0b450700
ee708c7f
ed2d9356
e3da349d
1f7a7edd
dddfbcc5
e7fe4d58
7bf73d58
a55a1baf
821d7ddf
2394ae02
e51283ed
c82bde16
2ffc5c59
34d9ef1b
d92c7ce2
0039609d
d638ea83
84a697e0
5ed65b63
92bd46d3
a0e3eb06
960c6bd6
3cadc8d4
00795dc8
bf14a51b
3d897c4d
0eb26680
c581d29b
4d5d6930
7e279622
21107f39
59d37605
85c132e1
be6a392d
25a13ddd
0b60ef20
b87136d4
c7a358c3
9f3ebaab
e6d74352
045c7abe
b0f31810
de77adc8
85136625
38550a97
cbe2d0d9
37a32192
e0b1334f
603695af
89e1591b
78dc27f5
cdada839
754dd2a4
5cd7280c
7e4c75d9
1489fae0
b0f1f0d0
93c10ee1
c5ae7be2
87e072d8
22f54271
c9d6050e
4b923bdd
f7d77985
792a2388
e88cf67c
85ccc319
a95b4532
6527463c
4acf17bf
6bdf0f24
001431c1
19fcb3c2
981ac8c6
0a22be75
e2f7a6ac
50985d93
ff369022
c99c4241
9df8ba6c
345e46fb
a0c15811
3e182942
47dbd698
3959bd45
1ef101d0
83cee6c1
1c0a4ab0
65a5bb4c
3072dd8d
990971c2
ebd8c1c1
ad1ba286
e34cc85e
8fa801de
5dad110d
8f4fb54c
14a20b3b
4d121aab
780aab68
3cfa41a6
e991aa62
21e692e9
479dd9f3
72c6bb77
f758f386
96d40af9
3f79aa2a
7366db15
65f40966
7b493fbc
61c08b8f
e06aefa6
2ede004f
377c766a
7086e9be
40665cb7
709f9063
b5075e65
b58fec76
543a2336
1f1ba7e6
a5aae370
b325557f
4a4bcad8
d8d3cffa
76809450
5426ac1f
58893328
dc8344aa
18357723
c5d45cff
e1c488ef
4b01eca8
17826e04
f8a99f3e
32cd7a2c
cd307dc6
b2a94e5d
9ad7f14c
e38ec006
7c99fa88
9ffd3a6a
f54f98c4
cf9c5f02
faf07557
c7fa2661
00c09b6b
c3a3ebd2
b29806a1
03599f2f
45d3f3ac
4c6a8b1e
75b2fd97
7875f644
9fc5eb1d
a6de5c58
3fd80440
9d659b2f
5c28d562
f4cd3aa4
862ebe38
ad2557fe
27238369
c2da3ec3
99576b87
7df05afc
72a26092
addc07f3
efdb986e
e689875a
2ec1ab84
80922d9a
dfaaee72
48d90d89
dd68f3fe
0b062ddc
1c93fc4a
c72ab800
05f11adf
845f9ced
0ae91965
5e4a3055
a8c7f3bb
eeff7ff2
2b8e6942
8fc61f96
14b2f621
aa2a5e12
03eaf7b9
cc8c96e3
c0a7389b
38149574
cdf7c470
7fe5b11d
3422f9bd
a82bd631
882c9c31
e9059aae
4c434261
22ad5d4d
a71fc4f8
0de9c8c4
6c626e29
113910ac
a793c632
bff44910
16aef18a
b22830b6
b8a90c5b
07e6a58b
2bfd507e
d039b15e
c5f8c5e5
081ad7ff
2ab87953
8929d494
1a21df5b
4e6d0416
bc13671e
044846d3
37cd7abf
9f55eecb
7dc9946d
8193d4c9
1372ab40
a5ffd319
652f1cad
0c03937c
125a8abf
03dfb4a5
1bd9de76
6be1e897
0281aa30
2847a48d
f0be5cbb
bce5b8d5
aa3914c1
ebfc513b
5c8aea6d
56645cdd
35e21cbb
17c1357e
c2417fda
af02ae48
43bd7617
e23747e4
2b2308cc
6eb39266
b53c614c
f719ff1b
6dc9e1a5
8a576d78
2dd58326
ff47d953
0678f3fc
b44c4132
73dc5d71
e2bdbb5a
d8fc89f8
8dd8030d
843db879
9ee45ce9
16c00746
a0de2efc
8b493809
8b310ce7
ce2754e5
6b434480
a7e5a816
7f500584
6379ae41
4fa32ba6
404c6426
e002cc34
8b41ca5e
74e53314
eff55fd3
692a2b12
6952c167
a8302cf9
29a5b850
894bd4dd
5da7fe05
90ebb6bb
dac78a25
e9202520
94f3c089
24743180
58680d6d
1968c11f
1c7f7ea2
3677ec8d
10307e07
794e4907
8bab52fc
00bd83bc
d383d92d
63a1b6b4
0ed56c6f
65631cd9
0b84bf1d
34626616
85125702
2469304a
00610751
dca88202
db2cc9a7
f9cd7698
7d351d3e
1da382ae
751a3759
0d5e363b
dece4797
bf4203be
3bd11982
72d2246d
50059e3f
2763bdfa
f4777491
021de053
9c4521e5
c58cce84
89c7e3ab
fc2cc1f3
2f097bd4
1226e7d0
2301ce8f
ac26adfb
572dc7ba
b86ee3ed
49c15a65
256ec387
7763a3b5
7fbe7db6
4e0113da
be5dda22
4849efbd
388dd990
2e94a3c9
62d639d5
0546951b
3b90aac7
ea91a0ac
9f97726a
dcc3ed14
d88808a8
91857c92
f9fc4be5
c39f3216
f14a81bf
408ee3fd
a5bc262b
0992a5ae
0a4c523b
c9d0faea
90920d2a
e45b1e49
4c214c2a
b68311fd
ffdefb7c
08bd423b
bba4de6f
0e1a997a
d21918a8
841e6e44
4388e288
7be00a1d
22775ae5
64fe179b
59279393
aab94973
a713d11a
08119bd0
0a6ccbff
628c45dc
8c6ea25b
c4f0d075
814bd421
dc3a3460
21552b1d
9a08a5fd
351d9efa
a954ec37
99beae95
cf39bac8
bab1047b
b17a07db
b7ef86c2
87fc0845
43f11e16
db23807f
088d9212
5df6e98d
45492724
bb55425f
d3189223
16351d24
164fc098
254cfec8
47b9681b
ba162bb4
b79683e8
c452e2e4
58105048
76bf5734
804fadf1
fb229066
317ef2aa
5f19ceed
175ca097
639b54af
d919423d
ff114f82
2e9d39c6
5aa692a2
19bce5e8
d4e86a73
dfc923c5
05c9d9f3
08d4a1d8
1fc53de5
eccd932c
38f893b4
8becf939
9c8e1d44
d1418bda
e15b593b
a876b728
e5d91977
c2e30152
f406485d
18235920
c71e2319
9efe9f4b
85b928ca
87ce591b
c332986b
f2607b97
11af8902
7b46edcd
ec0551d9
d8240ffc
19d7155a
c86c2464
c17e187e
4e43d8c2
2e792b88
faccdeea
5fc33e48
bf42e013
d59d889f
eafef4ca
89c6d753
e95940e9
35036308
2367dbf3
e5a43dc1
534981bb
095ff47c
1038e1c1
0fe25d3e
2f64a95e
42fa03d6
4c6b4877
a4ad0b83
30bd37c0
88df2597
222c1756
6fcfec46
1bcb4f50
e56bb498
b93116ff
243e55eb
c60731ff
99d2df26
30ed4cde
d256c242
f51fb778
e3b92c8b
80f1b3e7
548b42f1
023316dd
bdf685b4
98204db6
d9ebc21c
27a211b5
4bded4ba
910d6b85
80051e80
c1d6a858
88c14a9f
15eb63e2
e0ce6d39
18680082
519f613c
d144159e
3ae7e227
6559e5e7
e343191e
da202464
932209be
836b533f
cb3f4289
cba3a7c5
4929d45e
d5eb3359
fcfab845
13b9615b
016433db
0a61f1df
59eb6ff8
88f22fde
724646ab
f60454d1
80e1cb27
1a9bb6c1
f3a51cc4
4e05e40d
815b5219
c8ad0cec
453712f4
9f731f79
63e7a71e
6a97bded
75fd73c2
49a5e62e
bd031eb3
2075c61c
afded75c
4e3a8680
1756ec70
07e684ac
552aaca5
e020652d
30a46063
60618ec9
34c5cde5
c7519773
5b428043
d242eb13
ab6de29c
1c97e1aa
8b7fa950
155cf5d1
046f6ba5
f1d23772
4b50655e
1e6737fd
7a6b2ff3
5412ce38
752561f0
da373db3
531dfd87
0b3b0d37
55d066e7
cae4dddf
67d9168e
b871556c
9382dee6
bf9a7f25
2a0e8a24
a8b0d079
3a1dbfb3
a86d5b1a
9e019315
325740f2
b9552336
8057f7dd
ac304ecb
aee34599
23e62086
a08e187a
4e44f405
2e522aef
e9d0aef6
894a0257
583a5169
8e5b9184
ae527658
722434de
5511b3cd
d757e935
13260660
4d3c4e63
0dfa0b67
39c8b05c
933c151b
45556b8b
cdde58ba
87413b49
d9bdcaf4
3753988c
12028c3c
8e563679
b502ed1b
a3516def
64f21f5e
80d5290c
de5defd1
546c5e2b
73a1bdc8
db38ec48
2702baa1
45134df7
eb37548f
adf77125
9125ac1b
9ad18452
921ec1af
aac26438
4cef0ab8
584f9eb3
f4388936
e271fe74
efb20cf4
5daf5205
328658e4
7cb3a830
212177be
a375d2ef
d5357c73
8e3a0fef
e55b133a
256024c7
096c3407
fd2b660b
45e5b0b3
13591c23
f5475e8a
50a15a6a
476c9417
0d5a769e
16d7bee6
8d807978
50fdd160
659bcb41
9e667c4a
84615e8f
9011b080
4240caeb
6ba8ca74
fe579e30
6bae62c5
d9d5fc54
3bc285bf
8c87d914
e80ebf4d
fc64a666
2807db1e
1ec2677d
dca8719f
6d2c2e02
7fc8c0ae
c98f0b91
1da5b29f
4e281178
9dd5c5ea
00caf7aa
fe1d1b42
47dfa9c8
f13ec576
a6d4f40b
33d37948
174367a6
4ea80a83
7baef96d
237ac6ec
45333dd5
b7ba095f
21de9a87
7b42037b
f873e227
efff12dc
bd53af5d
b7ddd4d4
d3fd1470
518859e2
38996989
e927b51b
d7fa6ad7
ac8e17f5
603f1095
d08c54c3
50b94dc7
19474077
81ecb756
25fa89c0
08d001d6
c380aead
72cd0736
7b1d2d24
89545887
14d0450d
18185397
6e6d9613
b84e0319
822b73c0
bda0e5b5
3b1b7035
be6162ea
affca115
83a210ef
804046f1
512b9edb
cc442334
97b9b722
ce08e59c
ea7b190e
5b99165d
bbf09733
22ee40e8
cd6cd684
4013cd08
32369961
5b4aa3b0
c3e1f6b4
a9a6495a
01414d31
4d50536b
7b543f83
824b9b40
226649fe
67cf6a97
8089a45e
db98bcfa
a016396d
4097153b
05ade5fe
5b4fa733
aeb5d955
80f6b4a3
145c2541
0042ca01
6ef37812
6202ba80
11b9725a
da277922
c66687b5
26b7d9e2
2f23bea6
9f9e13d8
4a5f93f6
c41a246e
73c69a94
f86729db
746108dd
a79b822b
7f2c7c93
2f1878ea
f33d5770
e66abd21
47976e1d
e63c47d2
09203795
4e27a7cb
77a8320f
f8c9a2d1
7e2d56ab
18cea65b
c2375515
546e714b
da0f178f
1c8c6160
d113be06
4bc9b9ac
63bf30e8
a38ea949
346145ef
7bb4b0f1
8f160a03
926ce2d6
efe4a877
745ca0e2
ccc7fadc
8b45852b
319619ba
f41afb49
73610bb3
98b5037c
23459b0f
045a5076
4bf8aa96
0cbb5e55
4fa479b0
10ed3eb8
3ba05529
385d7806
f32b7f96
efb1f651
bc44bcbd
538dcd50
8d767983
ed5d2633
ffe29a6b
e21a428a
cf8c8fa6
4068742b
14790e25
8e5dc511
8d212cf0
4367180f
2ef1fa47
1476bc0e
fcb760c8
fb70e47c
97a96817
4fcc25bf
dd08386e
bed2db6d
a5d8d57c
4f185185
7bf8373e
687bb8f0
63a4eb05
7d45ce6d
e60c373f
76a54e18
89d3bf1c
2a41a650
5d5196e1
2c35a17d
fad23b05
ec0674e1
b3ae8ada
d89037e7
a7c7e21f
b8bc416e
9723e610
9ddac999
d0677469
c3f24e34
63549004
e3531047
b66d1df3
a769018a
f3b461c2
3d64ab8e
4866961d
3402c5aa
a5823763
e598d150
b79ad7fc
ef137a46
45852ad8
2b76e173
bc32ed1d
a06f975c
4cfa8434
65184f19
ba322e07
c5936c6a
c8b96430
a6f02782
74e10d34
f88effdf
a3ab1540
5fddb672
242f3689
a55b84b1
0cd88a0f
cf61aaac
8c5e76e6
c4ee6566
e4586e4a
a6f502c1
e8b5edf5
a7990e05
76eebf36
e40f4417
6b2e0da8
ea113e9f
232ece65
03f896f7
653025c3
ca769221
f23ba272
97a64d08
95f6f8d3
83db1525
7da23989
da6b7afe
26fdf1b1
f9f93590
5a1e49eb
e7b4c9a6
e132a893
e3a4231a
34558ce4
046fdb7c
00775b22
29e19dfc
1434a1c3
7d74285a
87ecdbf7
a7cfb8d8
ce7ff65d
01e4ecbc
d5814491
8fe997be
02eda095
1ef08d46
6ed584a6
b9719595
908225a5
680752e3
7712268e
d897cab6
1714cc1d
6a0ef4a6
8bb2e38f
c0adce4a
d6eeffd6
af2c41ad
ac0dae23
206dde16
0da217d3
84aac80a
d9b923a7
fa4e5bfa
08d87fff
aa9b5af9
8bfabda0
7173ae5f
6ceb964b
0db0e829
b69b6571
611aa76e
04efcbdb
bea41aec
c3f4e78c
0adba4c8
2e66edeb
76d858b3
4562cd2d
54689632
68b9414b
d990920c
edad901a
fd9bd670
e673a78d
949b9792
bfe955a0
f1f8e1a5
7f4ab107
a662e876
b1baaf74
e595beab
b34eb8a6
f6a0bf8c
a08197a5
c327b734
13c0551d
4b015e3f
59b7aa8f
1b385205
ce1691d7
77c5ebef
cc992688
33287676
c4753dda
5455093c
1ece31d4
c43c818d
6cf0bc49
e3261200
9a914cf5
10d670ad
a227aed6
1eb61b02
4c3bba70
362d44dc
ef1314e5
efccbec2
ec0d17f8
58e2afe3
c2fe67f4
2c0d0f99
20db13dc
50889ac7
716c4261
4d1d88af
eceb65a9
ad528634
aff55470
5aa5b6f7
43feeb4d
ded63a31
09339053
78dd17b2
2c9c6cfb
918b28cb
52b519f8
c6ec8da0
98352925
1ba59300
5cbe7276
fe17e0da
f00960f2
964637ec
3db15931
f8250d1a
b991fb6c
a5fe9734
cff4e8e7
016b436d
1b422766
37b783c7
40539ba7
77b7b3cf
8a25daa5
fc3b4851
3a8f0948
721ca66f
dc4a36a6
edc9c107
87575079
07852107
7a944020
9e1ffd95
9ff9edf4
49bc604f
2d8e573a
c971990c
ea8ca582
69064eaa
50189cf3
ef708138
e1d6fec2
3d1e898b
19b0eed3
8f499d47
cf6b21ca
3b0db97f
2db1848f
310e3f09
59c9e053
d99177a4
32156fac
b93fae75
1013b68d
32380ba8
b53afa09
e0a1cca0
9abaa2ef
3410c5ff
762de18d
a88d0c71
9add3970
032c59d1
2d872b83
5a493c46
701d0b2d
5a9a6853
02f29bb7
ff42ccd8
504c7819
c6807a29
26687560
cfee5872
79e67ea6
6335496c
88c29dad
2335f60b
ffc44e06
efa6d212
6029d21c
177e2fc5
c6a8697d
0756a8ce
16e00562
9c2783a2
8199f6e6
1076033a
cda9ba50
faaf8c0b
8344d12b
20dc937a
1b333e83
15d2ec89
aed3c7de
26024c03
1b165595
22bbff0a
048c039a
0a4d3b4f
77019021
5529a948
e61eb9eb
474c4e5f
df03c4ef
b810a919
85562c1f
bc0261a1
17465130
b54c10d2
a4349dd4
56a0f14c
061f4421
a8386c52
cfdc9308
ba4aec31
93ea2816
f8c4e544
efa92255
c243a762
eb656590
8fc01228
63adb128
c75915a4
e8586f72
e6c322b3
7e7e16c2
e918713e
8472f711
7cc8a5c9
466605f7
86d57938
b1ed57dd
2bbbcd9d
a79fd9c0
3dd494aa
80232602
3ba09113
067b9f80
945bbc14
eb77e49c
b17ab803
be067942
533c4bea
4e967d65
200c45a7
57bff400
c87c93a7
d7a58074
a530a908
b1faf48f
1aa11388
5de8a710
b3eb6282
487b3e0c
d5cbab62
0b677867
377dc210
1479720f
c62aac09
adb03ee4
a3c61c10
0d82ed4a
439d6a43
a53a526d
0e3c3d09
03d80b3b
0c90b413
728c8858
3264cd65
039b2576
5a46aa33
c8c24e89
f3298729
5e4391f9
dede75eb
092a0bbb
d5828f55
62e7df1f
90aca87f
bd107fb1
6a2ec2db
4a6d1cf7
593c0e88
d4aa4ada
92baf80a
12239fb8
ddf0266e
7ba59163
fe494a47
d1d41ade
162ba8fb
98e69317
14346874
eb82eb69
9006d1c4
b3fb7acd
f139632b
1944fdba
1cdeb304
26dfa2e1
1c56eade
f93bf8ea
5086d746
a7191bec
1ea01dbd
42563db1
78b01221
f93b7d99
a8c359c9
17a4a742
69987e51
15d0167b
1fecb2aa
1f571537
e0331e75
c746d35d
4068773f
e3ba730d
4e9493f1
fd55910e
0d6d1421
302dc1fa
30520e8d
08fb5f4c
f48d5c88
5c530a65
57154f16
8767f71c
4a7c5855
ed014e3b
1bc6cf42
2d84e6af
c5d294b6
d5c99595
2ba29bdc
e23bc68d
eb42b2f5
7ee2d046
d67da81e
eff4d76f
bb90bdab
15b5c6c0
f49bbcee
9c4b5794
a8cb9c68
1f645b33
77962cd4
51a4fd2f
78ff47db
79cc7574
816848ce
19cc92fd
39907cec
2c3d7131
600c6e45
889666b9
d5f62f89
f42558a0
27ce043c
5781f51c
7e2cccba
ee5a4387
8d573b29
dce753f4
be653052
e7a8d87d
2a4c0004
572e0377
1506d6ef
835a49b7
b06ce2a7
0e0ba662
1ab6aecf
ddacd6b9
bd618dd7
448f53f1
0d977aba
960c9471
9f6c9fc8
b68ab02c
4ea95b61
29dee665
3e8de502
c082e123
09719d23
dba1e836
defa1908
37e7d556
e939f8e9
5569b258
9bd10e1d
90426b94
62db973b
70671616
cecd631b
39f4a1f6
03f99f5c
e65c5b3a
012952c0
66d5d69d
440c4396
ad0a06e5
cedbda34
84928f82
3e15eec0
8513cc1f
d0de11fd
a0d914b0
90a4cb2e
59720d6b
1d7d08b8
b8cd1d08
3cc0e1e9
fef24315
2ef29a30
b7b66597
387aa3b9
768a7aee
6104ffed
0fb2430a
ff311b52
99abdbc7
0d916ec4
fba05e67
49be63cc
c6a2205d
e9ca84bc
69a4cbde
3fe799ec
d85a96a8
e476bc52
e8165369
61c2cdfc
62561a9d
b1201cb9
3c70e6f7
da4bcf02
2b1d6966
2dc7c433
d875e8d5
4c799bad
33665117
bf8b0bb1
b0b8e45a
cc1f67e7
61ded227
4a2bef0b
851fff69
c0d0d43f
a2c9e2b4
c133428c
2c59ac42
33aa3c84
541f9b80
5be4715f
9f21535e
94dcf566
c69302bd
2ebd6f23
d8f1aa6a
513dd303
0b5513bb
120b435a
40e5b238
25b18ca7
7449912c
4cd250e8
cd7cec2c
e98e84f8
19cbe053
a1b1590c
8f0710a0
c547f0fe
b9af6c20
96c46c15
5e6abb88
2b8e030b
4b3c3e75
eaf7af4d
36321b6a
e46e4a21
0834d49d
0cbae558
47f9e6fa
1afb75c2
40cd9602
d7a87646
96182643
12764c2b
accf0491
2cb7aeb6
4f7533c0
d9fb5b8f
59548f6a
0d2b4883
3980df68
79ad340a
0501d7c9
36c25654
bb646159
f22a486e
e2abc414
6c105adb
5583f6d2
46ade262
ae5aa3b1
b9b7c7bf
86b5bad1
e759ff52
0a3dbb1e
82e6be31
93775d46
3c91d980
a6986d50
af7d44f2
29b2f275
f9729d48
99dcd2d7
c93baa74
04df946a
ab737d50
cd6ecea6
cee545d7
717cd69c
9dc0ee98
612f7c00
a0a7a09e
629767d0
d93e0a87
0948d54a
45ab3dfe
d08b50c0
881dbc6a
e93234a8
acf12dba
40adc49a
775e8778
ab15fe39
ca9693c9
c2c67542
d4609148
73187e59
3070a811
210ee11b
450e67de
5776d010
6da1a273
eb87605a
ccbcf9ea
3d3bd670
cd3278b8
f7649ac9
6593e9ad
b0f1947e
cd4f45ed
636e146d
866ab829
db0c0b61
84433df8
384aaab3
19f864dd
66dfd3a9
23ab2e70
6b83762d
161b2d06
30283c6b
91cb8cf4
dc105004
fefc0438
17a76254
d5d326d2
f30bf751
26ece436
342fab03
97d341b8
ae292ee7
98b4da64
c1465893
4299870e
83141a1f
9e1e0053
a152c68c
f3b619c4
d674d106
62b68dff
0276b7b3
c02af118
98a59d78
8cf98d23
7f88636b
396c244b
d088d46f
c379435d
733eb6bd
f906f5d2
a92f8931
44a126dc
cc69bf45
9cfa8642
65d5d559
8488ee20
74c7975f
cd2af08b
e874116a
d43b2e9e
69879608
6af5009e
af6a8352
d0e22906
e5bcc0d1
3ce1ba0e
d5c5fb40
0757e742
3569dfdb
7287c088
9910829d
26bf4143
55ed654f
8c2895f6
479d1fcc
733d994e
89af5f1f
79386eee
7bb662e8
6b558f41
77f47a3b
d7691d30
2b7e1da1
1e31569e
f62a18ed
a85d9cef
958c84bb
9c1a8d0d
ed34df1e
9a3939f8
dafb5581
e110fbc3
59273d71
c7c6d575
c91f06a8
b1d7290e
376c11bb
9c6a677c
577cd935
703e188f
8eb76264
13997915
c297d038
0fca69e9
44e3351b
e13f9a01
831d4be3
53e3006b
479c6e84
0cd3ed39
9afac688
b6c0293c
804e939f
c2f216c0
b20db21f
3bc04e77
81354b42
fb724a0a
2d0ac78b
275a08dd
f8399e36
7a19e05e
0d3e6a61
f8ef83d2
a254a94b
22cc7fdd
74d5a756
268299c4
c74e7655
9f6113ae
8f47efa9
3a4131ce
92ac9b82
41ba89ba
674b9ee2
8630056e
08ae6e32
3994c889
e65efe92
ae62d9a4
3d0781d6
27bb8801
25c4d8b9
6c65a093
4035098f
3ad3e6bc
9bbcd564
62609590
71cee2c0
af76b48c
9d9d35b1
dac7c3cd
f6af0708
ba526746
6bfe596f
e3b328dd
6b06dedd
e58b2337
b7e807c4
a9d43b62
6c686ed3
d63e8f14
5e5e359b
1ae97c38
9bb6f58e
56da2899
13ad79d6
5baa58a6
94a20431
e38a2484
3aaa2e08
1ec4b21e
cf709678
217f1077
b1274052
5f6f8b62
d4ee4e00
fee5618d
8939339d
e5c53856
4b910fae
3ce08ad9
996d290b
615c1f5b
f99292f3
d46957a9
39636252
f4b3e032
688c0044
8590fbff
6019d9c2
82d06a26
ef7fb59b
f9d83983
c5773290
5b6f0820
1e396230
ddd62112
cd7f797f
4d103ceb
5856d2fe
f9abd11d
da2257e6
e372220b
0f0bff71
1c81df0b
5cb47cf3
21b8e363
93848eb8
5054743d
ae27c2b7
aa172a52
95979e42
893d62ee
149ce4c9
76cc99cb
07ef4d0c
f4c4ef4f
f58b301e
50ab0f36
a25e1cc3
0db31ccd
27bc50bd
cff976b2
1a5e2af8
ab1f02f9
4c4f882b
b993390e
8807c47d
09928e72
ef0793af
9906d507
0ef18b5f
a2994a1c
c9af0743
97079ad7
c97cc9ad
440f3071
1d1107fb
05cfda81
ad23bd3c
a66d438c
afc54b03
447c871c
0b467893
902601ac
2998b40d
d3885697
9dfd77cf
f55520df
ae705b9c
3c147179
2890617a
5127dd41
14772e2d
90969b4b
26df7719
b5bf684a
fd245df8
2c6c0da5
97a9f658
9a270314
1e9fabd4
ebacda5b
95a4869d
067dc23c
cb48ef40
ca352abe
d019c2bf
12df8bf5
203f8baf
03a1f94c
5f46c73b
4921b252
3d9f6845
f09af5dd
afefa410
e738616b
18af8195
89629a03
dfd67fcc
ea2f842f
9886e533
cc1aa826
e7eccf15
9cc4a133
9b3c8be9
c406e2a6
02eab624
4fe757ee
1788efa2
679ff7f7
186e235d
3d1508c0
dca0bc0b
c85fcbd0
73c64350
8631ef80
96d311fa
3fd14891
eaf205c9
7d81d500
f2cf9c1f
898ced7d
97d71308
e17961fc
4fdde413
ac6ef181
cc6758a0
905b19fc
96d0c932
640af1f6
d5d8862b
700d7813
0be93f44
b82e39a3
5bd7fead
905957fb
4bedd662
48c2e50f
ec197365
62174c26
6d190995
a52ff797
2426c40e
7f73666d
553ecea1
769beff8
58ff8eea
777846b4
e6c29df3
1b51337e
48ec715a
2f238f30
1976ff8a
53efaa9b
7c746c6a
0437b223
901db432
95eff379
7dd7e280
504b0730
4e1c5f5e
7789ffd8
0c733797
629c368d
b69c9f42
e2e1ad66
44779b98
fac44661
b0211090
9fc7b8be
cc7579f8
22b7436d
28424659
cffea39c
fd9e121e
8aa9ca79
aab90906
7a8c043c
46e19c59
7610cbeb
c44077d5
9fdd76a3
e381f6e5
fb309305
4e00be7a
2abada43
53453e6b
782db37d
c228b11e
e3d4dce8
0fef4ad0
eba65787
c3470a32
b465d976
2bb77783
7d474fb0
107f9fa2
989dd617
06a0cd53
28ce12cf
8c41c51d
1490922f
693cb7a8
3306532f
c66c30fc
84b2e79b
3b8de064
83cdf799
02a3b2db
95591ce1
fe331e29
d0e07f54
5cf42f13
7c8b9ff7
0835cef8
89871d78
3815f768
5ffbcbab
2189d574
37c2106a
7cae4cec
713fefec
3562f04a
957472ae
67c7e953
08cb4971
59d0928a
33571c75
6cf67c12
0c5f570c
a8f0eaeb
a6171dca
001ed420
1c0dde12
cb6dfb62
0f2a80dd
93eaf3f2
21d5256a
f4394319
35df7ebc
720ba742
145679c4
88dd607b
8e8f11ca
eb3f361e
a61eb30d
1c71df9c
4afa2d26
bcd8d526
9af08b22
e2753a95
377d7e07
ddc14a95
b5167ff6
57c75bf3
7a1b675f
305de7b4
dbb9b505
20f2591f
3898077b
ae298851
00eb5598
743bbe3f
311dd004
bc6868dc
ede1d36a
4b190b14
3bab5afb
651060fe
0a2031c9
7e4df261
df9bdb61
43f4493d
53f8a964
1ac557f4
885dc332
91481be9
f75b3497
8aef0325
bb4296be
a4c380c4
95de636a
b6aced1f
cbb07cb9
ff3051e0
cbf3a6c7
c8866cd8
1a2b9de8
cc02a1a9
be129fa6
eab8604b
4d2955ce
5294138d
5804b3f8
35eb18a6
1cea4bd8
abb465b3
5b06984c
bfc5523b
f4b3da97
00d504a9
e6f1415c
7c61c187
a7e7892a
9277eb43
aa359d07
35006c62
49aba3f7
c11e5489
21d4dada
afdf6e61
f0cfa111
acaa38f8
f81d7f95
c39763b1
4b577d3d
f329200b
77afb567
deb08114
df7d2b7c
1a882723
2b98d49b
2e0ce142
b0416dd2
d58a557d
805a2328
a77340b6
346cadb1
d5885d65
5774255c
8cd4c25a
da50697d
a526bd04
a85239da
a132cd9e
a769fa32
f9c5d100
8aabf11c
de90627a
164212e6
6ac7a8b3
1174e5f3
ab4db4c5
87c7582b
ed3daf68
8fc4aa31
cf5bd446
e38b9c56
2446c581
b76a7d08
e6dee258
5b5224d8
36b6de9a
344fb05b
693125a8
faeeb317
2d2383d6
e7cfe4ba
6747059e
862120be
cc17d66a
d6dd81ed
5451d7ab
06ad5a32
2c376e92
dfbcdc93
dd2c9051
d2418fa2
cdfd9536
367e6104
091daf98
5ea39152
b882c09e
ae97a089
4ec58a93
27413969
4620ffb0
ed2414fd
e57f1ffd
1441f826
79e4cec5
54db4207
55dd9673
77b3afdf
46fc1073
8bcd4bfc
3871acae
6f7a8a0f
4f617c71
e48c1bc0
aaed87c9
65638c36
c85ffe2c
3a4ef369
4c8f3c0e
32246129
5a940fa1
6539a18e
8f992e68
6351af29
42f8a1b6
009e6e44
fcc155e1
3bf26c6b
162c7b9f
9142ced3
ec4ac241
0ca9c018
8f11bb12
59134763
950bc220
ab18654b
a662f0f7
e93068e8
36d117f7
387574c1
82289b6e
15432999
5c52676f
27890d87
bd61ae4b
0d94c485
b0a44b90
dadd478a
79de770e
163a0db8
39696065
b3693817
c7daacce
2197f910
8db9102a
b98bbbd3
0022b18a
78e1eb48
ccda8a7b
e2ec568c
de07c2ac
a7970892
22cad786
15b0978b
b638451b
113ca675
c64898e4
2718ef61
03f3761e
a7a8b9e4
b481cb20
f62e6dc1
55d9ac7e
2010918f
f25cf9eb
1e0e8bf5
5cd97ba1
47ed931e
c72d182f
be5430e1
3d956883
d91b2705
9da99018
1bc34ee1
301318cc
3e254f97
7b3355a4
98e07a48
501711e0
7dc49458
1809c64b
f6a8b459
e7058a7d
54ffc9de
fb1722b4
673d3ca6
362bd8a9
61c3465a
8e6bb592
0556281c
6ffcf21d
1e30c2f7
25b6fc8f
25432a04
5905832a
89449d91
9175c23d
f1cbf127
de8706b2
63121735
675ce458
1a8681cf
720bee1f
a8440316
a39fc503
6a3598b2
6a5963c2
71a312ca
c52d6e8f
596a795c
cc7ee4a6
47d63ebe
0ac2dce2
8a18e9bc
2cb86a60
eaa87cb1
08ae30d1
948093fd
ff148106
88d591bd
f39eb2d6
00f70f5c
35a19e3f
a6bd1f92
7d54ebfb
e2f4416d
c1ea3729
4ce3a3b5
57744ffc
97e95e8e
e54ffb4f
9f4e5f42
b9e8f9d2
49437a84
ced7e2a8
05482ddd
00e065b6
7d0a65cd
7f17c60b
70d0af15
7ae1ca10
0815b1d2
13124fea
eb4a167d
a5525487
d33e1842
007c74f4
415e4081
1b9259b7
6310008e
3b1f5583
9185c3d5
c21a357a
d5623dbf
40396dab
1fa05c83
888fa5e7
e6fe8572
396a3b81
8ae3197c
5f9eaa42
e536fbda
dbf66cdb
5ce8c9b0
679af591
620c0616
a510250c
71988ad0
13cce8c3
51127c24
517927bd
d218591c
68bfade6
a7fd7c4f
a3372bb5
c94ea51f
603c3baf
8ff07426
b1c41d91
a915e023
8f3a612d
e1ad60ff
7d651447
8de26fc6
c913a813
74e2e927
b68c45c1
53aec397
26ad1272
e2cde7b6
5e32eb7f
47ccf8da
447ba325
53b01ce8
671d59a9
0c67b4ca
716b8f1e
972021ce
4f72d0b1
aeda4516
ffb59258
42564797
7f43f783
cf7105ff
e9c16b35
1af44d43
ff73b121
d1a1f5b8
2afeab84
241779ab
f2a761d5
63e994e8
0d27fd8b
2eefdc29
8566d766
2ae0768a
b28968b9
aa4ce938
f2ad83ea
334cb3fb
b3c44934
0b6996e8
fa11fa7d
426f7c75
4d421a3a
2205c732
015602df
475f958e
b3072278
9530fc1f
cc7dfa0e
b6703eaf
a9e4c687
1118dad6
ce2bd222
c1aa6283
dbc89f74
41289e2f
40c6ceae
212e2894
8ecce6d5
db760541
8a4ad4e4
fe987b9b
5ce1c3fd
2621e3ea
fc2ea722
70bb6237
8f20889a
7abc1305
1435450c
4af208a4
1e94af52
8ff558b5
6a60df2e
200c84e8
46748e58
2c45eede
8aaf79e8
182eed82
3ecc2cdd
0e2a0f0a
7a0d67b1
15c02d43
67403737
26257c85
2ae15706
4036804f
55200421
20c393a1
416b99af
cfd42a65
ca387274
c7133049
8f3348c5
43c814f7
babb0286
07095aa6
f28097ec
93618426
06f24b1d
9ce158af
1cda0838
9b34fca5
023487b5
39ec6d8f
5bf94e1f
9c92c934
c30a4e58
1d4c973c
335e30c1
fd67b8b8
6535cbb7
7940f2e5
4e94f5fd
f21b1a3d
ecedfa45
1748d31e
71e1afcc
7df3260a
e8101d6c
a9719546
863d507d
682b9715
4fad9e1a
5afb1a97
d3c6fd74
8fc7f973
a4706e4b
821585c3
d7301930
a70a4a51
1288ee1f
89ea6249
47b9dfa0
f15bd27e
507f93fc
8de240e1
b7eaa10c
9a024058
6ea690c7
432f9b5d
d9c2870d
c4940dd8
47e7ac96
ca0cce21
d146e9c4
66a57086
dcf54757
399e1496
15aba060
461261d9
cc9208ab
d525f970
91fc679b
efaa9109
ec253b82
3f561835
2bbf0c2e
d2ed0b5a
4060c1d3
9116b791
173e790d
44f29b70
4a728eb3
eb4bab40
feabd7c4
a5a3e71b
234def0c
76276267
aa0cc971
2187eb49
5535227b
e740b46c
8a85bea7
cef13acd
601d4bc0
9911255a
4964c5bf
614a95a7
082a925d
532ec3fb
ec54bb31
c44c8e0d
942674ad
c53ebcea
537bed54
8887ce5b
1b8bdebb
916b5f30
a93d0978
2701a9d4
79f1f724
87ea5e7d
5342bd3d
1f2a148e
934e2351
6cb7cbc2
d2b23fe1
8563aa48
98acd2f4
ce1ce074
feff23fe
c5ab4831
2573094a
57d58c50
88dbe806
38a95710
7803731d
53b646fc
9635ed1f
ba62a966
bea80d70
453a4da2
4b842efc
e5abd498
c033ff04
4a0fd865
b9bd337a
343f4af1
c7ab6bbd
9bbfddad
0c5b8e44
b6ee2340
d37ba82d
91c6a064
834b59a8
1dafcc1e
4312c26d
a78c44df
a534b9e5
ecf5448e
63ffb53a
a84ab2a5
08b25214
307e65fd
9e944c09
6a8acc81
31c1a78a
e898d8eb
a223987b
b06ecabd
b777a410
533af950
b3a61eac
dbbd710e
024353f5
725f241d
ad9ec4e1
59335b7b
6f6cd355
3bdc6fb5
6d8b46cc
cc775fb8
fdb1231a
5d24a237
69696e75
31a2c8cb
22cad525
01798ff0
e5102e4b
1aa1bd24
d6c28d54
e028fb04
b399ba20
ea83d3db
8008397b
4b71dcfb
2c3f58b4
f210f76e
0cc54008
41fa36d6
9bce4cd9
e735d0b6
639ae6da
aada90cf
9226e036
114dd8c6
23e47792
ca4e789d
dac3b814
1869547e
7400671c
b010f81a
d57dc655
e1f21963
240eac81
20a402e6
a16caddc
67e93eec
4a3b511f
cacb458c
6f005acb
ba4024e4
9040182e
0b4aa6db
b9684c4f
124673f6
42120ddc
64789c1d
0afe4c30
a53c0b6a
ecef69c9
679aad75
5382e29f
a7049ffc
95b2df31
1aa2f467
39f4e06d
c9eba574
925964fa
f179b320
d05ca31a
2de129f8
1871c2b9
5dd7732a
277b067b
58b23f11
26082585
475acbea
29236ba3
9cbfa65d
a43998b0
1fad6f16
05d57d3f
8a2ff7f8
eb17a44e
1f153cc7
364a1897
91a65a30
4e8cae1b
1d7e01f3
49b672db
da92dc27
76cbf3cf
9893eb78
32e4d8f9
77f1b5f6
d011c24a
2eeafd3a
7d08775b
7b0a48c5
68780cf4
5f69b8fa
81ced8f6
9add00d2
c88a8742
15390c55
dd3ffb7d
8c71c9e6
ad73a5fe
defe4a0f
54f08d53
7a10d3aa
24ee7477
54743874
ad891394
e1c900aa
ea69a85e
7e6d2137
95a7dbfa
197307ae
4062e0c0
d32b68eb
efeac66c
50b722dd
0618125b
96a23196
3c15cbc5
75681dc7
03f8bc9f
70e803ab
f2efb231
8d741474
fe6b002d
7ab66570
30877716
88265cd0
da7f5c3f
b2efbef5
f5a42879
01359d8a
b61a8a2d
45b3cc68
4c2b31ba
c41f0967
9a8d9d21
49bde7c4
99b8637f
d19b3a3d
a4005eeb
2fc4e965
61ff8fbd
c23c54d6
aed95f29
9b5e04dc
48b97b8e
a56c98b3
b61baa8e
c42d00ec
44377b14
12884931
7b4a0b29
2880afd0
4a23a760
c5c56eb2
6af56617
0333e5c1
29bfbe88
673934d1
07213fec
23fbce13
5970e341
eeac9059
42b78484
f5271893
0c9aea51
034870da
23632a57
bca75b79
59df062d
19491415
e341fcc4
e384b877
a77c0348
13b9a85d
8ca01a11
ce83df11
4895098a
e9e117a4
05bb9254
5bd63534
bca7ed97
849cd543
c00f078f
33967f2a
7995b151
c46b1469
6940c1c5
975ba58b
53dba048
c65843ff
c176e8da
bb416cff
c26c6fc7
56c541c7
1688b0b9
f9cc00b2
35c12356
f641c870
e59adde9
c91e8b18
cfaaa8dc
33e7d08b
e277479b
7edf75d6
f982f7eb
b824201c
eed3107f
f950f2fc
19521120
7965740e
150b403f
6f3ac2f7
8817eb7b
5c6d3695
26384d7f
5c2ed383
6f7d4e6a
5230172c
8375bc57
f2224ada
a28379d8
162c8f79
6192f468
3605bd8c
81643436
10cd82ef
293b067e
8666a943
0338a649
5fd60729
1329d753
1313b391
08c5bec9
a706b7fc
aaf40db0
8d04b850
766f0a2e
5ac0a726
769a5609
262cd576
dd35f8c0
f30ac87b
b3bb2389
21b17683
e5e984cc
2ffccc1f
53fd7899
515c0d87
8f6f9917
2c21d375
aeacdfd9
8119256f
7d196e2b
9eeddb9e
d0823157
eb5991ba
6241836f
738b5bff
79700014
5f082465
fe8ced66
6a3bf6d8
3e624751
7cc5abb4
86360258
e95acd2c
88597250
2d2eba5a
4ff756a7
2f083a39
71e97ee8
32014d11
3921bca3
6a7b3aa6
7ea46c77
f2ef6328
3efc5b74
960d4525
d1020daf
ac9052e2
61d50a8d
4ffdb855
b21a5f24
d4d3a606
559d9bd5
5b24dffa
11a0da1e
00479ddd
346d9dbe
f8ebec9f
4e912da3
2bcdadf1
61f71a35
d619f916
b6fca45b
7402a1f9
6a9d5170
0ad5bd8c
0a3dc979
d2975a50
9248e3d4
6e996b3b
b09cf4f5
aff65e9b
f678baf8
a27fe3a9
fac1419e
3f6d8f94
9e7f5575
1bd6c73c
d2179502
3dcbd1ed
13dda0e1
f25a3e46
697ff878
fbd1cdef
3d83dba0
2f2b075d
b1bbe402
7aa3fd8e
d1e07bf5
69e9338f
9e7fd4ca
824c0fcc
30dba6c4
e9204fe8
4b32427e
33597cb0
b1920ded
8f741483
cc06900d
67d25a77
7aed4f3a
5224f06a
3aef1819
fe719b38
3c64960e
2c06df3d
9586516d
468669d9
9570ba0d
dad8736f
7cdaab57
e8ef4675
84079d0a
7d703d3b
0f3e30e2
9306fe2c
6cf81cb0
6015666c
7e2b5c3d
4da349e2
693e4aa9
a38ef694
7ff2cbea
385044f5
33347de4
891e1357
20a1b666
a03c4d16
37b5d35e
00fde214
5aa58bc1
479fff26
825e5cf4
fa1b0543
5b87e465
9c008dad
7853b61b
d8898324
aee2c1f8
e396bdb3
5e51d64c
fb001539
92d17289
e70bacc6
87ec3ad3
d2c7c3aa
a87f152c
2cc02697
acb5bd64
11484712
b614bce2
1992d3e1
933d0895
905bfaef
18457334
9d75dc7c
a6afe62d
ad1d7be5
ac35400c
8b0784ed
e159e7d6
cc64869e
80d927a7
be1a3e1f
080b9b03
a037ab23
11280e74
ca7c643d
573c7304
2d251cb1
459d6a00
08da5d76
bc107da4
a11d9b1d
73785c40
364b7a59
5c6b106a
3d9af9ca
5088a1e5
0873254d
6a3e19b8
3704a2a6
a434e4ba
ff1d6af0
608b2eee
66cc80c2
132cf1b9
2d2459d9
b395a27d
9719fd4b
7aaaafda
73d63c64
2e6f4021
d975d9e6
b0a35364
f0e6422f
7f48e6f7
cde63584
2ad7f2e8
823a6dd4
7c813ca0
eeec9d4a
1a399ca7
85039cca
7a30d924
ca9a67dc
4a184ce1
a339b88c
a43f967d
62a17c79
6d4acff0
572169bc
4b7829b0
16fb3628
6e95f84a
deb62cfa
2f2a1b0b
774307c7
88441843
6b5d33b6
769f8d92
4ae8c8bd
2be67201
23593e21
97308ea7
2553fea5
a203dacd
e2fd02f1
cb9e216e
46a1d2cf
dbe658f8
7367d28e
dd4931b5
313df2bf
c98a121a
708b02c8
a83fa9e6
4924256d
11b23183
7362f46f
731d6c92
0502a61c
aed6e8e7
601b1492
cb764e9f
277787b3
693cd7f4
3a85de6c
7c523ec6
9cc915c1
bd4cb5ba
5e3aa260
fd88ede3
8553a16b
acbbdaf6
334f81c8
6790f206
f9ec610f
80d72642
1da3cf24
fe4ad366
07c1a3d0
46c646e9
8e6e6471
022e876d
25cffc8d
eda35b10
34db5f28
926f4640
39a08238
4b96b045
0c9bbe34
70cf135f
0cea01bf
320ccaba
c667cb37
e1ac9ab1
8b89091b
df4f582f
bf909213
f28f316f
03141491
b1a0603b
692e4c1e
487c4239
e7bf85a9
c5d1c2e4
c9574723
94ab1553
cd39dd74
6829c334
4a5f7576
b10411be
2d13bd39
6227842f
4ec89fa6
7fcb5547
9972018a
6d7ce9cb
a6f19ebb
9c42614c
2693258b
9592a93b
f7beece8
932077d4
4d1ad94d
8efb3d17
175e76c1
4827fddc
7fb532e1
4bf1dea2
d3acbd1f
7db9919e
115da202
bb9d58b3
b7c7db25
9ead7ed7
075053f3
4f515c4f
4baf961c
2465c94f
01fde954
3a9fef0e
2f2827a6
a3747eff
e34ea762
2259b806
4d30ed1b
d8a7da15
3c8f2db6
70394ef0
2a987ad4
991a3381
a7a60647
e1e84a82
3fe4ec77
2de6e39c
99bc115e
f19e250e
19d9f2f2
a0afb344
c7fd8690
4bf570a6
49f9e510
f864fa7f
5b124e5d
78b48b54
da247da7
4ee7c090
2d79ba78
9fd02848
f7812ec3
b2226dc6
4b12166e
8cc9c88d
e313072c
096e2e07
2f2a08a4
fcba1b36
6721f29b
5542cc67
b63bcca8
d779fb81
f1ed4767
12afcdf3
42f4cc5d
68d2294f
8e352df4
b864a84a
7b98c890
636e8f13
e5e35a87
27bc2b30
2d3f20e1
b227080f
ec75cacb
5821383d
a2c46736
fc948bbc
37d67220
0aa6f5c5
39c8075b
a1f83781
d59bff8d
4d608dc5
61d38e25
b3995f01
dbdcfe9b
02e931f4
492f87d6
b3714afa
c725e9a8
966e85ea
2546b566
115bac02
71deb340
7fa84198
26dca2e5
15d0a4ec
a6eaad0d
b65f9b40
f275eb90
5275b0a6
1eaea21e
b65b15be
e17cab5a
177aa85d
757de06b
0f62d592
d8f402ca
6a36050e
4ca5c444
f76f42db
ceda7821
8a729c55
be26de00
d40bece3
4599db26
87186f4e
8eeb5629
698d472a
7ab270e4
89a38f07
c6e0e439
a3b5b290
b1ea1a61
e25f2e8c
e4d522e7
deb127cf
fe955132
278befd5
87ceb714
c399e8a1
5dd514ed
4748d858
1b579e85
4d92bfa4
8805d693
b4f99fd5
8872fea1
4de12325
f27fb9b7
42aa7c5d
05937640
58a1db9b
66981690
3eb6e2a1
a573666a
f4d900e0
ca4214eb
1a57143a
82a84894
3d51d9ff
677797ea
f3d71d0b
b94f3025
49d23857
7837857b
184ad36a
a0de3287
541140e2
6e764cea
b8e84799
6bcbfe75
1d2a2ae2
8ff090b1
25406f0d
12fd5fff
e58e9ed0
117a338e
faf1c1b0
8bbdb7cf
f93bdd07
3bdef876
a49eb650
48b3048f
6a412195
98bd617f
e31a02df
80af40bb
a51147e8
18031a84
3c47e675
576e57f1
61dd8334
7c6da3af
69563a92
2a694ef4
f58ca6e8
37314b89
09a095fc
27ec9f30
a11b59f0
6c080a67
c3dea4aa
53ad840c
e4b7627e
4670f4fd
38a400a8
77ec8f78
9971106c
af856104
43a55fe5
af04a36e
8012cdd2
03574b55
b29429bd
5ada1079
1e0d64fb
fcbeb704
6e8d4246
315a0f2d
0d2b0597
39e22a44
8024c31c
160bcad1
a79d66ee
82e469cc
e76369cd
39ff2b53
cc501b73
07cd8724
b78971e5
d953ae93
091350c5
5b720943
7825a1f2
7ee55617
92c24a74
390fa026
9bd1a899
4b5790d8
22eedacf
5f3af6f6
f6951aee
87a16b60
36b86277
262d85d9
53a771ce
f562444a
b77305dd
cd49b5d6
d8eecf2d
69584dce
7d74a445
75438de7
c5b750fa
e89cd5ee
ce25d911
9dab68c6
dbadc035
9208da28
6777b07b
e090c4bc
759d842c
6eadde16
0d16435a
6ae65db4
47fb6cd8
574bfd62
add8c120
e898a002
79651b15
59027e51
cdf03cdb
c0e9a398
d6dd3cc8
d2974b5d
20490c5c
f504a7f7
3c788130
645ab632
7bd000c5
ffc68879
3a6fc9dc
6f5c9d7e
ae656b3d
6c7d0e76
bc955ac1
4c234bd4
67b3e85f
5c4b1ec9
cbe0eae5
bc97f35c
ff9ed88e
96526508
c6af330c
e9767d73
75fb0536
a8bc1d0c
6ce239df
7fea3599
aed38e57
b777233b
0b15da56
3ff2c404
fa4563d1
f4c7aee1
56195c12
8a23ea10
f849c062
c2f3fe92
19f70a14
502397d4
5e927e4b
29e09f02
16f8fd34
aab27157
206c5b39
d874764d
f92a475a
c1eab421
5782903a
3c64c4cb
6eabf983
e95e0c4d
121c8226
c2541dd1
738eb1e9
20923a3a
954a2d2c
5d1c8108
cdc237a7
dab821b9
f551b1c0
aae64478
55208dbe
24002a0e
482a3719
049004f5
62e6a839
7c9eed10
b9f1998f
4caa20c5
32ee1755
4f9e90bd
80c16fd0
a0cab2b2
360d0524
92c7f6d6
05ee018c
886e4338
c35e2d5c
edce7302
ad15c648
6659364d
4ed710cb
8b47cbd2
c994cb0f
840e90cf
56131861
fa3faf5a
c75a3f6c
3fcbc36a
521bcb0e
12dbe0ab
40449acb
f69c04bd
ea7b6713
a4c83488
33f1fa60
0294c06f
a9f7cff7
a3ff526a
cc877ccf
e5f54ab3
d8d82b2e
74a25e07
a3016d7d
70c67b5b
6527ef11
506fbf34
0e951e9e
506e14e0
66358b1e
2278d21a
1000953f
5932da3b
ac00b848
40fe6085
9f29ac79
4a3ea600
a06f1db9
7179fce5
16c13893
ebae1740
983a0b57
a8e5caa6
dbdd6988
be79266d
a0ee6e01
a9fabb5c
5a3c64be
125d8677
fa9a1bab
8e321af6
32e40851
d3667f8b
1b0e44f9
a9fb1ed7
6736407d
509060f3
bc87464f
e79ba4af
a7b1eef2
2645f30f
8a751510
c830ce5a
bd020e92
34698a6a
7b74ed36
039752e9
6049b94c
67dee6dd
52adb3ab
de077f7f
95501923
4349ff9b
1f8fc5e3
623661c6
f7f1a8da
5b58c568
709dbe17
90a5ca19
6f678358
482eb386
e82724f3
fb95b4b7
58007e22
7578063e
85cc7731
3145a26f
8b42d64c
f2cc5777
93f0757f
3ec62b5a
666c9e95
4a8da547
e1081d2b
05d4cb8e
687663aa
4e205ab8
d4de0efd
2c7eb5ee
9cab623b
0e91dd86
a0bb084e
e10a6a12
b0c47104
1e7dc10b
357b6659
5c10157f
208b893c
f3f2c89c
b34bda25
ee2dd82b
f327f630
b21bca90
0a302ad6
35190b98
eb592187
799e7012
78e1f1b5
9af27727
40e7defb
8a62c12f
4755ed21
92ec5d44
bf50cdff
fb2560e7
73880f01
e7ac8a02
5bd3078a
1fb68b5e
91e9490c
8ee28924
f9136a46
063702a0
1eb4e56a
160f768b
e2b85638
b0db60fe
2b202205
df6f6db2
2600fc2a
0deb93b7
eb79d7a6
3630cbea
e57fe28e
20756455
5f3bdf3e
bd9d4d4e
09fcd6e8
e4434e72
e218ee74
b7f47800
5a3c86ef
afd3519e
39163bc9
171a7897
3203a263
d2757fcf
0ef7d180
61509178
84a0c383
e0a8ba85
676b9625
1c8e0ab2
dcc02bda
6792a87b
79b1fd2b
31e4aa5d
c28801a6
04426ecf
448faab5
58bf1182
225f1554
1f3261c8
4e7cf998
d6a3a19c
423c5489
481a2b80
4f264ae1
4d398d70
26d6bab4
a886c61e
c34bbd7a
b3618bd0
11844c97
14d51852
52191bc3
3d289a93
c15c70c2
0ad1d4d3
b1467366
bb34d365
39d875e9
4af6d523
e1f9bf3d
3811473f
5f52888a
ee071948
c6049b79
4eed9b8f
b33a5605
0547b1b9
756863bf
cb256189
ed6b3562
00ec3fbb
5cf7461d
620ab370
8ef53e73
75ebdc07
135cd7f3
71deedc6
bf3317e1
39805d43
a6270984
3ce33215
f0b2b30e
6b2e1a9a
8c918e7c
2aaaa7af
a597038c
3f92d21a
181cff3e
2576341d
93edbb9c
7f348539
92da1cd8
0b5f43be
756ace38
14e151bd
8e87b7b8
80ed1c36
e68d763e
7d5b91f4
f114b8c7
a3db8aa0
376ac784
95c849da
b19afa34
f7367b23
1c412a38
365c7cb1
106d5dab
89b91576
6e140f8f
6a56b55f
fa1feb7e
1fd53872
e13e0d53
4451f304
76f57092
7a54fbdd
4174562d
b3e50cbc
251b1d99
4fa4ad2a
af14895d
81a4a0ed
5089e99c
5179e7c1
d1ea9328
2ba6bdb6
0b78da83
5ace75fe
46165693
26ef6291
882286e7
b1c68586
ef550247
4f0f3ee2
083fa6af
83eb8969
58ad0781
798205b1
bc6c1eaa
8212d4db
a06d9525
a4fb631f
c50272bd
0dc2b152
158a0aae
61e91e4a
6253ab4d
f4e1f4ec
741f92a9
64683ef8
c12e38cf
fad8b6b0
2022d42a
f0bb6e19
2cc40492
ce9f962b
25381c8a
56753a1a
6b325c4e
eb81e0ee
c9f1d6e8
a96faf0e
e444c703
1e6aa3d6
21323810
38d283ec
b459eab4
4685453e
984e440f
36efa483
42cb2656
c81721fe
f09648a7
fb9a0640
725602c6
13f942b3
35cc21c3
925afda7
4bc3d2de
896eb850
8d9d78d9
942b9ce9
9076899d
d3416001
236cc149
015f7867
3272c550
dfa6b2da
4c49754c
2a4a9ff3
6a61f370
134f87a5
5eebe8d1
7932e23d
4bbe5917
0005b57f
47ecaa25
9b3f742c
89668c6c
0ad6593e
1178bebb
9c4c8909
5fb4da33
0da959de
9f0bb495
9f56d955
25b4935f
4246eaae
a41a06e1
62b6c4e4
bb27ebb5
b0522ae9
670b5549
77a2703a
a811f98b
6ca0e1e7
0f7bb1ba
fedddc5d
b8e5b36d
343c92b5
6395aba4
485335af
5586803f
8b2f4a19
be90da60
cc8cb2dd
83865bc1
deef239e
f6e230a3
8e6c7e62
fce8285d
e84341c8
c4e09f87
bd919360
aca15935
d1b07c0c
34781863
e9d3c2c9
bfa38a65
02a2a94b
f1f2045a
bc29fe0f
bb49d355
7c1d6c0e
35f36e23
677f4578
8c74d5f4
41bfb81c
d9b94ef2
9249ab25
acfaa0db
f0e18a27
38426844
4a3b3ed1
e3b310db
4e6f7bc4
fdb5781c
e219e8b8
ef19a686
27eb01de
e656de66
63181772
60d35a36
84e2859e
b83a785e
52c8d782
13cd80af
f6d5ffb6
0a55cc2e
0878a738
deba7a78
b565ef27
f0fa11e6
9f0d545a
d2591e81
1e9221ad
9fa5a7f7
32a5d531
92e91c64
c8d6a3dc
76401538
f63c7d76
444f54d7
ca1a4af3
6133eba6
da81ff33
e33801ae
56f1d3bd
f8b77677
03cd7177
825ef9b0
5b488b7f
5bf15060
10a66c61
e3a5bb70
f8c452d9
06009436
d8ee9ee6
0cf2226e
f2c367ae
b393ec3a
ec50690e
0e4f8578
abd5e716
600c4ccd
4ad3405f
4a4a7594
858c9334
adea8e7f
acfa22d3
ee75f36b
47f86cf2
3558c527
eb9057e4
8348f07a
994a7c8c
efd86c49
4fea43d6
15249e28
cc841feb
10a32dc3
8558d18c
cfd83e8b
78ef3c9b
af2cece3
f068a5a5
24acfd4c
845261de
a070c526
1a41129e
dacf7032
e3792220
d5378ab0
06cf0ab3
3814bfb4
92e47aa9
9ee96e1b
28f492f4
03947dba
88114877
9204fcb4
17702659
7e809a1a
76c087a7
6b9a71db
8d232742
159324d5
a46fc5d6
bf48d0a0
71b49ffb
00436b3d
231a99db
357c8e19
59617eb7
ce09b097
3675e52d
04b2c34d
4b6a852d
0d90fc1f
bb09d3e9
e8301973
411d8955
cafaf877
080e349f
81be97d0
e13fc365
c274b479
197731d4
9a56793a
9a7c786f
d06a2dbf
27e7ecd9
28d5563c
d9b5b49b
7dc555ab
548762d1
1b4a541f
b7b13228
0f29145f
728e96b8
ad6a74fd
738cd07f
606e7149
a20c72ca
323c6eb4
132ea3e9
475b7761
f6a75ea5
8ca20690
1f721de5
2f33c859
c827d371
6c1ce747
89a0e8a8
b2a1240b
c227fa32
71d738ff
e0382cc3
275903cd
734f9325
95bf3c39
45eef01e
c400b106
cfd1e5b7
5aa1f4bb
7da49f07
3da6f4ca
35f8a135
215718e2
fb32373f
b85ff2a1
907bc52c
46be15a3
d6d45aa8
9f894a5b
99720a86
da8ec355
5183b6be
d831ff42
8fed36d2
39a84933
84561395
491831b9
898c8117
5cf6db40
db4413f9
60b6600d
d0e79a69
2a3846bc
39392995
440dcc25
e21f7da7
bfbbc93a
05f7059a
dad3cbd4
421fda7d
567a9d19
99852800
e4c134e4
77cea013
ca7bc3d8
1bdbc744
b5e0a456
cf9abb55
5ddafc2d
c7881e69
4230c787
105a822a
4d02bece
2904ae27
6bb860c5
a500f0fe
d3e8ac63
5e08b371
dc34b844
74fd0bd1
14e92196
a552447e
45e86234
d674681b
ff852efb
6087d14b
9276822f
fde36928
275581f0
df1b87a4
bb863f80
38653fec
95ac5b57
54ce6c1b
ef73f987
6ad1a2b2
892ad17e
308d0ee2
66a8bfcd
451a8cd5
07066c3f
ae4e4321
cf79f272
8b357d43
f0500f6d
5a369d3e
03dc7eb4
bccf8234
771697f2
3df692c7
bf8d6ee5
f084d381
bad09f4b
aa6fa406
16ade6c2
43295a80
a547f7b6
9f9c23ed
957a9e01
5b922c25
4be34c0e
70d44547
c13e7b50
cd8b4c51
44797297
0359b968
d045169c
5fc791cf
ff8ccd4c
1a868368
14742115
78a6c3aa
de64a334
31fe432d
de1afa5e
587ae936
b1a21ec5
9e42222b
6041ab46
b403d0b3
a49fe90e
5ebc327e
aaa71cad
9fef5938
ae210491
fb1e9cb9
3fa47882
f5bfcd81
2666dda0
a471a947
27187aab
e55fdffc
a497bc84
b524adca
e447e329
8e0b94aa
71032c4d
a02f630c
85625462
5d0b2c14
9fb280b7
2b4b38d9
56fbc10a
59513914
3389f94e
f9b958b9
3eb56715
09fe82c8
c94fe007
df399eed
7c5943ed
30b45e69
f6eddd45
2389880c
ca461110
9137764f
7368d8ce
f126fac5
4ebe47fa
70294190
92df2512
06701b8f
327b4219
2e373b53
bcdd96dc
c5893470
2fb0a735
15ecb5df
145b372d
601ba0b9
449cdf04
4d49ec59
b26a7c0b
94450d49
33cd7ad8
dbce7c4e
5e634dc8
2b7aca4c
a67dd8ca
80e9cf74
95b27b37
377e4ebb
789dff0f
f0165ae6
cf7d2cd8
fd014886
e6c62401
61e95c88
02aef9c4
5db0da0d
07f64d19
b6e7eb38
4f756b74
b0e6c25f
7696ccc3
54f3bc91
a40858a2
bd9c6fa8
907d3caa
c1e8414f
b291edc1
20c9ab8c
bcbc87f3
41ffb5fa
b57ace5e
a9d91ed7
79c5e3bd
770bca2f
fd0258d8
d7751905
b3b18e0f
163139d2
1ee21137
40729f15
d7aab9fc
cd16ad91
6d1da704
0e1b3075
92171428
22e29620
18389ff2
0c04c863
a40e31f0
c65eb9ce
4d0006ac
c6143d11
89355329
309f1b77
508dc963
6cdfe72b
4a2d7305
8bb3786c
46b0858c
32df234d
64b9e8b6
1a1cd90a
f2caff23
aaa6da64
52c6ad96
239ab3f2
0deef9bf
075fe8f4
e5a2cd48
a001717f
4e7a056b
9bdbb2c6
2d2cbafc
f5afe10e
b38c8e0b
cd84eda9
8ee03af6
fa856716
8e9124b7
3bb1f1cd
40ed226e
3c58978d
d0e3783a
3f878483
55f5a9b9
b8ce84c1
90ca657f
33894734
e20b7a63
69e4a30b
ed89d028
00acece8
da2d4bc8
dd341f55
73ac9be9
c3d9d98a
b4a7559c
9fc335cc
682ff8ab
25320e16
ab2d9ca8
ada940f7
b0b92ba1
a9482600
7ee36234
676bcb41
c6f6404e
8062913b
36df0c82
2badfa22
2207358e
f893ddc2
3dba54ee
b078d4e2
f80175c2
029ae543
cbe48a4f
5cef3a08
43e1a93b
f1115b6d
5bc42ed3
c4091c65
5adfb985
d09eae7f
a8f8f25f
f4235782
6689116b
9ebea192
1ba0b7ea
823fa8b7
e2fe20c5
2549d391
59647317
92b6ccf1
986e60a4
b75dda8c
580d84ed
f3f9b41e
cdc98ded
6aff476e
5849db4c
54ac9f4d
c506fcf4
fb8ffaf8
2b8f1259
ec9440ee
0afe08cd
d20b83aa
afdbde7e
8fe3b6e6
738ca344
327e2c10
8c1de4ee
db0d0310
ad4b9142
9fd5aadb
6c7c6131
d8009527
9be04185
f8cf808e
59816fd3
96c425eb
46e83a8e
9dd3b373
42cac466
20a2c78f
0d771207
49036f6b
2ee49680
222b3026
be87e7a1
866907ec
6303d65a
d6e43054
a70ebe84
8b69aa30
1662a788
96c29fa1
362893ba
11fb8843
be5050b3
6aa0c24c
43b8face
2accae60
17c120a8
c47a878c
0a9373c4
6df7308e
05974d8c
b63b8fdc
9c50e332
64572eef
e7f88edb
5eda9f76
492f6b3f
60c9fb61
d9db0420
fdedd364
387ded19
9eb2beda
3462cc58
dd8c5ebc
a4f2a624
7c9e418e
d4dd98e2
297ae1d7
d4670f6f
bab49f7e
9dc03de2
af48bccb
658358cb
9fc237e0
85e79c33
265bcdd1
1d62479a
c7c45d20
14e7fef6
b4b0f10c
787bc78d
feb90209
b7bd2d89
8e7b5381
6835d4b2
300bd421
8ff031e9
74f9aef7
b206f44a
1460027e
39a72e12
9537852b
3fb169f9
9eddd367
0d7b34b2
eea685c3
ae812785
aaa403f2
20b3cfbf
4741ab06
0dcf527d
7c6479e6
64296373
d43cb273
6c02a426
14f74727
dcd340aa
9d138ff9
228382f0
7213b6e6
3cdb7e53
f23fe2fb
b5180893
a93d4b2b
19ba11f2
6eee0b39
8bb5d9d2
7acc38d2
dc4f6ec1
c8f543f7
acc782e9
c37515c5
3467a968
66d9ad82
21305227
479a3c00
5489a618
ec0d8d5d
baef80b3
e3e20ad1
e97d4c4d
08d9b2fc
64acea32
a56fdaf5
7f918a6a
3230593c
90cf1b61
b264e768
794d1983
cfb8c845
81d539d5
4d9bfa10
3882ac21
cf8e9e87
7d69888c
c3363e45
3dc85bb7
df338f96
87d04023
6c725b68
9a4e27a1
a6377818
05f7414e
54126559
7f6426d1
63a8c327
eead8aea
7353520e
143570eb
21fd18cc
9fb0112c
6482aa4a
f9cb71af
0f575e79
52e924fe
8e8a1aa6
417bbf8e
58ae3385
556fa329
eb292ffd
fe21d5f9
0877dd6d
fd1f0c98
98322286
f24c8444
28c05b0e
c2adcebb
a5cc06fa
592ea040
198eb453
6fd6aae8
c24a6c4c
bc2763bb
a1bc3a89
7eb4fa8b
eb5a65d2
1c7fc25a
6a684cf9
aa07dcce
492e0101
06190209
12d3ae3a
28332efc
bd550f52
4e993d5d
aa4ba2cf
375a6683
9b1513eb
161d33a6
24d0b19b
e1faaf36
4f1580f0
8b2ccaf2
311053d9
83b86776
683f21ad
e2a22716
95301a88
9e5df55c
60fe56d2
cd9c59ca
362cf7f1
40a0da63
c9722e6c
33692924
67388ae9
2844c1e5
7eee09d3
bde1dd35
2853a7c2
348f67ee
20881bf8
d1955a3f
8b2c4cc5
daf268c0
15896b41
cda2384b
2fae072e
b9cc8818
c93f5fd7
e4ad6e4a
bbceb5a7
8ae3895e
fc37c85d
807c3043
4268aa39
6c218e17
67ae9414
05f6e5b0
54712d8e
9c215a47
8288d80e
82629ce1
ac1e9c6a
ee71d423
8a6a2e64
1212fa3c
6dcdb345
eae30ae3
5a0a6f48
bfdc7b70
1b037af9
d720f7e7
63525d15
8c37405a
53122cf0
9c3af923
36c6fdda
06a721e2
b3b04171
b2876a92
d8978385
389e9198
a5fc1ee3
65628701
64e879cb
52a556d1
b630ae21
7aedf15d
d42b440c
b7d24e97
6ac8d182
34932022
74be8b35
3a79f8d6
e499340e
7aaa4d41
3f9654b7
a9f42200
7c6b1282
fdf43fcc
4c43de22
29031d82
23f22b72
18a83cfe
2624db20
384f38ab
ffeb72a8
9d3b7aa4
cad161b0
29402c0e
d9ff458c
0668a343
a5ddc580
5a63f243
b6561841
4319d173
4ed0af51
7b962a7c
d13fe096
5bec9ee6
57d120f4
00500ed2
426bd35b
61ebf77b
dc833756
da5523d6
663e9e62
616550ef
82339edb
eb6985ec
77a650aa
3da9c5be
91a49b65
ca1f6052
7d15330e
7f4146a9
963f4d40
681477d1
04ab9946
5eb8e704
2bf42944
479f9a42
cdcf878e
b79193a1
d285c366
70289667
05dafb25
54161883
5b9a911e
ff69dec6
50dc4c51
caacdb57
57ab294c
f0965cc2
efef6ad0
38a75698
5e81c7d8
057a0c7f
821206a3
2c4be87e
017e4903
627dc31d
e5b39adf
36330045
f696035b
f8297ac5
b1be9b24
ecb5d3e0
5d62e38f
6b2f0da6
e170ea96
ddea6445
d52fd2e5
1665ce26
eb49e4b4
75b8b2a7
a3ad815b
63a7d1ec
1cc24a0e
7cb9fd4f
5d3387b0
2e09513d
e7b5d5aa
d36fda65
2e6a7afc
184a7b69
955209e4
d8fbf4ed
b8bf6168
966eaef3
da2299fe
cba5cae5
571c89ed
1328faa4
816229ce
b7ece0b9
fefdcf57
10aa3000
79d5d915
6d24537f
f7569c90
d07d579f
318c4b6e
c9bc711a
fcdb0ccd
c251a480
40bc4e7a
166e01b9
23bf8910
2d3d1c28
6a26fe0b
52d09836
49cd9dcc
48142451
3b319b18
ba7adf1a
a43eef9b
65ef4801
9e29f993
e3f34429
2f192881
709a95ab
40109b81
7d411c85
71491e09
e12913b9
f26f6dff
8a6ac993
610f8387
4a81a160
d4d529ad
2ab344a2
b3ca5405
f67589d7
2edf396d
33078003
7deabf67
f84ec19d
8a889869
e3f3c1c4
ab0c64fb
cb7c2d2c
41bd6845
ed65d622
252200d6
262a37fb
d2268a80
cbb2fbc9
de11f37d
ed5da472
aa12bc43
b5480a1b
ab8419a7
19d868ac
2a74f320
7183414c
fbd39f58
eadf3401
5604d4fc
497e3f59
513abe7e
16ce151f
8df830a5
dacb5dd7
1b0298be
3beb531a
94e759a7
ea28ea8a
27d1cb03
89b60334
c694aa8b
df8ade27
0d04de9a
d82de964
cc1e3c14
d7f912a8
70ab96b0
5582b8a2
a2ce4958
f3c96245
6297951a
33b6bc00
45f3454e
3bdabaae
a7c5af4e
b805c837
c40f3b54
31ffce8a
81b08b68
55aaa5ca
5b3cc0bd
a659dd82
969e750c
8b6ef856
4b1cb3ab
dff370cd
4930cb93
324d36b0
bc571f57
a33ad913
a4b29685
eb818652
182158a0
541bd158
1defa5c6
3ed41ead
7eaffd83
c098bb27
0ef67c0d
21616cc8
c69157d9
88520021
728d6f2e
6d9ec100
646c7673
e4726734
873dc897
c7916688
67fc7907
d1237631
80b8b769
4163c8bf
46bfb58a
3ec472db
75b2be34
61996172
624387c7
30850abd
dd0ca665
627eebe3
d69634c3
dda50e4c
b13508ca
f60ddbe0
b756cc72
d17b07a3
a5b35325
a371838f
9e330e6c
fdfebc2e
5f90c942
19c2eb8c
12578660
36959379
e6699770
a38e3b07
332f8041
6bf9ca9d
e14f555b
2c8ba11d
d6ef8611
ca647707
8708e078
1e2ed8fe
2341a9bc
8895e4f7
b50ecb89
30618687
8f229e9d
36ae50f3
160e70b5
e016bab5
771f3a76
a8106cb7
3b5d97a6
151552db
769b5954
4c45daf1
01d01035
fadeb149
90b0a5b4
5c8a90c1
0648cb20
373c154c
9b3707b1
bada6aaa
af2af296
c6650439
b82d3d57
7e3df747
4f814efc
3666649e
2e1ec175
61733f56
c3f3af15
5f9b8970
bd22965a
f71b84a7
7ebc87d3
fb009ce4
c5e21655
affc481f
0303780c
c202c8b8
af2f1da0
b2946194
9bdcb4da
ecc34a69
e5911d7d
9d8e4db5
d2ccdd95
35492914
f77443dd
fb96afa6
4491c350
15c67e9d
f9432b79
d6cc11dc
d0b08fa8
9a2f43b6
50c1b3a8
62469112
55f40fb8
5913c413
3f413f72
a86bd4d7
22c3824d
2c2cb2b2
faf9caa5
8f7951d1
bfa991dd
b26cf436
2918183c
6cad96a8
62efec6d
ea0b7203
15a92b47
ab1d35ac
76992b81
07c3b203
ab1b7198
3b227339
f7054b92
62dc9dca
a3c3e686
8d85ddfd
63dbffeb
971c6e44
81a33312
f68735f8
9589aa89
bfe98b78
45a11b06
16893522
ecfc9486
927c34f5
e5707356
a64a6bf7
4eda53ff
bccada12
a67aaa7a
ea59df7c
ada1bf62
8e9034e1
22f90382
2cbab909
1c2f7755
43707f9d
7265d3cc
7abee8aa
46101a30
1db784a8
97e73338
3650cf2c
21829b49
fb972b08
6f315741
3f70b59c
61049e82
44b862ad
39799bd5
cc43de4a
0d38d32b
b76a7f98
766e845b
c1688e8c
64524ea8
f7e6af65
357d49cc
5b949d69
905c2110
83c75b0c
16ec846b
61b2c04e
fd89f318
14856365
ea6cec7e
2abee07e
5de4ed66
75d32c99
2cebf7d3
f5e38bec
c3bd8f99
b3e27b48
5213d53a
8405d5c0
001e9783
128346a2
9b7db9db
5226004c
888902b0
d7571775
d285d165
750676eb
8d425006
19b539f1
ee665657
483bf5cc
0190b022
89cc73e5
209bae69
b4dfb88c
cd0f484e
82f960f8
52079f28
976cd00e
ec6f78a0
eebe37b9
5a6c14bc
54c2c5a9
0b8fe5b9
a77fff36
b216a056
f700320b
d7982f38
db1fb159
9dafd7c8
1b0fa562
18d7c9bf
68cbcb83
ccc21d4e
84d752d0
f7a644ec
e1cedeba
42cff9a6
aea71b8c
93d34eea
df83e14b
62411337
19357b41
d836a376
66b093b6
fd464d1d
edc3a7a0
05ff2496
338b8f58
9613ed11
f16b7211
7044df44
b64e0bbb
fa5b84e5
18857541
b3c2e48a
a8dace11
77aa33ec
85991be6
ceaba483
5d0ac4f3
2066e131
b0e5328a
c8fddcc8
e8d31bb4
5a3b996c
6c04b96a
2b6e91f9
60849656
3b4e210a
55336100
5d2d5ae0
2359e824
32e9c1a2
fa99c049
19ef8d3e
f5f7eb31
e216c5cd
0352ba45
cbbab2ae
b07b8603
951516fa
a9b40c85
3efe7815
241d541f
de83ae2c
86d35e6f
1a20e434
bfa1af8d
21b8a616
2a1f5d85
5da5202a
10d880a9
41a5df05
36094b3a
e49ffafe
78401078
cfa99bc8
73e2dd0f
c7e8146a
25006673
c572e7ce
dc8f1cde
5e2911ae
5af9ee80
fb969d88
20b22fe2
a820ad8a
03ce3f85
a1ca3a3e
3a7b6268
bfad42d9
368e72f3
5f804f5c
d9fcd39e
51d1d2e0
f656f3de
a695b21f
d12f00a0
a0bf7abe
17fe21b6
605a979e
f33efc1c
72334c07
df6aedd2
034be7da
9aeba1fc
b51ab044
81bb371b
f9cc76e7
2bd1daac
c40cbf5b
510fe53b
4781a11b
aaad8f65
48c7d9d9
934d1f20
ab3f29b4
57eba473
d2329df7
91832900
e5d86eb9
e4e83052
f8f779b0
794d5ebd
0db64e1b
4d3aab08
6506f9b8
12bca4f4
7db7ec2f
e06e41e0
af42aa4f
010b498e
d08a26ed
812aa73f
eb914186
ba3278ec
a7c9805c
8a0dc432
e9f35aa3
90c9436a
523fc8aa
dce4ed33
7e27cec6
5df8c049
36311a95
3bd4e212
d98e1dfa
6d24c4d3
a9aa4ec5
b7cb1143
828150fd
016498f9
fa16f872
2dcd92f5
6493b4e2
75ef5034
4302cada
6d66ab84
72fd1080
fbd06d67
040b591d
0553cba6
5fb4cced
0f36165a
367b2bea
dbd59a10
1cd047da
668c5b6b
2f949758
a53faef3
bed5f002
ad553746
f8021b56
fc761a0f
3bcd31e8
2bde2a1c
5c39bd78
3b1058fd
cb622f27
e9718f2d
ca96e4f6
b9aa6056
e2ca63af
02724beb
b8604267
ddf69ba6
e0dd8a03
066ef700
882b0ce4
da0394c8
6ff2bd14
cd2b2d90
fb6293c8
f7bde824
4f404f87
7bb0fc73
3da4a256
5b037f65
18aa8943
6748edc5
fd51712f
7e1c290d
1353b662
de2c3fb4
3203cf55
ee42060c
e9165826
e2e85d67
ca2d66f1
ec809fc5
e08d6b00
d629bdb9
e44feef6
fc557b36
a67315fc
d761c2a3
d0b4b5d0
fc041530
234f86d7
77e20059
d4005b56
dad69638
492d19ef
a3d32d28
1d624b6d
dcac762a
84e7d87e
af9820be
1f12fa45
543ec428
0c751760
6e989b68
fd21bb0c
82098d26
feb32dbf
877ead54
79d0fd4c
885c9fff
64202cd4
c7f3c15c
de245172
80bf1c3c
2abbd0f8
9af80bec
2dd7cf4f
eababbef
32820ae2
6be3ddda
4c3561de
a7aea62b
6f0fa1b2
52980ffc
d0c85409
d73ffd83
ab13b089
bce18729
a5635c70
7d035015
b94008f1
2f16f118
5c71fb67
84700616
21730cdb
7e2041be
5bba514b
96e8ca15
34d17205
54544bd4
0c06774a
27f9af90
f992ae57
94ea6967
841f3fe7
9c7a991a
153d8644
5957929c
d7bea121
086b5016
5561f28a
39a5b50e
23715332
3f911f38
050b909c
36a794cf
042adad8
c6172f3d
b7c0e589
72cbab8f
e3d50055
d7bf893e
970eb6c0
4e053eab
2a01ad98
e149be4a
0285ec29
430fa10d
92096067
16cb82ff
ee9a1c40
91c6fb22
c23da231
d85bc363
629b45ce
a246ea79
2786526c
d95d1bbb
d95c73aa
f18121ad
9517d324
8fb3ed5b
877e4bfb
04dca594
d6e7ce04
2a8e7605
c1374fff
c51afbaf
e06229ff
df86579e
e60b71c1
4c594995
a2217d9a
9f0b466f
361fd669
8cdfa2e7
eacac19f
50c64f56
9dad9570
90d24dd5
6985e3dd
406f8552
179bf9f4
51d58d86
458b5a3a
5f2a340d
4078d103
bbfece69
0dba392c
83cc317b
dab84828
cce79d70
20d6df47
b540743f
3eed9646
4962c44f
e7e30d7f
aa2b9414
164238c9
ac152f28
72ea8896
74196f5e
09b022c1
3eab40d1
2e7cbf2d
89fa8781
e0fe5a49
fdd9f496
706f7d2d
42e72383
8e3f46f3
ec8e6b12
9cb9e043
3f0aaa7d
34030e6e
4a4e626f
101ddb00
bd1a5883
27f9572b
c383a2b9
2adaedde
e952916c
894a5a9a
17eef121
78ca6759
d14808a9
09c65a98
cdc8a273
74373be9
f27d7079
5e04d5a5
7af944f0
32a826ed
329099d4
0bc56342
ee27a304
8c1d83bb
c0588225
483da767
2c26b155
49d69468
33ede53a
544910a0
99cf2f41
2ffb63a4
d03dcf8a
1cffc8a7
92844a81
a9fed137
17fa6966
679fca42
472d23c5
bd761124
cf69099f
2293a309
0d6fd5b2
69263957
76ac1686
72f05795
4dc4d5c9
ff8e2c2d
bcc9d35b
f6a3fcb7
993edc38
75e82d8f
5ab5df2e
5c64a8b1
c58b29dc
a945cb16
634f2a07
90fa8c02
6bb9c420
763e7fe0
9662a5e4
f435cfd6
4a2f722f
e2ef7312
8272bc21
a5954bf8
d88ac70f
10df64aa
2983a037
1c31eba8
7902f2ff
5f336ef7
8491871b
9fe2c219
e8cbade1
753804e4
08f48b10
335e9ea8
c762755e
120f46cb
dc715055
d34df745
6dac24cf
fcd23a34
69e27c15
8ef38572
8ed805b4
aa7ba893
bb1d6ec6
ade6025f
327dd734
f7e6b028
3e234db1
b353fc66
7117dab8
a12ee846
c161632c
f0ac3069
c48914de
e6cad86b
1180b126
df975ef6
ee97e19c
444ac85e
1a83b24f
85cfc5ed
61afc168
025d64b5
a5729d43
64da10f4
cd6cb0ce
f8ef92c1
1233f92d
562f8ec2
974f22e4
8552e8b6
ce9e99ef
6fabfeb5
859c50e9
d82de50b
ea2706c8
e1382591
2ef51b26
1d5caad6
2fb2a86b
a866d8c0
76f7eaf1
abf0d9f1
7d89941b
b5e1ac25
4f3f3c72
f464d9d6
ae9d6f92
3065be9f
4e2de512
b99fe6fa
6320fdbf
85c07577
b2a551fa
73210c52
e85706c1
874a0ca6
a2a463fe
0943b728
014ee92f
7f7940a8
0e74641d
a8d39af7
0e7b54a0
87f5381c
dc912b51
b56adcf8
6556ec8d
9bf1fcea
f25e0f42
6c05aadd
4936d053
57fc562e
12a83336
e96b4b0f
67922866
da18e4f8
8c30bd81
cf373d33
6b7f16f5
382c39de
036357d6
cd373196
76086040
bca5f039
a8cd0829
7c66c478
b140b80e
886f954b
4be2a3a4
a958166f
84732e04
c5997dd0
81a2a7a1
9ac85762
6c298720
4536ee95
24a9cc6e
4cdea52b
7331355d
012b4fa7
96057c44
db385d91
f093a683
1a2d360d
aec5afbd
b7ca79fb
3b420d9d
fb557e20
dd038181
790d61f4
4fad1e4d
54882165
98c1afec
a1429d68
e5b09fea
75dd9601
9af70e64
df70d641
21d50942
b1776e99
af8edc36
300b027c
01009fff
1f78427b
3d1ef925
96972404
503a5443
bf9832f4
421b672c
73b05513
4c3c5626
202a35a1
122954ad
33be15cc
f7ac3b9a
4c2f4046
10662bd1
410c35e7
600ecd0f
aeb2f6a5
9b58ab42
3a141780
84f91e14
af8626c6
cdfcb6f1
026d4bfb
9c79fa24
d200a713
0e9960ce
a92cbc7b
b303bee2
c9316d79
d0374f0b
b001e673
a0458f4c
c6bd2eea
ae4697c2
99eb6e64
ba1d7dd6
6751e5a9
df9d9719
1b22036b
4b51857b
8fb69ef3
ee56d0db
fa3c3327
d41e0726
b4f9cfff
168a0759
b32e7cca
8671cae1
9c6e0ace
ff05731b
5e38f365
efc7fdfb
5817207b
61328567
c33fea63
1695565f
3e4fa66a
0089931f
c12c8a6f
95701785
32bf977c
a4fedc59
7248abc6
0a43576b
a5b5e16e
ae9bd819
fce03491
6f68c884
6b75b83c
eb5cb3cb
f27ef51f
6e1f0f6d
358d5efa
f9a2b497
d53d60e0
04a9ebdc
f1fd9ccf
1e741bab
7b33d804
65e5b0e2
a53c3cbc
cc7f41bc
4b4ff544
10a1c765
c26bbdb9
c196c3db
5c578a57
93c6b53e
103da0cc
bd7e2955
68562e63
00f527c5
5d862520
a451f10f
1d317d5e
8a75e7fa
07973564
b895763b
7d928c3a
0e1616b2
306cd58c
0cfc0842
d4ae8adf
aa08ae17
ee27b755
00343f1a
abfc23c0
b1272b3e
ef86964c
39f7786e
59a7255f
5674b16c
f807fb1f
fe8bb2c1
0602e882
ef6c9c99
a5ed8ef9
bd528488
bf6ac481
10049963
ff4fc385
4d93f795
0945f254
aa017bcf
c71c661d
b3d06588
a2e98948
1d5c8de5
662e2a31
b7792f04
df9441b0
87b8480c
80e35615
6e22b382
a862b08c
219d6d93
45cdec2d
d24063f3
fa949ea8
5614833a
3810a3e3
84088c6d
e213dd1d
4c3882da
1361ff45
5462081d
068204fe
5c5d7fc1
e5d97f71
418988d6
ac240955
fdfbb4c1
46f9a2f9
3f37078a
8baa9ec0
8a29128d
aade269f
852651b7
6eb2018e
bd30c13e
9c1c7474
eaf5d2e1
8dc91ddc
e128c5d0
fe120f99
50001464
91fcf6c4
a21c4fc6
f52436db
124e50f0
e003b105
67c457a6
168de5ae
86b188fb
045adb1c
7d07ad77
c6877049
549f9c4c
df65fa5d
e56fd48f
db1506d1
dacc3306
13a515b6
a9c56e96
32641eb4
d16d1d5f
6547ece3
f0a20fb8
84c637b6
41a5730c
e78d451f
4512c9f3
46904e27
69a805bd
92c9ffca
41203bc6
715af543
4c7802a0
c306d278
ff4692fe
b009fe6c
564ea325
acc73d53
2ce40b97
d0b013a8
ecd378de
8cec9ea9
a4e86626
e3c533db
1eb1f0a5
39f72114
2e000d00
fcf6e8c3
fae360f1
c55abe7e
70826109
c2a9ae5b
2ccfbacd
4c7f8bc4
fa11b885
5512ed78
40f48a19
2b0e4db9
2623fc47
8369e3c8
74eb861b
0d2bae13
36ad9f91
a85ebff9
0ea79e3f
f9987095
f7479520
c3ef4326
c7d4277d
8872adba
ef2a2302
f6e07620
a1bc2c75
b6836b75
6f7ec6aa
2f75aff9
ebc21959
9dbc84f5
4a194a37
c0a43209
9531b73f
9bd837b4
d974c588
051c31d7
82279d6d
5e1b3b86
43830e19
c3d93eb4
afb7c6f9
e0b6ec87
c6f73661
ff93585c
7d813326
0c0b5e23
a9807d4b
fd1314b5
58f70312
17ec8b5f
74e2945c
2fec1919
908bfd89
47b1af25
356e3281
ad476431
bd82d163
2bb144e3
93a761e7
13229cd5
6592c736
7fb5b67c
1714ace5
7826eece
9b0681c2
87fde592
2684c89b
8a256241
76dc9a25
b3adfeb1
4a3457df
8914f8c2
793af712
c9f16726
28dd5e3a
67253ba0
b9f0bbc6
ea84ce11
95f3269a
d96e848c
1f1abf86
75127ed7
a3b18ff9
4e7ab51d
a41a5350
0efb19b2
a6cac6ab
dfbfb31c
713a6e84
5fa4cda3
b9342054
57bc5ee4
beff7403
8e5df1c1
ca79f33c
ddb3bfa5
01654101
68c81f4b
d60cad2e
a6ba7692
abab0411
04879582
37c6b614
32ecc931
ccc4da9f
4adc0ca2
c88c5d06
be9497a1
61815f9f
8e0a918c
23963be5
a0cc0097
c9f14be7
388cb86c
6150cd7a
2c45f7ce
268ab4d1
6b9b954e
de785085
70455ee6
0d9b301c
a96394b7
f0adcb52
933e5438
30887089
1dd992cc
f0369ba9
49d65d08
3f2d6fc0
79f16750
656347dc
826cac0b
c0f4b905
ae27c44d
5b720515
578e0ffb
b49ad21b
a1006213
6ceabfd4
1f3e9e3e
ee3a0838
d129d07a
91bc7eed
38064df8
d2bca501
e0e9aed0
0160d0fd
4a1b4477
22630850
bce4e964
0f9b6d68
314b73f9
a14053cd
29fa59e8
2590ebc7
2aaab8eb
41f2df1b
764fb8df
3f7bb2ac
9812c330
e8220c97
1bdca346
a1f06c65
99e41ebe
26b07cb7
0b3bdf17
f46fee8a
b843a38d
fbd0c969
f1fb7b75
cbad5712
ac4f01a4
31da0ff6
8c5ae567
861bbcb3
c83363b6
3bce72b1
9febea99
67ce79a5
fd1927cf
6afe7cf9
d61f02a8
7b299809
9c75e211
933b7059
baee4212
dc43e765
92da6379
308be7ad
87740870
937c1a13
bfcad7c1
e609762b
2dde0e95
4ff1459a
aca1a562
18607f04
27d7a741
e1560a15
a52d42c9
dcbc4300
f203b320
d34a83fd
b87a70ee
1e61696e
c514ea77
e8ff562c
34851ac5
ceb99132
26092df6
73b415a0
6cdb582d
2cf01c50
3b3f28ef
3b258c71
73cb20f1
426aa887
d18d846d
4dd68792
bcb667ca
80e2468d
d4c870b1
41351d46
071ec9fc
fdf53c13
bb3ea6b5
6f44dc5d
190bc3f0
7f08108f
ec5b7036
7eb5233f
d4e38d32
2d0266b3
ec580c46
1cbe6828
590daad1
2c75ade4
71451ab8
53a5d915
a7807f49
5772f061
a6c82d67
13e0b486
2ab3ce64
d2709b2f
ba269720
75410627
dbf06d53
5abbd158
9a05b31f
6acdca40
71a8566a
457fed47
a1ec13bd
260cf553
25068c90
a7f68e76
45947b4e
6a1e6eb1
0dac5d76
5fa3809a
3142651f
4d17d320
1d4bd642
79feec42
2f208ce6
ec2d22b7
a1553160
c3163fb1
3d70db23
c85eda10
b436f2e1
8cbec687
dec6badf
b5a2bd06
38443fba
63726d05
8e1c7378
75364c02
61715464
163d005c
78a4cfc9
e290ec7e
46c4a1d0
27009d11
d418a818
d3065e54
b0d352db
c89de81f
ac172a2b
ff9dd999
55371c20
1c227564
0ba82f0b
31f12173
d815a822
f7869dab
0790bf30
484df84e
0f96ecf0
f4d4648b
af5c0986
515b4fa9
e0b1af75
e85a7c99
737a6651
a35fb80b
04848e1e
6a757360
45482bd9
1ecb91fd
b13b0adf
17cc52b9
79912ae4
86f1e10b
0c54f4e3
d15a5263
f9478f84
71f954c7
ca586eef
b5492c06
63ee94d1
467607cd
9ec51389
0251ee67
1a821e18
3d35d8bf
13ff61ed
c357f729
39a8d4b5
4232e529
9cdb3f3c
ba218c9c
947e3c95
7025dc96
5ce74b8b
8aaa0905
35592313
d571cc7a
df10af15
9b98358e
20008f06
cb53dbd7
007071c1
b6d06e84
f804258c
6e7ba3c3
1e6a8e83
095346ab
5a52aef4
4619f530
51c75709
3dd9cfdd
f08cceeb
1bf2ef79
0d4f35c9
22246d47
e7d40c2a
05d4200c
872b6d96
6d30c72e
e01ea73c
5925377b
4a0257fa
490e4cf7
591f2c54
82ea9c03
06f98e24
146b2e1c
8ad2b784
b9f9d3b4
2c0e16e3
e2d79d7b
743afaa7
d43c88f1
82b97fbe
8b37ef37
4b2ff997
068bce8f
703d195a
abf304ae
df1ae002
cfc8c972
9748c47f
8520a0dd
7149b9cc
803186b9
e0d47ad3
6f936076
3ab39424
3ce07f3d
c4bcaf34
cb864515
853f1516
228b9000
32c4b658
e9b7912e
1a0af6ce
97846c20
cfc417c4
a07ff88a
1286ba8b
bba06112
031ef46e
3b872f0f
89b06117
ef125689
0aacf9c4
9497e76f
a10b722e
3537840c
58004dda
e47c82f7
e79aa6e2
71e0aa25
c678a9d1
30eba1d0
64955058
0dbdbd39
76e7e306
feb69d96
d6bc8b13
c9e2e87b
4e73cd6b
8655ed4d
70f8333b
a53f0124
1fd65700
05860a46
90e382c7
242caf94
629ae76e
7e68a4d7
c0da97f4
6827b887
02e57db9
f1d48096
b2fb0b76
e3282eca
f5aad33e
f67c4920
5c881ca2
bf479060
7334906b
4a7f7b93
9bd224fe
9c51a4a9
7e24ef64
2edd28f4
d8ea736c
fc240b1a
d65d7302
b9473f5b
4170c677
6b374c3d
9ef282f8
a13e3e9e
4e37727d
2d83401a
eb1e0ed6
e22627d7
0fe551ec
d95fb4b6
192cd779
ce4dfcff
c5acb274
2d6fd35f
408caa0f
faa4937d
736541c0
b9ddc375
b92e43c7
bf4be09d
cc0b2f82
8791920a
e02dbf22
1f6ef2a9
612316dc
c18d899f
c9246c58
af4db53e
e98b4de9
9f9e6a34
10b21d6e
d2ae6442
a9666661
c5b352a6
8cc876e4
241d2b76
10c9fbec
76c0b084
c875bd91
551ee0f2
dfd6dc4e
3d558081
25a171bb
e699bebb
d38be9d4
9c260996
c217f916
2340fe15
ad61b517
a2a70a0e
fb10cd82
f4bf0c39
fb3a3064
89a69af6
6b48a5bf
1bd83f5b
33ec446e
8ea73d06
7d135c30
5f70c6e1
06dc4481
838bd929
6482e976
5f91394b
3f22f828
957af871
2460239e
fb1c8a0a
1b3349ea
d30a6aa9
44b7b39b
d83a90bf
04ec3434
f34029d4
05c8465e
45b87435
e107c7b6
ad785fcb
24294505
2158ffe1
175bb7bd
4d5fac6d
a5ab4e64
30951417
ca7ace8b
f841b61a
ad8b5e64
387bc46f
076d252d
2be39e01
0582f143
5dd65014
b37b0b48
44b25279
a0f46242
77e1ae04
69c03583
04e1d528
adb9967c
09548f89
7861bd3c
1b7b3bea
01a7c858
df1617e9
dca71532
a4edf41f
fe2942dd
1a6abaa6
d5e875a3
2b87a26b
687a5b4a
97f9a346
6bc1fe8d
2fb35c75
42dabc06
d48808c4
a38565fd
c2974eb1
22c33ad9
0d840e89
f5b34454
982a5d46
9fb547a1
10762d31
7892e0ba
457ca638
1f076143
659051c1
ac24a921
03ac3d2d
ae3d1701
39ce02e7
a099d4f4
6e930b63
a04da74a
c48f9d5d
7a4981a9
12df0689
4076072c
16befdc7
fa37d798
59b14c40
9f529b71
463ae3fd
3679c1e0
e3598d8c
30a96156
69bbfe55
72ffa94f
a39214af
e95ef5c0
7abc60f7
2a0e01be
dc0e9f4d
7d143d73
58f30002
50a45980
43623bc8
0e997de5
a81cca83
8caa8a24
574918c7
41d390f7
33b6fcf4
2426d82e
12e77b08
f70a318e
af2f22a7
35c5039e
6e43681e
258e7e48
9e5f78dd
f94c1e40
936ea271
97da57ac
8be0ca57
6814ff28
f0a04e75
e4f55e16
137d480e
e2e1daea
707194f5
0fe5e1b8
a5f1422b
2da6a6a8
54c97aed
de0c6476
12c16c78
f5be5d31
9a9af56a
6280e1d1
efe791d3
ba13b1c8
cd99f214
485ab1dd
7a89487b
04ca98b7
3b75e016
0a0da377
482c681b
fe409648
78f7194e
4194ef4e
9e42235c
36f516aa
09edf60a
c9db0e64
932e6947
24cf37cc
c6b8f2a7
0accfb49
7cfe701a
edabd637
fff19a3c
3d3d492d
21ae2a4a
a218dfef
7ef0fd8b
48f0918d
992f40eb
a7d304dd
9d4b482b
506f6a82
989b8b80
2926cf34
64ed353d
2234523c
cc737b38
0836b665
e0391a11
b940b2b6
e8842622
1f752a1d
2edc2329
1119c33a
ab0a3f2a
b7934708
77021641
1ce40fec
094c85bc
13d5eac8
eedf620f
afb1e618
f3ff9c2b
510dba54
82f9dfb0
3c608570
