32d0da41
676ed7a3
d65a8d0d
7a0aa7b3
db33a891
458aca28
cae2b301
b1f96b91
175c86a3
ef44de91
0c14d1e8
d7372dd6
e045e952
6398a5d4
f8ea1e29
10113fa2
7def8a29
8e095f54
cb73690d
57d8dccd
ca96a338
dfe9976a
8bb6d2b7
1a4082ac
4441fe34
04c3b269
91612e0c
2da04057
3e880573
514ad12a
a384727c
ea33d5d1
ba2c67ca
efd2f6ed
c4355a27
4c93ee51
2eebd40a
667a2934
7ceeb785
353a5bb2
f15af188
d1b6005f
94a40132
71096eec
e3a9d2f2
a6a1c3ac
7d293e6a
8555b05a
c8901ac0
625ef1ed
0a158fba
960a7620
03cda930
294bfc45
d998ac82
5fa15bf8
ece58f33
9325e4fd
886a11f4
37ee1cbb
897d315a
e6ccdcca
19a4173e
5527c6e8
7ac7ece5
ac2441d9
db755587
8fc3e12f
fbd6383b
7063af7a
dd5c77e7
c48f03c8
dbfb46f0
4e22ef2a
e8279d36
f50fc666
add4de2c
7b5ee51a
6343aa7c
9481513b
9915c239
35584524
8244858e
818e661f
289db500
8ae71eb2
80d14783
66b5e49e
24db9ac8
f2e7efb3
8514c0b7
bc6b5ec6
409f3ba8
f7d7591c
1ef3dc4f
171d8132
65e6fad6
43aa54da
0fba70a6
218a74e0
8a95f42f
2dfdd550
2c0c6c96
3b050a24
25f3ad4b
c4dff4a5
02f434b0
59525618
f9a43ecf
c818609d
e042be42
209aa823
f630e5a4
34a349d4
9875106d
b00b2646
9cc2d5f7
a31accd8
f66a2379
55fcb408
63eb4777
e7da1bc6
ef9a1d74
93ddb40e
fb1dbf62
84a596a6
c677fffb
0afe67d8
d8c1c200
8cd9c552
417473b9
22e6f5ae
cb340e8f
d7ec6e69
61d3f093
9d51fd93
22755022
768ab576
a10f30f4
0f8602d6
93a43d96
e2f0c4e7
6b332c97
c01e2efe
e5cb0cbb
d109502b
a498ab37
a2620bd3
79eb3183
9b6eb590
f812f71d
62b759f2
7f592141
61b57a99
e71addac
03d55d73
f7411bcd
facb2bf5
fb3b2fd3
438852c1
e2460a25
ac652b1e
d9be2a09
eebdc267
cbc688e8
034f672b
ae9e8294
5f5463bd
3878ce4e
d93d91af
34585c21
894e118a
d3cce062
d39bb7d0
f5dd2d4d
17de5a26
8980bc35
8fb7589f
8f91b653
975f7608
105b7631
262b495f
1996d2bf
6bbdc495
e369927e
88bbf166
58da27b0
c4329c67
75ad694a
5cba4600
e6adcb80
73e5ac49
37bf186b
eb267bde
69c06b23
d96f1954
2c4690f7
bd0608b4
be77c617
9421161a
edfe3724
685a19b0
d0b429bc
a53e13a8
19845044
19c5a581
a0a6e122
f9089709
cb79ea95
6cf90d20
e5bc1815
75e41ac4
8d57ebca
d682426d
199e9a35
b298484b
2875674f
f26406e6
871c63f7
d379f9c4
03598ea6
7eddcb44
69b2a39c
22637ce5
a36cc9fc
4f5fd53a
31a70c2c
f1d161a9
2606c515
9aca79dd
8e1d8cb3
b8abf782
df800c90
87c0c47e
a5204fdc
d33d799d
c709a9d9
c5996b19
31b1867c
b0f6cc2b
9abaf842
bd702d58
9e2c0d7a
7885af85
80929a61
361151fe
0d633216
c169ed07
058a427d
7be1d983
622f769d
5d3f247c
51f3b568
da209fb5
7f1ccd2c
75528c05
8f9605c0
92896f35
2e62b452
77128d67
713187d8
c5105d0f
7c74cfff
f1e83e34
aeb649b7
bf0a2fc1
151343db
e1fa0e3e
c879d0f5
070e7207
48b4eac5
d4c6c0f3
a7ea7d50
670fdb86
0ad1752f
c2aa19fc
7a9cb734
1d254aec
9fcf2809
99fe4e33
5f85976c
ba79fe5f
a7fb8d52
472216a0
029e11c2
dcd40aa5
27743714
43397142
29c49077
34964ba0
fc790614
6d5b7286
08b80e5a
35a4fafd
80198106
792a3539
6e6056ae
406b7e0b
cdae0241
60464d6f
91f10939
d5cc1af5
e7be5ba3
5da547f0
f8610240
941916aa
320cb943
c688ee01
f6119eca
e6e6ce21
752c04bf
9c3a8ac9
e1d94c93
e7b98249
67539143
4f3f710f
a0a20751
51df5e9b
54cc3cc2
b27c0520
a97aabcc
4f2abd1d
f5d4b7bf
96fa1d86
414ea7f2
df87ed2c
f850ef78
cd121a4b
e59e1e1d
71d7554b
7a4eee9d
a2925d1e
9d30ecdf
df323ddd
e9283fe4
6be8480b
468348e0
24789974
3b74f8b1
eab4e1d3
b97be7df
f04152c9
4fc88b6d
ac6d3e60
b914e38a
7a36aa77
db602b0f
5b1be972
0e31121d
e733001f
9671c5a8
4bbf2bc6
71262b33
79b440a3
6ab5e0f6
63d0705b
170fe30b
8e2d360a
355281e9
9f40c50a
1ddf330b
cb93e4e5
8373672e
b0466a81
ae18c610
6ea7498c
fdf8ffe1
66dd57da
30005356
f01a69f1
1350be15
442f4a38
f893d1e1
76c9e894
079d3d41
de5b1dc4
eee7d8b2
0104c1d8
43b61892
dc3c4709
d2bee612
e88fce85
ec9c770e
cef51545
00ea3dfd
c74f0aee
1c62e6e6
98e6202f
320b9114
d2161be3
d9968976
67598bf2
8e858cca
47b46334
cffff69a
87237529
17c94453
bae53923
f87c70b5
b721f6fa
6f59cb2c
e7e57421
8480c4ae
0f67563a
8b6201c9
c6165bd6
0932ed2c
5ac2c505
64e2a187
1c147225
e88841b2
d415f353
7834fa27
b7675cb2
b6bcec21
80bab070
044c3b84
30e2ab14
2688cf02
f3dcd4d8
466ef564
cea0a9da
f5894dd6
5175e05e
2bd3e313
552543e7
00a5a7ce
c70c23d6
7bcd346a
464f60a1
620abf51
c0a5468c
29d61ce9
3ccd131c
4eb6e3bc
ae08b71e
eae429b6
191b2f4a
d839db91
084c7391
0bb0fa94
66990586
058430bb
1b969e90
469f5c4a
2a78b832
88f81ba1
1e2f34a8
74c7bf43
1b8c71cb
aae04235
c284ca51
75856d2f
82bd1b18
b3e7826e
a5a39e23
c6ec020a
b6e69f1c
50b393ec
8a5e9474
24b2468c
de340fe7
d7742f16
81300646
fa94b1f5
e7f43930
68295c95
1ce6b5a4
3b1a870f
349b04b1
f14bde23
efac0901
bfc95f10
20297729
9e134227
59e24e9f
c170a0b9
2b9e0d9a
41286b58
fc699990
a4bb825f
d3f158d5
725a4796
c4b00eb8
6dc16f17
7efb98c1
f7075183
eaf062e7
da6936a6
cbc46835
d0de623a
43433d19
0224f89f
a6cdd37b
fc569647
eae3fe1b
c69e25ba
9eaa84da
f15b53e2
c14565eb
80944d99
d7d8d5ab
92a49f4c
e3955259
12fbfb5b
86670817
60bb9b55
362e9d01
0c487eb0
0f0a5cd0
feec7c46
3e28db7d
1f8cba7f
5d75e7ba
e0cabc39
5630432b
f1151458
9169a879
3c866ab9
2c2dcd04
679b09be
3504094a
7df30249
3e311a8f
2a09f314
3b229b2f
2a6216a7
0164c68a
32961cfb
2fdbadbe
b2425e3f
72421ca9
54906456
63620ffc
17e4878b
dac621d3
e4f70dd1
c9f7579e
f3c0dce6
ab4f5aa9
55aa55ba
bccbe56b
3d567f17
f5ef1fdc
582fb989
6338cf34
337bfbb5
27637c1c
f0b1fb3b
c3e15a73
e01a7c91
b63f8aba
54831d55
f3bbd4ef
5f955595
7d78459f
aa0ab0de
2d70f82f
2c1203bd
1ae94580
89a77c42
9866b568
b0ef7925
cdb776a6
eeeb9488
25b66684
b6014f75
18f19f0b
2c4083bc
2faa0107
23a38520
8c38a4d4
0ed3fc77
c47da9ac
65c10185
51a18e63
039f97b2
d4d99c2f
c006d891
d925eb68
a9337bba
5ce38d58
ac2b2f45
d0b69e6a
e74d0e55
782e7a14
51f07d17
de5089d1
00d1974a
0210333c
a51e1297
9582fa1a
536bedc7
6f6a0886
75608a09
cec79526
8e7a2b8d
ca1b8546
0586bf7d
d9756b54
4da2b05a
1afcd41e
fd697f69
839e62e4
480c9dfb
834e915d
8f8f0989
56d0a2f3
29498db4
58f61a86
a75f1a22
6b7a8dda
0e540f40
c25f9d95
1651bf40
d64bbd5f
aad987f6
55743e7b
1c893110
725dd14e
4782bb71
2ca65fef
cfc36a6b
6d8fcef6
4186a383
372ae8ce
fe4a6277
9ac3c9d0
6d38c166
1f5d8591
814425f8
c46219d1
4d691476
10ff9189
b4856db5
5ae0a88b
47e8016b
4c45158d
7815ebb3
1a31af44
97cc28ab
4e2eaf62
a077b3e9
ecdb60af
8aa54b3b
c37d8a71
28839dcc
d9997fd4
cf1167b1
370f9554
a1b3a535
d627faef
877f9b51
5505274f
acfc6a10
10e99447
b41ab840
9f388971
b6f60bfc
95cb0153
07c28fcc
c62087b6
c24a4cdc
7cc86e3e
b9902cf7
7ae6b962
4d65f18e
d4b654d3
37c05e6a
dcec66f1
a35e133c
31d1098d
1599c459
ab1c585b
6aee562b
f084c1fe
ca42fae0
8c68e9ae
9ecd1197
323a728d
a80f4519
bc7858a4
d442478d
e5a46acd
cefeb75e
b65972d8
8b341ab8
6c8e988e
bdfd1d21
3edba514
f8727845
94968bbb
8dace23a
31cb1c6c
3e27ec19
b8e01afc
e3470acb
3ba0c501
734b9732
3e872591
cce9fcd9
2424d8c5
719f7cab
14c9414c
c1a55cc5
cf2c8d2d
03cc2b88
0b9b5298
8a719537
e098fb69
70ddab0d
a5ca7402
e666ac1c
64a24270
c07ed36c
b44341b4
64187e83
2d9c2e7d
630dafc9
4d9e04b7
4e4df755
7f3d460b
278cc715
bad40f1c
9e1b4e30
6801f0b8
3358bc00
3f1b8a64
349e5675
ffeaeb5d
e89f0bbe
1b2a7f2c
fc762501
30dd4bfd
69d8f8a3
48dd3776
6b77237a
ed0196f1
ccad3bb8
4b9957a6
b1e770fc
c09e42f2
008df1cf
e6afe181
6516a03f
d9b6ceef
c9ce9b8d
bc85f490
ff5d52fa
8d93d6bf
2d88728f
8b8d0847
65796643
41e2646c
9c87b40e
56bb7e87
2de29fc4
bfa6ab20
51e32ce2
0e2a7fab
c11ecb9d
bdd3fd12
7f165e84
389524c1
eec4e919
ad3954f3
04176e40
6670f4b7
57108e80
3a1d6cf6
252e77b3
e760bc47
1dc11d1a
5ab5a0dc
e2db58e2
2f822501
5ee3c3e5
d2c4d55b
bd16a417
0e8cb723
99d66e8a
d6d7f7a1
7964305e
eed192fa
dddcaeae
0b9885cd
13c07b71
571d05d2
39422d32
b03d08f6
497dbb51
968b8e74
67f0d72a
23ec354b
75ca599d
bd584f59
d2c26033
5775c719
92628f9d
b207fded
4d6f4d2d
1b7d2235
468dea0d
8be32479
1287f252
c275116c
50353a0b
47ed0fea
83d21f6c
539091da
629789a4
331c454c
06462990
f1b794e0
bcb50b36
543c8d43
0c571ac0
b44c30fb
e53ba5ce
1e8f54be
6c8a08aa
e9ff2903
0e5036a6
08bc3877
51868db9
825a779a
808af368
47072876
6b1d19a2
216d69b5
8e8d3aed
1c52e091
b8b016e4
7508d38a
11164875
6228c17c
73e8fbad
8f59c603
75456770
0cc5e044
f03808e1
ca470a6f
8ecfd90d
8206617f
f4ac71b2
704b7273
ac87c3b3
74f29677
d0e6a745
147ef59e
d582ae1c
5918debb
74b4ad7c
2be38ddc
0c6d2e2a
63eaca43
799db81c
683ea479
909890e4
07d961df
aaf109af
2f5951a2
3844ee0a
63fc4009
92a7b4aa
64ea2047
7c80a5f8
259dfb1e
bcaddc97
e2f7434c
b696cc8a
dcf19400
20597da5
aed9f4ea
cf4fb302
551eeddc
9c4789df
ad840d4b
0a9b2a64
4668c978
8918534b
2671f5ca
a9c01f47
f00d6ae8
558a1a5c
5013f5f0
14f26027
ccbff3c6
7d062c98
23c3714e
2e06b003
296cf666
c10cd77f
29afa5ed
855a3e79
8ed9acec
ec58c95f
1e59b3f4
23d357f1
b072120f
f7c6d991
c93cf654
a3fe4794
c8d7f722
7778ddcd
2f0905ba
923b77d1
055f0793
90a8d7db
4281dd42
e254f8ac
630063f2
a1beb332
be9537a4
348addeb
0b6b445b
1343a75d
991e82d8
94a0961a
77840552
52df8a53
dd0ad9e9
790c6be8
8fc6c30f
cc77b672
4729812f
8e7bf894
565d024a
1eeb8ee2
7bd68a3c
927f31bd
9ef1bda1
f19adc03
5c7291ff
9c3fc4b1
e75c9f57
1f8d3a8f
ae002def
40b04a76
8e342a3c
cf65dee0
65ecab4d
b117863e
45b40127
7ad08a6d
4406f860
9b8b990b
dd4c67d8
99f00bac
504f70f9
6831b481
818a0b82
f79f46c1
4071f1da
9d50adad
5785f332
5f8cc788
9c765843
63a6b756
d66a1e79
407e9650
aa5c4f76
e0e31095
d9ca646e
f62b5032
0d5a6866
17a3f021
f932a634
3610d2c1
9e93f837
94367424
7cabd442
866448cd
392803db
e409c4a1
5ab2cd4e
fa8d39a6
9d6dafa2
9d25cf11
1a3011f2
5d024f59
7205abad
651f1412
af805264
dd091bb3
888d67b9
f51d82bc
c88259f5
08e4820b
689d4c7a
674e24c4
589df285
4f389035
3e03d7df
868997c9
f92641af
f93252c4
70d5a13e
74432c85
04112933
3c435e01
29d3d0a8
0183867a
08976ebe
f59da19d
9bdef44e
3502f269
6680f440
362179cd
5966106f
97a26bd6
0748555b
85368023
5eeebc10
d9e83817
a9184551
379a2968
9c9badce
a6b39b32
38fb671c
d213a950
6963df7a
fcb796d8
d7412650
c3e374dc
27429596
67857a13
8dd5967c
2fe80b71
0d650cbe
bcb84c5d
d1c617f3
21df52dc
468d7335
85e064b6
4d2bbf61
230141c5
9fd09f6e
3ab3f029
66e9fbe8
c7df4e36
d006dc0e
9383496f
2b8f26f1
c57d1350
95999ac9
f44bfa35
45e713e1
39cbfeb2
7706e255
672f9915
d25866a1
ea54d735
ba0abb79
e8d28ca3
0d17532a
5d306ccf
a87da89b
a8db22f5
f3e7f7f1
2b34c862
e8e48c75
c2f12f01
4689ffe7
48743ae0
489dbdd8
49c87d46
5cdb6e46
e1d878cb
a99b397a
e33a1a78
738628e2
1fcdee6a
fbc0fa21
666093a0
b7f6dc46
64837173
d097ca82
633c84a6
78b40d8f
013f873f
e7af87bd
a6906cbf
67543c83
3d90322d
ac7632aa
c7a0c79e
828d9358
ba09dd53
23fdf55d
2ff4fd0e
00a6f57a
2c5d4baa
2ffd030d
1e5b80bb
8282094d
fa0be286
3548e1c6
dda3de71
57aaddaa
8cc7349e
a4391217
99573a01
c9559ff7
50899843
cff80db1
1cb496eb
b43c2ffc
f50f808b
bdffcd4f
7f118ccc
bf4280e2
3dbe147c
96cec32f
a2534400
22deea24
c14ca023
3f57a556
f54a73d5
f9766be9
70d95350
e7e983f1
8da0a4cd
62c38cd7
e1f12b23
061c40c1
cff3e5eb
9048236d
79da84a7
8381158c
8ea09d0c
774192f0
57dc3d07
77430aa1
f574d096
52468a0e
aeba988e
b356eb82
e5676706
daa39d6d
1fb7a00e
0a64e6d5
b83e9e38
93ee3502
d7ac6fed
6ee1853b
64f85bd6
7c250e86
0cb38e70
50097347
b89b7480
5ebbe175
e05ad326
21ea3d1e
23bfa018
c4fb8577
e9f484c7
a7eba83a
a7ecc6da
89394307
ec905534
ac2615bf
0f38f896
5781afa3
b8eb49b6
3e46be4a
7527687e
f31bd8b9
00852262
4b5e4db0
6ddbb0d1
ba721f9f
9689a85b
d899757b
b699ab0d
4b92955b
9b7ecb90
e7499772
9236fa4a
373a8e60
b1714531
e286c8f3
3b3cd8d1
9f6f8b20
dc2a8f93
5c7f5026
da41ae36
efdbbc7b
88bfb815
3329a012
f7770429
a2bfc232
73abf7d1
f9f2901a
dcd2173b
3048aa9e
4d611268
508521a0
3a0b49a7
1b20c19d
099d5eb1
706dda9f
65742f22
2a8e5a88
4fc9397a
ab133c0e
3e466f62
7d330f2d
d8abb892
2afeb54a
10e097dc
6bab774d
fb6bfb90
adc51d51
1dd95a40
eeb91b6b
8785b74d
d138bbfd
1b5a5184
20a7ceac
108a5459
097d5857
91ae7e5b
e99bdd36
b4924e70
6a3aaf2d
3e9db662
12af1fbc
0c39ce72
9dc835d0
e351985e
d8cc6b98
a026e0f7
d73c1b34
4732b1f9
ae651a23
31c16b62
c522a710
a3dfcd8b
d2f337f2
e783d9d0
8bcf3480
cf368a6c
fac76b78
75318fda
a7081462
9fa554d2
f067dcae
4944015e
27ff59ed
4a8bc67b
6cf3289b
bb328c5d
acd049ab
91b54311
45d8049d
553c67f2
b03cf8ef
42d93be1
743f38be
b0d1f1d7
490806a2
068fd70e
be7583d1
33b28e1a
503446ab
21686506
c84a7d12
bea050a9
1387b41d
98f31c10
42663590
7f0db3d4
8d6ee113
0ff90f82
1be34f78
76fd8d3c
ef8976bf
dbe18489
20fb721a
eb2044e8
3ba9de47
1604ba3a
05ebb8f5
4809f5fb
be0728c4
cb0b179b
aae33c43
130f6c24
9c868925
2c4140ad
40d108ad
7573e57d
409f3f32
630a395b
f2ea1886
8042ed3f
cd56a898
02e0cbaa
b07f31ec
e0248dd9
07e088ff
dff7f681
d5a6ff8d
1160f61a
949eefcb
b4ecefda
5e2781af
eba165dc
36af4243
b7289b24
ce2222f1
238ffb0a
3d453b6a
830a5639
6f9b89d8
b6a6d02e
f38dc61a
2c2ee778
1a4f30f7
57dd7a23
eee04f0c
b47289fa
cd133521
f0afa1d3
c0607d55
ea7a3f58
b0e7aff9
8a36f1cf
db3922c5
ac6457a5
8d9e3609
13532184
4971b14e
aca52c67
fb7f2eb9
0e47136b
b52e9a76
235e21e9
edeb3503
12e4009a
8f77d4c8
c447cb74
e575253b
ea03c010
933460a0
cd4f0105
17e74c7b
4da54c5d
e660347e
96526b64
ede21c0c
f0acd609
ef1d3f58
63879c4e
b74b80e8
782a1416
ef02e7e3
e4106c1b
3768542c
88654301
adc0d648
833795db
6e5534c2
99b0ed85
6a4583a2
482985e4
011b9f30
87e88eaf
c9dfb6eb
93852f1b
ef6739b6
c6934d4e
ab40a497
67c65c76
704aa3b8
117f8e8c
422c9751
cce3bdd5
0e9fb73e
67546dc2
d243dacb
02c65aae
16cb3c81
506d6671
9d9ee7df
57d0c926
78a628f0
22c13548
3e8d2114
e7c8aa95
01246c89
50321e7e
f1026565
2021d002
86f3e21a
4dcb6abf
236ad3f9
cd8cc7b4
5ad75cc0
5d80defe
25ad61dd
c92d5910
5445d1a6
da12f6bf
9673045c
7e9eb1a8
a406bf5a
456576db
e5293385
c39d2fc0
839dbb5c
1564445e
ab878494
c1553a0d
9ce813c8
5c0a3da6
a843ce6a
1becb855
0e30c9c4
68008fce
bacaf577
40af054b
0718d910
708d0482
78187a18
6d5f9b2a
ae797c26
258a6f21
08f29af4
f84705bf
30fc8ec7
fcf68e79
70f5ed93
6e71ac26
853837d6
b21e63f7
7d1b9228
2496d705
f4a70fdd
bf4ee542
4f9280ba
f2806234
60052401
89fd7bb2
1452c3da
32f0b5ce
e245e23e
5914afb2
12b17923
ff0b47a1
c992a573
e46638e3
03abaa77
513670b2
0eea8f15
2dd33d75
67c1b013
3270d332
8c6723ac
c45d0cc1
0126c666
eff8df5a
6ec25615
d3ba766a
10482046
af90f2c1
fe94a571
6b73faa7
cfae55d3
12a7d571
31cbccdc
c763df4f
dfd64921
a7448b6f
c1c1b202
85b99d4b
12ded65c
182383b0
e89803ca
4ded1f19
96f9d9ff
7b3359a0
443f8e08
1cd3de60
f4ea122c
e74e02c8
a91445ed
845757fe
23da32d7
d32d02e6
02c078d0
9ef7e478
2eef7ea1
29721436
ad9a23e2
a08bcbe7
b02c3722
10d40c92
90dbc89d
4b375b94
259877fe
7b5f4eac
de0a5023
37f59ca5
a0ee4e07
e18e7b37
d710bbfe
596049b4
6fef4311
49c1b5a3
a5e12ba4
58e7d0de
b6e88f79
975e230e
608b2514
a35c3a17
8c5e84ef
4179ee05
ba8b0653
e05fd977
a77852a2
75c8e692
7f72f0e5
00317bab
d74f776d
8597573f
8d47e648
081458bb
0820995b
317dd17b
2a7012cd
029c330b
698144c2
c6d287af
69f2094e
b7a7e0b7
ccf0d79a
d10919b0
3b433f2e
4d431126
b060165b
5d6f2377
db98780f
24a03a67
ed39798e
1147a24c
88ba7062
f9e93468
312d40b2
7fec1094
c2332a23
e1cd23e5
699cf915
bedb91ee
bd2c9f7a
b19a0275
a803b170
ffe1e66b
6f4bc9de
5e822d4a
167a5fc4
4916df95
0f679725
de809e23
d62c7f73
89071e51
6b10748c
dbbc56e1
7a90eadf
dc4d4279
2b03da81
ec77c054
9dfc4395
364e7731
e91dc151
ad75113d
5bce3354
3ce6767f
1d59bd0f
66a095cf
b8fff0f3
77e790f5
28325a34
9c9d1d8e
7d85ba37
b689e00a
e127a1b1
eb86c2cc
19221b7c
4fbfcf7a
3a706f48
c86faa57
8553d868
59e797f8
8bc83ad9
e7a606fb
298f36eb
610a2fcd
83789b12
bab591d4
4f9ff3dd
495b333c
d11ff2c9
9eaeec21
187f1d3e
61480d39
f2520217
a88be039
c90fed54
b33fe9ea
c147af91
dff9dbfe
3265032d
e21f8516
26429971
bb3df2fc
00ba8727
ad599756
73cad6c2
4623aa45
4814e42f
8f395d3f
8204556a
aa3349b2
3cddd0e3
4a2add55
7b25414c
63610919
b2278d7c
81d3638f
d67e7ef8
cf2a3684
fbaea6cd
ea7e120a
7996bed9
ec1627cf
e3eb56be
fde738f7
fe80ef56
5e2552f9
06d4fff1
e91c519e
0902eb8d
f0c77a8c
13743b27
3c2319d1
ddae96c9
94cd2af3
83305ff3
48ee1965
d7cbe118
7f896ae0
a2e9ad65
69db44ed
6e1a4432
8f95edd4
fbbaae70
a4777207
0a00cca4
a3baa7d6
a2ea4cba
acf11695
473def29
942a04a9
35945336
4d655e95
be3cbeff
5c1bc995
ae00ab75
f4cb03f6
fdb4f44c
96b40f92
ca8e9b77
3aaef8b2
e81ef8fd
0d2925fb
c03db8e3
5f09da89
eb890a4e
4d361a68
73264578
6d4d4688
86e0c14b
5c75a269
e603fbf1
d26e6b79
f50d2829
737cbb80
4865e499
0ad47055
36d1be7c
4ef85c5a
cc9de766
6172207c
92211d95
d0c35829
be9c0702
c5ece452
bb247d89
9b51c8cb
58f8504b
dd4b861d
81cad1ef
817dbe00
6d1299b3
21080891
407acba0
38c76033
b0d3b3da
4c20c0e7
34f3cc32
663c9e92
7e390dcb
6c90b1bf
c98c29c9
6c7408c0
c4ff8a3a
f9fc7878
606462fc
0b5e3868
ce1e3437
abbbb6c5
d50dbf85
0fca6fdf
50abd19b
ebc2603b
9ed76b5f
b242b83c
f537ba00
bce94f1d
87b8a2cb
4ec7cd05
58f8fc6c
0086343a
4a224326
97fa7707
74f879fa
5399a94b
40a21076
8e852bd4
227653ba
cf508bcc
f2238f1d
521200e6
76c432c8
cdd7e15e
c6352756
f7cd6454
8c31e8c6
c221827f
0291c4ec
1c278d04
9727d721
6d468922
ca0cf02d
ae818855
1a96ad81
ca2a23ed
d881b485
c7df9b7d
0df67c7a
4d7f8c1b
446eabc0
5b9314d3
8ffbb94c
6e59267c
8c7f841e
0dd6f595
3adb5f80
490cfd60
8c515b00
3938297b
b67f764b
9361edce
19572c36
5f664c31
dd65f86d
c7c4a77f
7c2953cf
369f5387
cf8bd050
8ee44104
58a155d0
7d834bae
669e5f51
fc98ae9b
7c9cff68
64c4f30a
03323620
7a885491
c99f7866
4ac7ce6b
2bd66544
ec307b0f
58c37beb
c9eda865
05be863d
da8071d7
27deaffb
267aba49
42badb17
8745fc5e
bb175dcd
2beb01a5
246ba56c
d8f2f5a3
dc64769e
def7b731
e32ec0ea
98111b50
92bbad7a
aa95043f
ee4b8399
b909e54d
8483e889
b6f4921c
c8bf2573
fdedef3f
dba81112
125f6092
48f5bae7
6475c406
675f9724
dcb1143e
9e9b3175
9a5e2210
9f58ffcc
e7484b60
79947ce2
0bd43b63
1130e7e7
6647e0b6
f741fa89
2db34d77
618aa9e6
dbbe2b65
e56cc787
96e36cdf
3fbf639e
d248b6d8
89077965
be522648
7504d770
6c8559a9
7cd6dd6f
52f6686d
fa9f1ad8
7ba774f1
198a131f
ccf34c45
79da4d3b
fe7d47d8
42beaf6a
18e45322
b2399b81
2c6e32ae
4b7fe220
8c6b1442
ae9f15cf
b8f84fc1
00aaac17
1805b1ac
a49c47ca
76aef59c
4a6490cd
8b793c33
3cc01941
53135e68
f0846870
4a19b42e
445c3cfc
72bde7db
02df26e4
94e74a8f
778a59a4
29824003
75a34370
7f9f8874
da02e3f5
3c6f4468
c2ee9642
ee15e97f
39e84e92
90bef22d
40f966d1
2f06ce35
5de19b1f
cf067be6
af49a301
9eea4ad3
c2440d2b
cbd30b27
239c2afe
c9044951
c3f8edce
19cc270a
856ab848
dd6dbbf0
396133e3
7249f88d
09883d65
223ebf49
d04d9a21
f4bd5d85
bd26b099
d73d4261
6f10b392
a6d029e7
c115d477
611f489c
ab1e2d14
42deb84d
5135b74b
96278762
05630455
6b837228
a287a588
35777fe1
e4a6aa3a
837bc217
b4bd4c87
6cfc4408
5a9433c6
b425d2a2
d4166e3a
9398df45
42ae24ab
1a33903c
0083dde8
a098277c
f1a97cd4
bb627bfb
5289d3fa
8d0b7483
55ee0c84
4e1611a4
5247bdf7
fe2f6648
06fd10d9
1ecae641
ae10a568
639af2b4
6b36df18
fc6bdb1b
ef8e9c20
9dcb50af
183c78bd
0cdc6584
2c26db94
98bb2fb3
1f0e7daf
a947a99e
22909c30
ff1c60ce
b5d24084
2e0e0aec
f1f574df
25105270
889303ed
446dc105
4ce1a58f
a138bad5
c6c2cc75
90c751dd
16da8801
ca9ff4a5
bfa2ac69
71ceb2f8
659c73be
d633a133
9558de4d
6d576ca2
c0c04d60
28302698
9d1abc9d
7d24f176
df2b4549
9f54b408
82c21903
f2c6209d
b3e6fb9c
a3957177
85ff8075
9a1ce982
f04cc16f
171a42bf
606aa693
c1aad468
ebc09038
9ec40825
08c2a587
147b06d2
d72a552b
6d076481
e0197a3a
6421e379
5ec58633
372597e9
eaf8e274
2130904e
e071febd
91cdb526
f77df2e3
ec5ff61e
42b948e5
438faf6e
ad2aca24
22f1c179
108df895
4e605215
74c95a08
f8e79029
a5ce8568
e51ad163
469a60ed
228179c4
b4483873
fa92e02f
2aa449cf
0875cd0f
67efd7d0
9022b173
97aa5c60
8598d609
72f08457
9adfffb1
3894bfac
b83675e9
b366c38f
1003563e
7f078ed4
3c342542
6eda2fe5
9ffdea5c
656d29a7
b62567a7
5b3cb6db
5c2c92b0
338d1c1c
9889518a
dc0f71fd
d72e0b30
fb2328f9
858ebcae
523353d2
159a963d
4a545bcc
8f5bddb4
c3cd634e
b94dbd87
c2d92d44
7f57c31c
6f60018b
ae72e780
a1457ead
b6472194
957a16cf
658f6c52
06afbc0f
5a4fc3ec
3cf03479
7e7b5d5f
767a654c
7435d8df
ffe4b6a3
1a7b566d
00f3b084
a60caaa5
4df75c76
41a4d440
906357ae
33b3faa8
f39facbc
a81d9391
25cfec8f
f1396ef9
e3012382
3c580671
805c9dfb
27f003d0
c20049cc
30816d92
58947e48
35152570
ba0b29a4
39e1c07c
51a59703
8139b503
82fed09e
e3b870c9
a05ee069
8e448238
026a3f35
994a6f40
9104abd0
41bc1f99
c053cafa
bc3cfdcd
11b62a81
bbeb66c9
8b3f23e4
f6149e1f
0a6a9b32
5dd004a9
2d838dd9
c6d70b83
ea497a27
ef0834b4
6b01fbdc
3d6ab462
cf141c08
4a97a02d
4b7212b5
fe980d3c
6aa36235
1de329e3
b37237f7
9ccfee8d
f8c219d6
ea90ff1a
a33bcdfc
3d94cafb
ad110ef1
e1456fd2
80117301
ece738af
a29774d7
74646027
8abec92a
5a746fe6
bc873487
8e3cc9d0
c8b42283
88920db9
58d33a29
6a6eec32
70b94668
464ca119
bb2de641
304854df
d43b2576
0bc58fd1
3c683528
ad8bb7df
ae461614
19ad8f6a
26f4f19e
91d04dd8
0040d08d
3253025a
11a80546
ba4b7da1
d03c0bc7
0e7f60aa
00353df1
64662fcf
d0c15b11
471a1077
50c82bd6
b8439340
205539e7
b6467bb0
e84ae9f1
108136c8
b28a666a
9c9aad3d
56f04946
341c6ff1
8e3baae1
10de6ea4
be5c46a8
167ba0b2
a7a51e16
b7a582ce
64ed8803
5978409a
a6ed451f
9f0d74c2
a93bd6f3
888a69e2
2187a61f
b25388c8
5c261367
d711c47e
f0dee89a
21c56a34
b5ace5f1
a5c98e45
ba620f63
ef59cdd5
65752992
26b2f922
fd87905a
efd16319
9d9acf42
43ab74cf
8dad1d59
e7dce670
78fc6e46
511363ce
d255eb01
eb6f3b74
203e5b04
cca2e432
bd8752d1
d7fbc935
117b7e11
debc851c
2bc6b009
826dbf56
59afe979
a56dcd8d
ed6c17f6
04ae096b
b82c04c6
5828ad08
de05a21e
188d1c9a
50e3f815
b028795f
10bf0e71
daed1dae
da684f0b
027e37cf
55f0e511
ceb63807
1a49f7c0
3ac92d23
ca63f011
9ef8b2a0
2a569fa6
ad364789
3544934e
275afade
6185cb9e
5f166ba4
8ac8e9c9
55c6287b
1b97fd5a
26b2422c
bb95c1f4
61407785
4365aa13
de9ac40a
5d4b7313
827d6074
f431c74c
9f389034
08f94641
b5f508c7
36916893
75e57cbf
e041abad
9502e36f
36416f45
26211fe4
a8ec1928
27069f7d
3027d39a
343c683f
0a1280ff
1df3d9b3
a558ebc8
67e15f0c
d4500730
a83f709d
4a180bb3
fbcd594e
c206d66e
cdcffe02
f70ff920
4a0e6f31
3baf3650
a4bffad4
f663d3b5
a8722ea6
055cd457
1ae51d7d
91968d0e
cadeab42
4eefc05d
1186882a
48ef222f
ab9d024c
66ac1c3c
9c3c9fb3
b5027c3e
8ee3572b
b1d785f8
fcfc0b74
6fc805ea
6fc283c0
4931040d
541a4740
838553d2
f8dfe4d3
ac15539a
fcd8ac61
6032c11d
c92a4657
52a8324f
24531bda
a32c7586
2cee0b32
cbf37449
9bf25caa
acf572ea
85194f80
9eb9582c
8af1e98f
1096b0c8
af810f9e
8c340531
cfd257b6
93119d5b
cceac464
78675da4
f8b6a240
bfc695cc
a5c592e8
2dce7b5d
dd8b7809
07755f11
ba5aece2
e2b54df6
eb98df68
9df00afb
80fa79db
f26f9ff1
1fa9c2d6
e0c35784
a3a35c60
8b8cddb6
0a9cb207
17345339
429ac00c
5d028ea4
f1870cbb
6ef50473
7ca92c80
f91ac55b
30840933
1af7ff3e
834ed82a
1748be8d
30a99d8b
78fbb78b
b6aa25f4
152e4191
e753520b
a83d4934
9b39fe72
37518b7a
e507ffa3
a460f0bc
5cb43023
bf4b59c3
173c4b88
3d7c5b64
8c154913
eef45ff0
0cafe6aa
4ae82f64
7bcc8523
378f443c
0e95ede3
8ec0a620
6950173c
bb451d12
fdb124cb
8c496286
242755eb
a8d211fd
d1269799
ba83a9c7
ae8ee3f2
468dfdc3
1e36ea15
07407581
fb036a4b
fe5d7b6a
d72fa745
ad148e70
c1de5fcf
094ad49b
60b4e5af
6486d820
e96e61a0
ff262cae
e0232c3f
299c53c0
f81c1975
371065a3
b20b5cb5
bba89fa5
d29d2c12
d0c93acf
cf538aca
e73421ef
fda85375
92b174a7
0a6143d3
f08f73f1
cc1227ae
600c531e
ed801a6b
ac207e96
e150d6e9
cb54f1b3
c805d905
15440464
4151aeac
f9d7eec9
6f91e577
f0422219
5b1ccd31
12f095b1
aa7e7e29
e934a8db
6c396a67
7f5389af
9ef794c8
56d9d947
d659dd63
9e5c3fc6
7b0789d9
9a51240c
1c89a418
12c4e68a
1434b4ed
c03d8b4a
bf6c5f28
52c8ec48
d4d86c93
fb176756
e41af865
a7a18286
8f6b0ee1
68816ea2
ff4eeee0
b7213902
b2f759e8
ef6e8fa0
48f97731
ed92acb8
3d4b04f4
d32cc1a2
d0c9e443
af1ea1af
7b9af559
23445f4c
a2627bc4
caad4494
60be5255
02f492b4
294505b4
42ea0751
cbf3a8a5
793371fc
05734563
ea771e2a
46c61c62
b0c4145b
ba590303
d0003683
e5baffd4
abb08a12
ccb9e12d
9c97605c
14f536bb
e96fc155
4c313aa9
0cdfb45b
bd4c0ad7
c73e3221
58629e66
8975feb2
13d798bc
4854f7be
9b662539
8e623825
82ee2020
d2192a40
d5bd501b
0382e245
e924b2cd
69ab05e4
3cc875e3
99c1d105
7efea069
a01250f2
28a7a828
2d476356
5a2633a6
73b595eb
cf490ddb
3aba2769
e5e7e53d
2c43e6f5
0b541863
1d853950
c85596bb
d94965b2
5e79ff93
023b998a
d630022e
92782059
a6d668ae
f37aa643
61ad995d
1284e34e
25e74708
ca0bd46b
cef5eff6
4232c437
87956c87
38d2a1d7
6dbbbeed
3375ecd2
fd76ac50
27ce1fad
7c907b5e
a1071ad4
01a92b34
0ea10752
c05fd003
30794d0a
fd182359
863b5803
42c51049
0096a459
b3be3459
ce3f8a83
1fcc90e0
dfddc93f
761c31c2
6d36956f
1f35702b
315976d5
93c6055f
47b62330
5d5c05b9
09f1a2c4
2e06ea10
5a814752
19b4229a
27c21d11
7a8da57c
0f3239ba
d252f0c8
cb583905
a3d578ec
11855f8a
e7c01928
25a71c0c
1bad900d
00847502
73cbcccc
9605ff99
ba41d4de
4a088485
f163f2a3
eb4ce74b
b13dea7e
0cbb27ca
97d2f6c4
fc31efaa
ef89244b
c0136c00
de5d79e7
d5d0704f
6a4f97e2
981faf8e
7c45ed5a
cb26d47b
e3ddeea2
8574e085
22c28d53
36d449f3
953f75d6
6191a3d9
9a96fdff
99fe341e
410aaf09
4f41151a
232bed29
c8e1e5af
7a0bead9
009c1025
98d7ddf6
a2a550a7
e8cf4373
e6a587f8
4ba74444
1539e8fc
cc9c6085
96f2a41d
e4bc3f2b
ca619d75
38208c42
a01c7f9c
8fd329ca
bce8f420
1bc6252b
bac7a2cf
3ce005fd
832582e9
bcb20607
06329554
a1e0f58f
51dd52c3
f6375d87
e92c8716
abb18959
fa4eff78
561db0fa
be723b7e
83a14214
992652ce
3d7a3ed4
d8979c05
55a4e99b
bb701d61
342fb510
d0ee5897
6af5ad02
b35b1bad
13c2f594
38ee6d31
9a09e841
8e96460c
ffc418e3
cb2e3e48
cba3097c
736a95c6
ccc203d9
a09b1b81
e10d03bc
e112d7b5
be92348a
90317be5
5fa577ce
15f732e9
4dab344f
36e86121
daaed275
6f5666c9
46319b00
27507b41
11adece3
1538f4ce
a63850b7
e920838c
22090a35
1fe40170
b964c0df
246fdda3
519580bc
9b51c901
15822e8c
5f9468df
8a80a1a7
f0ac7576
c11e6c27
add7267f
24ea43bd
d177c3a8
5204f5ce
519b5836
d2027cef
4c04b802
7c1cc755
0b504b9c
253261b6
640e15cc
c0997510
88ff8b9e
36f9215b
05e3a8e4
bc5a9dbf
4c43a100
c26fd277
053572b6
73bf7ea9
448ebefa
35e83b47
2b79b4b1
2c53f757
74f0cef2
3cc202d2
54fa4934
f10b5822
2c73dfba
f69549c5
f1f76cdf
8ded01f6
f858ce64
97acda6d
cee361cf
bef04156
14f54e0b
ddac34db
b8a11850
7d7a6fec
23485eff
87091267
a268406d
4cb9a831
72616307
03d75a4e
4700b7f1
d0a2da6c
ac57ad26
fafdf447
f05957b2
da328a8c
7cb3702c
99d3bb21
3e960aab
5845cb93
93739b20
8e0ae9df
5ef84db2
75060ee8
48c40591
d8e49c6b
7911973f
4d23a593
8c1d0061
6ab58fec
bbf0bb26
bac2bf85
30118fbc
c1d28a62
ee4532ae
5679a4aa
95c32de4
e0897026
5869229a
62d8011a
c3ebaeda
d4a32892
5aebb654
e46955b8
3fbb963d
a12299d8
a4becd90
780bf923
10b62aef
35b465b7
38f24d7e
36243814
c448cf15
a148f9c4
1c6830b8
e8254c12
ec253660
14294aec
b8e69e8c
24828af6
4a71d506
f315c24f
14aa1363
692f03ae
65f02c43
1881967e
658786bb
dcfa8d7e
2b1ee0cf
7b50d08e
9bf667a9
76c89888
579e7e0a
8299b71d
051e6076
7e360dfe
1fd63451
20f2f714
2dbaf442
8f04d46f
3601df76
62d12050
52bc0838
9aac7a19
c211a7e4
9bb49f22
270bad14
78cfb8d1
8c144530
d6cec3d8
efc44a11
bd5cc3fb
52c92e2f
702f9891
294fd348
18933d13
384b7901
27757fc8
3747b8b6
c8516c39
21afb9f2
73683cb7
60a6db53
118499ba
31d7910b
85fd0d54
d9cc8016
fa870ad5
4510b9c3
fb636733
cfa20f7f
9bdfb009
27537659
f96e8cce
de435729
2e05883c
83c25e76
b745fd7c
ae93bd77
c2d8043c
b742b72f
f06f3574
c3891fb4
94cc12a9
9a71c3d7
9775f6b0
0c2259fb
9f7dad73
a6ef3d6b
9a0db789
3b22dfa4
52adff13
109b5093
41e5cab2
81c490a6
c25b17c7
70d3aaf7
5fcf72f9
7f439e66
1cc2c32a
cdfd78e2
2cb43b49
f4ed12f1
a513b9e1
cfbfd190
c93fafb9
ffde5dd4
8ca6f433
b6aff1df
e68e4e96
fa324c20
33072bfb
fc0d0355
c30df107
ae164ab4
d3d10cec
eb949487
22470f99
0a0e9994
4a6f502c
eb54dcfe
36c3b81b
e26e19ac
3b2b0ddd
80aff8e7
f65b61b6
800b3d10
c51388f5
78baef49
a5a8a9f5
380e68a4
18f24932
f6d2602b
98637c50
bcfc17d2
42832964
621bc8d5
14e4bfe6
06d4fb2e
a53b3be2
6d7493e8
66f739b1
0f720583
0e4116b6
089c5be3
f1aa291e
8966c931
d26bed52
0289e2fc
d98150b9
22f79caa
f5ec43ff
c6036521
27a9df5c
5ddb383d
9eca7592
15875f04
c6f45e08
55cf4e51
1690aafc
b6493b7f
92c9dc16
9721d6f3
8d2960ac
66135ec2
56b66210
ec83d4fc
89e7f30e
5100fd25
9d538f48
2a296c37
73a81a16
0235e6dd
4bb33523
950ef162
95335579
6b4b4dd9
1d283dab
6acd602c
3626195e
9c23e300
ec405253
f552cea0
78a7f4da
6b4cca36
9ada2ae0
47b6c9b5
d2150a5f
f6490de2
4e2a94bd
14d22160
ba3253b1
598271d8
9125b4df
0f401383
d851f410
a8947f86
7c47ad2d
18c73cf6
c46659e7
6c50b0e3
cdf16f4d
72cd0212
091b2b11
ac317574
1bc0f089
c54f78b9
cd088e3c
120b5010
b5e7dd67
4af097d5
68f643e5
798add9b
40a990f5
176be4d3
24fc7f6a
238e3d49
fe7c9cb0
31592773
15314a12
393c87b5
2ffd8578
7529acd1
bdf1a511
37255e29
69a497e0
ef58113d
178bd8ef
6e465bf6
20795698
cb22770c
63bf0b92
bc280821
4ebcf191
5fbca072
1b41133b
3d7436b6
9b77446c
e3955a11
ff67a027
65f17e6b
d04f7b8e
b1362c9d
311fff31
449c27b0
750480b2
8ceef4a6
7810615d
0b95abb5
04073b75
4b2d213a
5c80a386
ae19eadd
b47c0209
84e0a953
8b9d715d
7e804005
6bf12c08
95551303
1e5269d3
950a58c7
001c9631
6b4fe410
fa0659a1
84487863
f1ab6cbf
d6165448
8e14fd0c
ac8e2e13
9859bfd6
49539c9e
dfe3abe7
aecaeb40
6be6610b
30720627
c4a72efb
7e236901
b6bfcadc
ff32daa0
71486e8c
8ccd4126
889111f2
90730df0
15c87d55
3f1ee524
fdb07eb3
730a416e
9c774e3d
e5b351b8
2e7c2664
91ff42f2
d0958bf2
1f284aad
11ef519f
c4b900cf
a4b596cc
fcad877e
9b467dee
cb80a2ad
72750141
d1c371e9
24370bdc
40efdabb
ccb6f599
071e186d
04c302f3
412469dd
6c47cc22
562f8d57
deddaba2
f6b571f0
82f48d9a
5b32b737
07ae42b2
cefaa8d8
bb2ebacd
3b126797
69bbbad0
1f850e4a
571da89f
96d82a87
e1a94a54
af6f0788
97b74954
a15e6c89
b7e22375
95289dae
7717286e
91d5b497
4ce74de2
c3a87f82
4912c02f
fc27036e
5a5b19d0
1994d70d
7d24a3f1
23db2847
b658770b
b4d1d0b1
e500e4c8
fe7a0fac
4ed7e964
6147518c
f30248e9
4c0ed46d
393b05b5
672e517b
9ec96a82
19416633
05032d61
2aaf938c
d4cfc1f6
40bbdfac
65d23791
4ea1952c
7b578d1d
4f882dbe
1fa8fbd2
46d1761a
d02af300
c0f10b34
56c796ac
687a5321
6c73d7f3
eb891f6c
71ac7c36
ad351646
6ff9a2f4
2149178f
9ec41bab
eae47d6d
21e40668
b911bc17
f2dd7cba
cc0058cc
64fd3d04
f8b47ef1
389c53f9
d5c1802c
3e02c94f
32eda6c8
0243f278
26f499d9
44a1a147
42a46b8f
66f9370d
93710bea
8928ea84
d34ff9f4
f25896f7
b64147f6
f7f40e1e
0d25bac4
67c42cca
bbcff2d8
d8787651
2f083d3f
b0926d97
b4475125
be3abbf0
ee458bc5
b0de67c0
1c3b0f12
43192621
db10874f
318c6095
6cce2f9a
85c2d09b
9bc2d14b
aee1e16d
912ef767
04226ebf
66e0064c
3d2a31f0
52522390
281f6333
9e7fc1d1
8a32c790
440d3a11
3b3b413d
cdcada1c
f888e4d2
93a39c6b
e95f9915
60636d60
e4298f83
17b92730
4ba46064
a98bec86
5b24b19a
67d8d889
5281eb91
caaa9da2
525ffbfc
05560050
4069b42c
d06310b1
d36c3221
2f92291f
8f3d332f
930c463b
1a4e0c0f
635b22e5
e0ce34d7
ae62fade
fe17f798
a7d33c96
9a4989eb
821774dd
a820f4fa
ae2031dc
fad40933
e037fa4a
eaaa9bc6
d3dd9762
5c0056cf
248e5560
897c1fa3
72a59902
11a45b08
15affd35
24a0d69a
813f045f
8672e1a6
b0c39f4c
a64a2a8b
700e6d58
74646e88
f24f4b28
2a666d27
40ab8f8e
848287a7
77c1487c
eb7172b4
19db7b3b
88361ed5
1e2978e1
a0a60bff
2608d31e
dc497c5f
258e4578
b890e6ee
28194489
18e483fe
6a237a33
ab6935b4
fecd2788
e078eafb
dbec12d0
bd755381
c3fab14f
2e94f4f2
2c623495
33aa4b20
8fcfc145
39c2afd2
240a774f
eb9583ce
ccfac675
b829e3fb
b29df412
22ed2477
a825e8dc
1cbb816f
48cebcb7
2441b768
e53df6a1
c720951b
3e350801
9a6b7dcc
cd5c1cc8
269f9c44
dbd470ef
e6b812a9
3ab3d554
6a365393
c0ec275d
d8b3ad9e
6c24b9e0
d8c6874e
7ca976f5
ad2a136c
551f7831
06d106e1
57ed41a9
5b3a656a
71b253a2
bc8e91ca
c313e91d
34a07fb4
4eb59c2a
ee053b3b
253c87af
a6e0f7a4
643ecdc5
f60600b2
352219a6
bcc210b6
f0f5531e
91c08f94
eb25cc50
611685c2
105eb85e
5191939e
4721d85b
0ed49f0b
cca67984
6fc5c256
7b776919
6ea535c5
eef26a85
5f70d48d
da304e6f
0033caa2
5cc15753
643c1b30
352a6f55
836962cb
8dd53e59
c984d39d
2aee40ba
15e75254
e0371faa
7d533e6e
8d715420
cead1e28
1d52f252
af6f72bc
53b81b9f
2fadadea
d7ebfeb5
cce70388
e54140e4
576efb41
7542b27c
a422ea32
ec555051
b7851108
b4005d63
ac5a0c50
360738cd
b9731608
30ea0f9d
c68c378f
c44cf6cf
21e6f735
1ddfaf36
5dc2eb4d
d97ff838
c2b9789d
112fd60e
a362406e
3018f1f6
07d9baf4
2e350c24
7fb0c252
cd9a4967
3e2e4c6e
c001e22a
bdc3811e
3fd563f1
72d40969
955491a2
b516be44
b61a3746
e436a081
eee6b5ae
dfcea96b
aed2fe26
e227e272
9b564aac
7d004276
3debda18
43603d6a
6d12afd2
de342341
28cb1468
bcb5dd61
c447d99f
baebf70a
90db4c01
f4271988
bbf391d2
459b2016
88b26e00
b58eb0c3
af090bf6
f8a9ba4e
b1b90179
864638d4
5ca33544
bfd89771
77914265
54776da2
a512cce0
8d91e0d9
06b72899
30fc2cd5
366f2d60
70f29e32
83dcbe5e
e72efffa
bf00dc27
dfc95a79
b56b5719
7894dcc9
29178cf9
e9515a47
c83d11ec
0bd9cb64
9c6236d3
b9ef892b
9de6229c
a3bef7aa
2cb3e230
ce1048bd
f0dd2f7b
9b77c00e
392f2da5
69239849
65a90b9e
5bd8e9ae
a3aef124
5e8316e9
281fbbaf
10864022
9d3fdd85
9098fb9e
a85672f0
66424336
1af5472b
a6ef9de3
db242eed
d8e168fe
0dce0593
bc85c689
7b402f21
92f36f6d
ba168d12
60fc7a2c
fefbaa4a
a7ce00f8
f0eb0f76
790edbd3
11a0507a
a07ba477
2b219bfb
7a11592f
26e34ccd
8f5e31fa
3985ba4a
d2e836f0
69202f9b
e70b9cfe
02a48c29
f97bc146
767558c2
3d6b54b5
54a5d46e
ab827a53
5ce3df42
688ba772
aa4f9823
36b6a5fa
f64fd97d
9443ff16
8d02979b
8f7eb34d
3d1fe17b
4068f1e1
24d5010f
0b238dda
d8727277
1891fd0e
f65a8a65
5644bef5
fac118e2
ce7eda66
243a9e73
d5fc8c0d
bac38ff9
36702f4a
b43c7e5f
f39c77b9
e8d14c94
ac949fb9
64c62173
105c83dd
3a564ace
b860b950
11412259
d9b4a96b
e104ecda
e0cb654c
d0803aef
151fe34a
116d2277
f888ca31
edce8210
fc620c0a
c599cc36
d8e29323
e785cd6f
bfdfe1ad
719d0ee1
d3b7059d
a55aa6dc
8a9abcac
90be9729
cd42c4cf
d340f084
d8bd289d
a31c05bf
e1dfc5d2
2f0ec8bc
f7c5f930
e02ff3cd
e4c4f783
fcd60807
1e90d1f4
0aba2bfb
f638ff73
8ec7aa7c
10c26af2
83aa9837
22317c82
140b6e6b
f917563b
cdb6b2b2
83a3224a
8e48567b
e7151684
2bff7493
c535bcb4
916c833a
73ea8b45
b00720aa
e1f87107
78d00980
629f58c9
1442b143
05b15567
c0e61bfa
0948fc74
bdd69e1e
ee7c32d4
bbc629ed
c8cee21d
d9ecac08
12077180
51370db4
29a9e2be
11ae7e28
87c3a76b
fa7ff4c4
842feaeb
397ba45d
9d25a7a1
36dc403c
5474fa69
9bf90067
c79f6a79
63423819
1d11c0c1
367357df
bdf2901a
5ddc9c39
4af1a318
6e64b19f
263941d9
6ac3bb69
ac968e55
50410f3f
1345b0ef
416490eb
8f74a6ee
c5ef07dc
72ff9bd0
f0d04a90
61f9bc56
55a4c245
83498e2a
eca12b9b
7943ad4d
5153a23d
804aa0f6
4a3f284a
0d13b5de
f2811af7
0dfc3651
a2aff829
df6c6ce4
005ccdd8
bfa79d49
d610161a
22ac3cdc
62c510e1
c36b4af4
c26d3e9c
6377b288
1b650c28
b6d64ef7
0566f5ef
b705bba9
a4d805d8
7196d6f2
292aa27a
911508c9
d7f00c52
95b2757f
aa5bb72c
24685fc4
fe130558
7c334c27
b555b5b4
41791d8d
eb5ae43b
71e011c3
7c354b12
dfe7a543
aee09c50
62041443
17ead494
22f9beeb
506e2cb3
b19fec5d
f4d21e9a
362bf237
f38660eb
4802d0a7
fe9b5c30
c69670d7
3c68a76b
64dfab8b
807f9ed2
3ac6b1de
a489358c
2aa8204e
bc1ed1d5
f2c00319
b8b28efc
b7e581ef
4e7de002
e8790b30
178895b3
ddc060e4
06e56aed
9104bab6
86a9ee67
7b2855d3
62621ae4
cca781b9
1ca31a8e
00f764f4
e4f5c1dd
dc6fbfbb
6f21f6b5
dc298c66
5b5e8fe3
64b3f884
67431d34
bc541e2c
8d9fcb4f
d2183bbf
8b4129a6
bbd9b2d7
094fdfc7
e55b720c
6242d0cc
e0b686da
096fe310
5d18ab5d
3d7de282
69b6fcc9
3fb41894
a966fee9
749e66f6
9ae189a3
92e7d205
0440565d
755a585c
83eb6926
c8ca4af5
505e1fc0
2d8eaca7
ae40b162
80d2931b
f5827b7a
cd1c8271
8b807b5b
98432020
2d18677c
bb37a4ac
423c8d32
59a08c77
4474473c
b85a6d1d
413bf996
c2f8c3e8
472ac113
cae992b8
19426c4e
7fd2d86d
3c5f9c75
07032975
2f388553
848f23a0
8a498948
e04818e5
7b48f6a9
f4020b96
5f3f5422
82808615
15016193
f258db94
b733b9c9
edb56094
1d934d1f
09093834
f64644de
26b9917e
6efe3d07
2c7fe2d3
f9eb52d2
f199fe65
257445e7
1ab4c65e
c214a49c
6db8bf10
1d9db67f
3871f33c
a8b71067
18aab2f5
f9c95a92
548b15a2
c0664bb8
34bf3ff7
db9d3dad
68f36ad5
8f459350
fd863f59
5e4df401
1ebf79fb
22ce6779
2b293366
2d2926be
b69f1b1a
ddf7c200
29b219fc
4f02f08b
13f19996
1fb40a5f
c0bb3f2e
f94e7485
8eb4bd48
ef80fa74
ff865648
1ee68100
e61ac321
a8b01910
cd771f2e
9fec4e54
95cab6fd
43226ee6
ea5d3e52
c6497aec
6c240b20
1b282695
726d4855
a4f1c648
510e6f0b
8b9c2b16
34d70c16
2902d0d5
54c28741
3af70cbe
ca08f291
f6628658
d503637b
38bc6e40
9ce90533
2a7bf65d
6c20c623
c69e419b
cf2d0080
bcd7f9da
48658574
24b6bb2b
c9e5534e
25493424
5802ed0d
02b9f4b9
f0224806
03f7dc16
7743a874
944e962c
9459464f
f70fc6a5
7c62821e
276635b7
0f559260
73e31c71
3d902cb3
d7b55d90
bf33b23c
a0eb33c2
9d0f2f7f
afe41355
ce61c00f
3eb1e6ab
af18f3b8
68b252b6
957bf05a
93f8ce75
72fe380d
eebddfdc
cc9275f5
86724cee
a9f0660d
71f4dafd
ecf1e7ce
e2608678
3827921e
ba3f33cf
4f4c75b1
437ca49e
b4210c09
8bdebe16
8a639c62
2ea3f3fb
03ad4b29
29a51fe5
0f3186f9
bf66affa
af9849bd
5835da2d
5a499296
a10af35d
28888c82
1aac3c7c
f890aee7
00209292
bb24c996
21e9a641
0ff49c7b
eb15662e
32215894
876b64a9
573605be
8c9ce398
0f34b292
f7a239a2
3dd8a5b5
6a815fcf
cfbc9479
c72fbfe6
f4a57cac
a023fe4e
ab79c09f
57f932e2
c89cfb79
0d39c857
95f40ecd
168f2a7c
2dfe04e7
cc30f438
dc70e488
e0d3de52
234eb639
3ee6a2f8
ea6ea8a2
1483b04d
c48137eb
00e568e6
5b7b5494
2f20cf26
3670f434
c28fd25b
b43f0caa
fa145f95
30ad8592
355ccca9
cc9a78a7
d5c7cc3f
2ad4bc6e
abc8ae40
c85c5b0e
63c8ba6d
68ec399a
20c20a23
14d5fca6
5568904b
811fb54b
9ce86ce7
98568d16
88fc00e9
52339f22
0b17cf6a
76d34c6d
971aa932
9dac356e
e7a78fa1
511ede65
5055de7b
491c1939
92e5b1c8
d48dbc9d
1d091667
5284865c
f9b9fa53
a55f20d6
d73fb1a5
0ca09084
c092e953
2937735c
5c50b629
9e3e21e1
8bad2188
5d0aec5d
c12b2580
3eed3bb9
e46a78fb
3c0e6539
269fd45e
74105a54
3f08adad
0f3ceab9
faf14c92
f23fa4f3
5324dae2
c46015fd
41242a1b
71898a28
97a36f62
bb121aef
e77da5e0
e83adf75
9d770bb0
8f592a53
5308bffa
e9da9daa
9e473b3d
bf72caaa
4a3754d9
a980cf22
7b649cbf
d423b5a0
cb1a5060
b246039e
6b0a7b06
2deb3256
2a6730ec
ef8a98c8
c83f6a52
94258160
9645f3dc
900ee2fc
b798241a
c461d3b1
f4baa987
02a6d3cf
1594af52
a7bc1ec6
9218a086
d1a4cf99
608a45d4
64972997
d33b86cd
e13bcf08
e0d315f8
3443ec86
c69c0086
7679f29f
ee91dc71
745fa803
eea415df
ce86260f
ad4f164e
c3f2ae07
d4cd5282
fce16c99
a383e68b
e6baf273
149abe98
5d93652f
605d9ec8
c8e83a21
301de35d
d46e5e9f
8764764a
586b5cc0
630f8149
f7f451a5
1038d199
3626d73e
513d6ca1
4a9c2fee
daf0dec7
69128caf
a80e6ad1
1c3f3f74
d79698ef
9c194fdf
16833253
c8ba3fcb
e6919c3b
a6161934
9a0af300
627d1ca9
c71952f3
7a51c3a4
0278ba85
d283bf0a
c0ef16da
8bf1700f
adf86cf2
fd8e8db8
8c012dbd
c94315d3
bcd78334
d87a2382
b64811bb
8c87230f
cc84940a
1d83af29
8fa24bdb
8bc3837c
412cd94a
76b4b370
c88a2dd7
99069db9
5c96099a
3d2aea14
1345853d
f86c20a9
55916b9e
4c6a342e
5191c196
46250e2e
3fab5aa6
1e1372a0
80e8bc77
ac143048
e10afcaa
0ecf8da0
9a46afbb
a71b4651
a489c2d2
fccc9778
edbf3839
4defa290
f26751d9
bb5ecb3c
a8d0147a
237562ef
b0e82399
739af2ee
ccc6d0f6
7034b9b0
88fa15be
bdc27cf2
7425cf03
c18af826
88c97c30
d684d468
e1b2bf4e
66ea6458
50b0cc49
589673d9
f0e21480
4abc3bb4
8a40b5f3
5120e32f
51f34262
8072a335
8fc79097
ba975162
9ba947c4
d75709a1
2f3e4f10
4b41b37e
6cf0e4cb
dd3d7b8f
46aef33d
43899611
6a029ced
6cb33529
3f0b24f0
588c903b
3c1e0abe
c6561132
00690734
69275716
b4bf113c
cd12226b
b63ef532
75701016
1da358ce
c83404b0
440a7a45
6e26bc84
68a91114
58eefbf4
7d8e445a
beeed607
402d64de
51cbe7f4
77c8b5a5
e7495830
6c901bcf
5cd04e4e
49b04a27
6b4ab7e6
c3f1be87
80ab2ecb
7eb26d24
4630f351
cf981aa3
26af8a46
a5f54aa0
fa88bbd6
b18ae38f
65bf3911
b2ab8da7
fbd69a42
39157017
55264238
e8244a26
b09ea3f6
e209ee5b
c12be758
b8d5074c
5ac09fa2
9e7e7707
94207bdf
ac070e31
c225d17d
1168b6a7
fbcc01c7
254e67da
80eac129
e32f029c
06de2ee0
525da5c0
cb11273a
0771b69c
368610b7
69cf207a
600139e0
baf9280f
2d82603c
fb29bac7
15a00c5b
6b5c6ef1
110c1080
7b3f4ecd
7bc434f8
6f5f8299
bfb9fd38
96889367
71b00c70
c9dbbe52
83d5e65b
1375de57
7e4ca0b2
c1dc2311
8beb6154
74d6f6e6
e6d21462
a5c2ce13
7318e2fb
8d206fd0
e05c3d86
86863c2c
76fd9d09
5fa78c55
a1a8d802
72b88f7f
2fd78f42
1a14c02b
48e59733
c15b405a
66072b10
4aeaa2af
d13ba18d
97e4318f
67d312a3
dd12b0bc
184afc22
16e9faab
b2f56082
d6fab372
40bf0342
33e9f189
019e2ed4
e9e80ffd
f1cf97ea
937aeba8
f87e8a49
78747b5e
fb1a4f25
b70d14e6
a6f7224c
2ce55f8e
660f325f
92cfb580
42eb0852
c72ece60
0f246b16
2b7e2e87
e993006d
f4c737a4
6e28500c
f4842cd7
1d18fc0c
e1be11b1
2a7421e7
c7068137
d0cc5718
d50f35fe
2e5ef573
edb63e2d
5ea119d4
c8e88f78
c39cf77d
b950566e
b8ec7392
1ae3ac53
0c5f686c
a024d82a
9d1b5d5a
34afdbb8
52f7f649
4dda6b12
4b2f5b3a
1ccb4445
21e33b58
5b2bf269
b4877175
657f3f56
46ab1126
b44a167e
5f4ac100
5b750a56
180052ef
ef25dc5a
23a08285
bdfa08aa
82143b5e
0ce0644d
235883a3
f951c111
fe8fdf26
2ec1afd1
23d3dbeb
122ca694
c6873383
7ea1dcb5
323a91cc
6aedf8a0
89a214ea
cca50828
e3c07102
17b43a6c
033edd4c
e0d10309
bd05af35
540f9d02
560b2fe2
e05af822
41f02cbf
56b62eea
8cb622c9
cd90efd7
11cd9c88
01a778e0
42c3a821
cd0481cf
828987ae
27821a32
5eb1b3de
073f1b68
c9d9579d
0d7d57e1
27d91743
6e0b1056
d3f81ecb
7786ef9e
ec986ef9
7659cd6c
e54aec06
c88aa188
a9265e84
0f313b68
15a09a97
0417f785
e8f66484
d344dde7
bbf724b5
6d134543
0fd83bd5
ff510cf7
e93a23f1
cd7caf6b
ffa3fafa
ad10d229
613c4547
795b9df5
2c6de77a
5d7aef8a
521e6d74
e3cbf2d8
eefd126f
9fb4f129
22bb2c2f
6c7e65e8
9b5795ab
fadc70c3
1c6b6360
47690ef8
5af03314
4f955d12
5427ef0f
3c2bfe19
59d855d3
77a9abda
85f8fab7
b28a96f4
290d30ac
9ccf4e8d
2cb22aa3
f7fbe531
d8050f89
e9b0b1ff
ada0d391
307e7586
cfb0d47d
7be0b8cf
51fdd8da
aa2bc551
beec1e39
566a379f
b6dd5a79
0cfc8498
ad5448d9
301192f1
38e2bf68
e18b2f8a
5ff7588e
03ab8320
0be3742d
d6ba0737
9953b1bc
ccf151f1
28a93808
9f14d893
6b184c7b
596f4efa
d01a5181
e41ae208
89f7dd60
bd12f6fb
7ba2982b
84e39f3d
c5acdc60
d5564c40
3c25ae8b
b010d7e5
bc985639
b2701764
a6db655b
22afca23
78ddfca4
a7ba86d4
c616a37b
0483d094
e66b7dbb
127b435d
ab005178
70b0d5d5
5364f2e2
57493164
32f3d389
9dd6248a
f1c30081
13e95601
03f750dd
883bc2ff
26b76c40
097b3ce9
f28f16e2
d0da909c
1f6c4bd1
8ee1843d
fb1f1330
37e6df4e
dbbc10c9
1c777f7b
fedc85b4
f579eb5a
31c17709
0613f9f3
724062f4
f29d40e7
f37b8a17
1a9eaa87
4a6dae1d
37f8c7cc
d4a5d372
eb26ea69
bf90ef7f
e559dd0c
2012b385
3c5841d5
9b48ac5e
aef1dd2f
f32bbaaa
5d740d0f
b3ac52a1
9988b143
6f1c897c
f59a197b
df5c7cfb
757e5ab4
f2b67ad9
d20595f7
4a3dfd08
7b694f11
14588fd4
3d5bd0b9
42d7b09c
96e1892d
bc3349c8
18e884b7
2016c209
fa389224
bbe96a0d
31e8cfdb
419f67c3
81e94dea
20d491eb
feaa6411
8199bb5b
81d9025b
6ba6fe08
8a03d588
8f337b28
15fe55f2
09e783c0
4855fb4e
51de935c
54fb3a42
3574150a
27f8a930
17d3f985
659efa32
dd56bd49
9eb38b23
38b6081a
ec795042
dbb4bdbd
2c798dcb
161e886b
97ffff89
cd8f113d
e925610d
0c0330fd
a3401f06
c48b6590
7a37dc49
1b87951e
d73e972d
f3e88491
73c54d43
44f42b6a
273486f2
2026c96a
1d6cac5e
b20dcd56
2866d0bd
e768b9df
f94a2a1b
5fa12d03
f62bd407
a984c46d
4a6e9eba
33ea576b
ef1ceb7a
21e5dddd
7cb9f095
a81b82d1
745cd32c
b3166fb8
18b50134
20c4070c
af876a58
ef06b10f
c4b00774
13aa3358
f7df43f8
09c510ac
d2903bfb
381fb613
e664120e
25801bcf
7030e039
b7e5813c
4cd6a6af
4536944c
ad24de25
9415b10f
89ea073e
518dbcbf
3a4c1904
ab0615c7
2f4ae7a2
f4ae1048
a5594a77
9048d28b
94d030db
4f1073a4
71f19c6f
643bd238
398bd70d
7ff7ce4b
39d010a1
14bbb9e1
7a9da998
c93d328e
d4b5da50
05e06891
3b002a34
8002f749
b870a43f
be863b36
cde17310
c4930684
4492477a
47d4918a
b78aefa7
72813f69
10fa105e
027c7346
384ce864
29e56fef
aa356c57
8f7fdb66
b8617dfc
70d74b62
b6e2dadb
dcb661f6
12540bbc
31351ec6
19c084f8
9c17c3f4
030313e5
0f777e22
4d7e144e
58eb7b23
e2e799f9
15c02d00
d965bdc4
621d70e0
86af0321
acd60bb5
d324300f
e0ca7d83
09c5c283
6dc2892d
7ab66b56
2f7e5389
dcea0b95
3c8c5240
5ee732c7
8ee80ec1
671cc68a
f47f690e
5fb21e98
6b907371
bcc28137
0e1510a0
bcb6f26b
06d0b62c
16d55df1
ec8fc538
e0dbafc0
dec1198f
79718f62
0c8ba141
854ff467
fa492644
3f0d974a
79e4ed08
a61dcc4b
060a6af0
68d5e652
132d9bbb
72072635
19bfb3ce
80e17686
2d1e784f
30547067
078be5ae
02a0494d
0d96d951
47586329
075ea8d2
b06936e3
eedcf652
1a8ca10f
32d00b1f
41e53382
9dd113d5
b0c29139
84f547a9
dba3e088
02df6fd9
0ca8025d
3f172e38
aaaf6d19
d272fd45
f4fac3ee
cc63ac9e
5f916b08
7cfc104b
e011806e
b675efab
b61d7fa7
078e83bb
3407e4a5
43c5a115
71fec774
6ed784b6
af670b43
82038a93
d5a884fa
8c7ab1f6
cc728090
a06641c3
9ff0d401
74de8809
29b84f2c
abe6a374
b5576010
8a2e2a1e
0ec4c888
01d21329
b4f88120
3971b823
555c9a33
7777ef94
e5eb7a8d
36beffc9
69ecdb4e
d016d075
16d6d9bb
709b0ef7
28bb26ed
cd4fd5b5
e0d1c1d3
49b99251
5c233ebb
776d5ffe
9b6084f6
68ff04ee
b2ee1986
99aa1968
3e21d1aa
b0beb3df
25b57fb6
c0bb2e18
e874829f
fc713efa
4b1c5294
5e147faf
3dd5c6e4
b09071fd
eba4e68a
4dbcbbe9
a629260a
0be2121f
3d0c4c8c
9f1629d7
ba4b7cd6
3d00d2b1
c634663e
216ff53b
196d67a6
156ea38c
90dbaa5e
9931cd33
877093ef
a7f46cc9
039e95e6
74f9604e
9ddded16
b370571f
cf95bd8e
fb6a0e5d
c3cb588a
dc5ff6af
95da5c91
84c8900e
fd24bdee
d823b83a
ec6781f2
b463414c
5ddd4e20
7b4c6993
a0a203ed
66b73b94
1fae98e6
4720fcd3
e8cbf2f8
3d57fa4e
71b5f62a
01be1f4e
6ec182b1
7f44d8a9
e1092b92
7589627a
58461683
3e258524
50cb4f92
a6dd94e5
079929a6
038250d2
b14e9f82
80deda25
dcfe8bfa
f41a2da4
42c70614
0b0f5b03
f82826b3
568083fa
de7a8376
86132dfc
9c28bdef
6262771c
18185d86
fb91f096
dbaa6369
3f2bb58e
1351d7f7
4a7dbd40
fa1325d5
a8a2eddb
f410c41b
11521486
706ffe76
0376bc40
3b4fc3e6
4516981c
71ae78f8
a5c88661
83cd49e1
1f043d16
727567df
39eeb87e
650428ee
de49eafb
64b50ba3
3439dcc8
b30fd6e8
588d7a0d
5f626cb9
2d3bc81a
36522102
f147419e
c59bcc02
672fe940
af417b85
3da57b27
be3a4d93
52fbf49c
3dc95e3a
56343d68
7d0a6d52
a5771d11
9e332b09
d0b0ecd5
b0b13860
c8663d91
7a2a0cba
43332430
df9e049b
78b91af4
db965aea
20233a61
91014e7c
91e4aaf2
f6cba413
9f02a29f
a1d6fe71
e2dee842
122cfc6f
8db08e6e
8e154c1d
c56096a1
66179f5c
8e8f7759
d5ed5cfe
0a21df50
2f32a1f3
002a912e
a7c853d3
d024139f
050de613
265acd34
6db5d862
f1e19560
d46797aa
58363747
38244b42
cde4a9ea
7519c268
58e8c567
2d243a42
581224d7
1f348df6
ff89a2d3
5575288a
e5c5660d
409025c6
eaa30f1d
2fcdbc6a
c74fc499
f99bd4f5
682c38b5
8a801302
df997975
d1da9b6f
ac9b2ae9
a7028e6d
6d5712a2
83f90a2c
b822fd41
ee1ebe21
6802063d
a85178ab
9f8c0911
bb14de52
6a3cfc36
4a58838d
f8008209
fed454ec
c9a36612
88589177
b9c52445
9ba8bbcb
c8a4c01d
c89d42c5
713ceb68
2a095f46
3692e2cf
e1308347
0aaecd03
fba9dabc
5d1b697e
6f5f101b
a4883364
f86bbfed
92d9e9a0
c4b7b084
80423c73
93672b76
d12f2378
e6139991
a3950e7a
c68723f8
18df7f67
1f1ca50f
2d936d6e
67189397
7e08d785
39a7868f
6008fead
a866993a
30ea78fc
3a2a342e
8a00aa6d
b250001a
2140d7de
94226bc6
277facc6
9ca32b07
199027b4
804a600d
403b98ce
c0119d71
13eb225f
16cd987c
2fb24a27
488940e7
9c3729d2
7b01ba5a
2f01aa07
52049a5e
098c6d4c
79b6f91e
b4454901
6ba6f441
2da1f757
c6751f8f
e5f8afba
99e7b7fb
94e58713
a52768d7
088518bb
d9dc081e
4118f590
7c9b5e3c
3a43e65a
afb61ca7
d681fffd
28b7b64e
da672fa7
46d7a215
fd1f15ca
61ee4743
aa0ee59b
26176496
b3458569
0db2c0ac
dd9f4104
b8ae14c1
cf8cc3ed
ab10a543
80933954
e2fd6ca7
a814b16e
07025ac8
1f0368e9
7dc91239
68d35e67
21115497
a46e494c
21d72785
edb15133
86fff02d
378ba326
81843ecd
c2524a40
24e0dc3a
28472a91
94d6df09
ce31ff67
746079c6
6c2c6d99
147e0059
ff827a21
fd9a7da4
555e757f
2164f3ac
7e763c0a
d4a6e681
c6df5bd1
ed793e99
4f2bd48b
dddaad9b
42b1ce4d
c81c8f7a
84adf806
4dd86d19
11f3b800
0456ac31
18288b19
0a1dd186
261f2ef2
1d7cb2f8
99bead22
cb8d9319
8f88357f
04a20bd7
1e7426a1
e1ded49a
92c29f77
89aff738
ac9cd5b9
78e8e274
b7cf260f
73f0755e
6f651262
bc196263
350b3312
6baeaecd
33cbd901
1c445a4a
0bb50577
6bac998d
0573e7fc
a94ed426
68963bf0
f7465218
da9476d8
f5099d1e
576a4e45
436b8860
1bf5a0a9
f218ba42
d8006329
427210d6
6d1f78b7
53aac61c
49cff7bf
1ebb2599
3baae25d
f345765f
618b0584
b1972e7e
596af607
73fe022f
5d152435
bb4720f0
1c5a6ce4
48f40b91
d405b13a
ccec1e44
1fe487a1
a2be862f
08383e66
c2ee863b
906ce0b5
1e5513b5
950c5693
d1ff863d
e70ef68a
5e8ab88e
9660a480
4d792ae3
8405be74
406ed97b
06c54855
ce2fa7e9
b2a274db
1b9b4bc2
109de13c
d1690aac
f3a38279
342838af
7154bbf3
e70c2f8c
ad2e2e18
fe06191e
7a17934c
d2d3080d
b22548e9
28783f99
811b0650
8033297a
62cb5b1f
479251b5
86bfe2c9
0107188f
0721b230
52a837d6
84326032
305d5aff
8cfbfbd2
b5a4dfaf
0756821d
34255cf4
9ad98fd4
59e6b7a6
c23131ba
7494558c
11c2e320
171b9c53
60efc982
03253a80
a1bf7411
58f83886
06d9d485
e719a39d
20cda4d3
fb2fc714
47da6fe2
aa3c5940
e5f41269
dff2510d
6aeb4b8e
8f02e54f
e203ad74
8f9ef363
469c878b
28eda8d9
5346b6cc
c05a23d3
ce27fd0c
538c942b
f0d8d986
53912222
253128c7
37252391
8a824c28
be5aa796
28fcc8c2
3c1068b4
ff49d7f1
f708f2d7
a62127b0
76364e6a
894abf0e
b58424cc
26301ddb
12e417ca
4ad4f8b4
11bd93cc
46a1fdd3
6b7e19c9
e5c806b1
172c07ea
466dd53e
e8ffd799
1ed48686
9328c4f8
28aec271
28fd5b1c
830ab7ca
7d661266
58ee1993
0d6f59ef
ea686dc7
8674283e
c70d7620
d9abe1bf
ad1b1cd3
b0798f8e
cd6b553e
85c8645e
5f077f3a
1affea72
111ca5ce
1038f30c
a874b98f
79abbbed
7b346c5a
8a217f4c
357dd4e8
7a56635a
d5b7e684
f69cfaa0
b9e0496e
02a67855
ad382ea3
9c26e1e6
2b79a7f0
d2361a27
65e72871
ea292df5
3bc4ca59
6a3b4422
82bcb643
4f668591
ce83ab4e
b6850a25
f85b906b
4003c946
0e72e289
dbade567
86f76d47
c30e8238
2c438f0a
7340c5e3
32f20092
c565eabe
65e069a1
79959b5d
b10699f6
67401c98
26b3be1d
41f310fe
7ae7a7df
ba9e1a86
5fd769c2
685ace41
8ac89082
857ad2c8
f12f9121
00062fb9
8c579f30
974ef053
3af00f43
6603af54
85412768
222f3116
9375ce06
7194b1ef
0e5c20ca
16d01cdc
1d849f7b
19d1ea9e
d704e963
f237159b
1a83ad64
e65302aa
dfd02fba
a41f9949
f2ac15d2
bf2835eb
1f557419
c78b8f0e
eab53756
7b75eae6
07480a1e
21b409f8
f8813036
d1c9f541
6b957576
611a8738
f4f84c97
53226253
c8998bf1
1f707359
c6801dae
de0ac43e
3ab14dc2
092c264f
2868a11d
d4c628a0
55a5cabf
88269d6b
3100afa9
490d5221
fb04be01
c1bbb98c
878b344e
0682ae31
f6c58aac
f27e7c4a
8269d3dc
09951cf9
4e035471
5645527b
b2fe8108
034f1081
fb494472
041a4094
f630ccd2
abe3e37d
0d2c631e
27c7a593
13d0103b
759d08e8
6da79c60
add9be62
6d096da5
c7403918
cfb4fe68
044693e8
e1431094
6726db5e
f7c7ccc0
4ce65446
316b8c3f
f2a47d97
6448975e
0be1c891
1474a157
1afa54e5
9e2ffa7e
6de793d7
50984e74
f11d9f52
857b4856
fa0f5a2b
3acc33db
c67b21f4
e6fb572b
2d93475b
141029d5
a3525572
3d66b79d
98d45db5
26c734f7
e9746207
bafd6d0d
8818f6d6
40d9aeb3
1ca2e07f
58c30aca
17fee443
44b7e148
2e2a460c
bb68af7d
0d4c588e
50e67043
ba384868
af71a5a3
b9a00d47
017cbad0
bfddfbb7
7675881d
0c24b833
f54238cf
b665fa6a
9d2b0e36
845e1e24
f1385bb8
03e86d70
da925bd0
c102b650
7edf9283
ffcb150e
e1a495d9
69333004
d05f9acf
0a78febf
5b7e5aef
b1ae6f92
db36f8da
98b3ad91
38ca23b8
b8973bf7
b14a8321
3d350c4c
f2486277
ba773fc9
e7428f77
82a861e9
43eabcde
bcceaa32
2284ed4c
9415c7ac
4ad26d06
0bd4320c
1e16c4e7
758b7b39
c8134031
9333a132
c5832f54
42007b53
0e215097
d6da33c1
9e41b69d
4ba4261f
25d204d1
6daa9ab8
74df75ad
7c070c18
3a9ed649
cfcf0a44
7dc5b3fa
3b111624
a580cb70
e29efd8e
8a550f85
9f5c3c89
cca2377e
ec900c11
42e9b80b
b0253ca1
31ae4c4f
3f5931f0
8348e5f5
185a79fb
a95d4cfe
188b05ec
feda6e9d
47312e80
0ae5b190
5b33a75c
4e37abec
9ce0f7b5
4aed56de
bb3699a4
cdb2e87b
f0c49cbb
00d3d38b
953d0d22
bfacd7e7
177fbfca
c93b8079
a304d3cb
22e13612
146c349d
cf168f1a
3105b58d
b4cca76f
ef688c16
17faf6c9
3459b796
5d3bc505
b6a1e972
d665c897
ef4e5d1e
d67f338f
d67fac72
ec089f79
101ea100
adf17683
e42df7ab
8c680c1a
560d5342
37a48cd0
d7c85237
f5f26a4c
9676b45f
6a290b93
88721189
32235e45
10b3a236
648511ff
20f6e1e6
52417b0f
95d5720e
cd707f93
a09b3404
7a689921
b56a43d3
7c0f4d40
243c6a4b
e6cfe613
a301e355
717b5708
b1790269
e5ce6367
35b3167a
db0bb56c
43f76282
baf034fc
dc8beec0
038fdaca
e3e9c317
2eec6675
f00fea47
bc551d0b
f0162fd7
64d55af2
2f85a087
e59b96c1
1b43ec81
ae37165f
592649b3
c4871ee3
cf431c31
c2d9cc9a
2424e49d
45632a41
1b4794bb
ce691a27
205074e5
694eb387
11e29b36
fc540f66
a745b1d4
2ee37494
725d1172
7c228905
41238133
57338519
28c01a5e
7f995bdb
b5ecf9cf
ccbba8ab
90046bd7
2feb57c3
f9f93d39
c2f6f150
928b7c9e
6737ccf9
d767dd1b
3214b6a5
d4174b44
78258e0c
e9c6093e
9632c301
d389cb1b
9f3bb198
604b7f74
fb31ca2b
6cb2165a
6a5fdc88
76c0b5cc
208596d8
2418fad4
faee1b41
0489810e
9f8207a5
5b2dcf98
555534e6
b55dbe3d
630ae1f0
66d4f2e5
90510901
5859ab6c
b553108c
f8cf9804
d9812be2
adc69766
e239c100
5a482fda
92ca9db4
deb71c91
72450e21
40ecc782
5141c6a0
2ec7f591
9aa81f4a
9556d78f
a51504af
037bc554
a1415926
df543f93
a9eec53d
6881b318
e9f36886
b7293ee8
6dd53369
829c1912
8956fbaa
c7418ad2
2c0493c8
25c20b03
2e13eb1d
4ecaa3fb
c0f7855e
b2ef94c6
df5f8b10
625ebf2b
d344f15f
92c23bfd
252b7b94
ae22a2c5
0be02ddf
45ae9b29
86e37c44
b01cac78
bf5b870f
eff47c9f
5f0782f3
97ad9c4a
0b97fb26
6c336214
4ee24836
5fc9e2c8
2e79ad4f
d8186ee7
6988c350
2565402b
1a42051f
b139bae0
86d67a1e
4c37f7d4
9344edac
212a7c1f
f4e711d4
cf504509
ced23e2d
87a5c8d4
d38af7ab
a2de4016
1ca3cebd
80b318ba
6e2646b6
f7b7c917
e613d8dc
e06bd6ec
e18734bb
67c4b9ad
e42a05b1
47207e93
dcf55de3
67566e37
d9a5ec5b
ff3b0c79
abb2efb4
debbfdfd
a328db7d
92f0018f
46b0afac
d4a83dd8
cd2a9d6f
a5528b1e
ea1b161c
2fdd35f9
f4c36140
226679a1
b25ba9af
eadab3b8
0b066225
aa86ae6c
e5ed6bd8
e67399c7
7c67323b
a2935d20
0f498016
b565d678
c4320cc8
67198139
c41173b0
365c43c5
e08180d8
83056b50
bd72f207
5b5a663d
90b33ec7
9d540da3
40485594
96387461
9f273b3f
0e502fee
bb90bf7d
1588d5c1
0b6f006a
4b9de955
f4cd7635
d7613d48
1b1503ef
f9b620f5
def3094c
6cd6b9f9
60f96dbf
e0c03f2b
d88544b0
02dce59c
25b7f971
b3df9841
dbc25ca4
c11b18e7
a32dcd67
1c783407
d3d72967
15940a04
90a0af85
5bc7b427
16993373
95cda3b7
3739a16a
8963b9c5
c3fcd9e8
935ae035
efac74f1
0489ac65
a817fec7
3b5fddfc
be73d02b
ba62f73a
161ce82a
728b3eb5
a748cd1c
3d0f80ef
cdf13a71
c1e5c32e
2b46d504
b71f5a52
6643d32b
18098e07
9eccaf8f
50fdc9cc
9a653c68
776b26f2
8b62d014
3038e267
487841c8
ae1c48f0
467980d5
93df2326
9cc690cb
c787ab21
8be08a9e
3b9076d8
22eb9536
712ef1be
331b95b2
fa858491
23a1955f
1e9af5c0
767fe4bc
861c8300
cfa72fb1
8619c461
2ffb55a6
a5a3bec2
52c3290a
fd30534d
8b4a7cfe
3d06c155
20efd14e
e41ed62a
52af48b6
b2053109
743b7c08
e3d2d910
31b2fe2e
9452ce22
b93634bb
7d3a39f7
c9923d33
ec42f740
18b2f329
e7374d8d
e78fe5b9
e6d14a17
dfb2d959
bda0e27c
b310b191
8132974f
40fd0935
e6d071b7
6e6fe760
7b756b2a
b940a0de
e00f0fa2
f73d3392
2cedd1fc
45437c24
8b6f9aa5
a5b79aa0
b24f993c
b6954799
0869e6b3
d3eb8986
eda20146
68eeef29
d3944985
9e44d179
a43b5741
cb6020b8
9bff4883
ce9be0d6
a81d5e60
7c5f7985
8260ac9e
bfb553f2
076b0c05
9d08c301
bc3a7e14
3189a410
0ea809b1
ccf6ada6
ca995619
777b4afb
e7d8c8f2
fd6fbbc1
23e3d370
fbd912e8
23fb520b
92203d06
7ced7368
8b7eaa24
d18633e9
8e0d12fb
0baaa935
3f5c9025
d0bee4e9
5f8f26c7
73de2a34
0b1942d7
fd9d1b63
57dd9611
4f8d6e07
28973a54
0ac04d1e
0a73abc3
7c96317e
6525f18f
a47f46d0
8ad76b74
ecd76db1
184b89f7
f7b13808
2a983fbc
7b7f46e5
add15b0d
b1471790
7c701148
5a2e98ea
cce089ca
c72ed042
5775215b
e37f4a9b
95d2f46f
c2770b93
cee6103e
bf19768d
aac3947b
1eaf35f1
19f48f39
9e24f722
d79c0cb8
1b58818c
b4dd2843
bf53b052
fc9cf0a7
5a326724
219e03f8
470330cd
aa05645a
7c3028dc
23f6d2de
671decfd
59f41c76
cadf4df7
7fdfe7a5
51f38738
3eeb23fb
1cae854e
b73535d5
4dd1c0eb
6702a3bc
d62886e6
75bad7e0
21c1ab86
e59cab77
18b5a6af
e28b263d
f03b1b37
c782366e
2528ae02
2a624c36
a1f1dcca
82b0461c
8e15477c
810f139f
59b9cb90
16a77e9e
5d1cc512
6e2eddea
f5816709
6db1565a
dabc6401
7390cf2f
6bd0acb1
e2a13561
8ebd05fb
a7c52e33
28f388ba
e7c8914e
c79f1cc8
fddda234
bcc377dd
78998ad6
fcc71a31
4e575727
5457168c
998cc426
82660d3a
fbe86bdb
e05e9fcf
8520768c
f6277726
ad43f27e
5d47452f
dd86921b
f06ddef6
67ad1545
55b077af
4eba2966
de40d261
b4a5144b
9b49b5a3
9bfbe78f
4845b798
74589551
f0ec2b9e
bbc28fc2
d0697aaa
bd732330
21a4d564
c7ddb368
a3ff15fa
123762ed
6010758f
ba2fbae5
3582e5f6
8d177e39
da0e8e4a
e27066d7
256947b9
d95d0d4e
087acb40
85b8511b
51587bba
7af683b2
a4f222f2
5000654c
7bd69c52
cb59a1d2
053b4742
1496a1ed
036c20e1
8a88c848
e2495e4b
0941030e
d3aa7feb
d67945bc
81de4782
dc10c34d
34b411cf
f0c766dc
951ec0bd
a846f723
7715fe53
b132ec9f
aebb0f68
ab68da39
0a49e029
a0256bd8
c163e2b9
358c026e
06ea8424
ead53616
371e60cd
a63fe70c
cf030f04
95ef0c28
79803027
8a4d9e84
b30f4378
13492a3d
7385f8fd
002ab311
45620745
00d40b10
4818575b
cb611f4d
26ab39d4
82bfa96c
0c517507
895d70cf
bf777c54
beaa605e
1065e567
aed5cf42
a671adfa
c95eb74b
bc02fa80
18cca5b2
420bb109
2cf2aecd
b2a792e9
fffc16a1
ca351943
4cc01d43
01497364
6b2963da
5cf46c07
c71ed778
619dad0c
81f68174
8cc4c3d1
643a69a3
3c1bd26a
bd86cb16
ccb27c79
dd676f6b
386a5d4a
a2c94818
ac4195f0
54229f2a
a9cf234a
86559400
4d2ec131
6aff378a
01e7c1a0
55078320
40c2310d
b6c0e50a
36bd4cf5
1f83b649
bd81f44f
dace0a68
95c4d307
88de16a3
1a4bba59
c7c83545
f5f61b95
a3acbdaf
237d3f76
64a773cf
a1642979
2b698a71
374b5c32
b352d91c
ca2eb8ad
449c8719
a8fd2442
f58b4946
93e661a5
7648bf2c
460ef707
b2e2299d
c96bf946
006f98c4
318e09be
30e5e65e
bb472163
db5f2c9a
b4a85059
7d9786ee
cbceba06
8b5d6212
11956ea3
f1d73e7b
b2f0f240
a4deaf5f
61070bd8
9d2c37d4
1d0a0088
2571ec12
7749e7dd
89607047
f6f1e4cb
8e2ce07a
3aa97961
9a89da96
6bd588c0
5db56c5c
2689d7af
7a9e9730
89ab942b
d7f3194d
35898b9e
ab0e5cad
00ecaf39
14eb08ea
16d671ff
ed88837a
45b86536
a171df1c
2c69e9fd
72bcdac0
4d95dca8
9e50c140
cc662623
f9f83f41
cff4129c
b53b0753
f98ee5b5
93fd9259
a0dbc559
08050df9
7884f6e0
47e12281
b3bfb3b6
bb4a9d80
7814dab7
ed9c15cb
7b5055b1
a58a7454
42b86f00
888fc565
84b61be1
230fdb74
fd216cfe
93b806b1
befcb337
5c239f86
d0ae2d71
86b61428
17dfc142
d714aea4
33987b85
d42a8967
b1feb154
f17a2d9f
f3e074f4
eb3b0413
f85d71ab
0f170135
2ed9704e
bbcca34c
576cd506
acc0eda6
a2d5e6f4
3eedb184
cd5e1031
03ae7c9c
9f96b512
092657d2
92212005
27184a50
b3f71b7b
80a5414d
d017b35b
d402ed17
eed5026d
85c7987c
e4bdd392
6a3ebfba
2f1668f2
c940358e
c88ea1d5
fd0b508c
195b9f38
e5942680
3b05e21b
db212bce
733dc721
9c9730f5
e7283944
70272cd2
34605ac9
18406d2b
dd704a91
8cf503df
2b430c0f
0038f9a3
7b2e0423
afcf5aea
d760917f
3dd684ee
c07b97d4
fa3a8d01
971e38e3
d598b84d
ce8678ab
46c27ae2
58db90a9
07071427
11448471
c3c3a45c
1f3b7378
d806fc64
0cb3084a
66b5423e
2b8c0d84
14f63f1e
ff969f0a
a3f81288
39f7975a
235c69a3
f805a025
8c60606d
af432144
0ea54bd5
c10e7a29
9b75a534
0c2a1b8c
facdc336
941987e7
c0c4e65a
4bdad453
3055f0fe
f125544f
cb5d8bbf
ae3c56a1
305b2e92
9521e65d
b5364bc2
5d95f93a
cbcdd68a
ef22026a
72ee6606
39ac8873
baa31404
fc2fb87b
141dc960
f49add78
bc455aa4
55f7b15e
60653108
f0354689
97e54891
ae62ed7b
014dd226
c4703c9f
1182d254
0ab01a16
594e7116
88db13f7
b6a8d975
985dd85c
59792b63
0705e9cc
4d2520db
20ab5086
2ea8e2b5
4dcd5806
e0dac209
9d4d3b1e
a9ce620a
948a2db8
ad4c9481
092ee3fd
c43e2e24
4037afb0
9fee82dc
ffd0be27
3e82f6bd
6ba47cce
706a54e9
0090a47e
29f541b7
d38571a1
fb15ab60
d5442977
b3578459
06b93b81
083b8f40
5859f6a9
540ff117
5741538e
1e71dcef
a46130f2
cdaad881
1a418864
94814b9a
349ab151
b49539fe
a3546ffa
15c18870
74f9d105
8ad86628
548d13ab
e9b4cf63
54cd2f0a
646c4932
8475ab0f
ad94b35b
2b9fc5e7
a9c4f1bc
018719e3
8169f9c7
8f789360
a772596b
3aa2d25c
6729d867
2f93d9a0
8b695404
19025444
c921facb
605eba81
a583bae6
7354b11c
75c1878d
c9bff3d4
79c1be0d
ec2c82d7
8545de73
af4f7ca7
9c3649fd
4558c296
a5f51aa1
48a11e31
a975f0d3
e107473a
310979ad
9b6613de
d2eb2e39
32ad8dd2
0df78a87
0c10e4f0
4c579cb9
6497fe21
a828c4b7
dc513417
b5066e7a
9d90d2ca
0c3cb71f
ecc276a6
956366b4
353d6633
b3f1d078
3a012e3b
32577e34
aba319be
a28c9915
1500fb38
4f8fe019
7e1ce163
1c09096b
673b7a13
81042243
a92bf4a1
50146c8d
0ce311d7
40d33856
fffc6a17
937c03cc
f7f1a299
dabd4059
1dca4376
1221b5a2
a68c92b9
e3f8d943
6cc0b51a
a0b036b9
0404f385
0d9d7e40
1e5dcc27
6eabf8df
90182bf5
143c266b
e7c5248f
0268ef5f
2a95df93
fca80de7
0f50838c
3440d4bf
9b7bb433
aaadbc67
fdf90423
b3382f2c
d9e949e1
4ec651e6
4f2e77ad
ffbca075
f3a4293f
5a2c2840
71b607e0
ecd5f467
9d89123e
04788ef6
a6a5a63f
b59827af
e729e83d
8f6c4973
f4db8ed9
46495390
8edfba52
c5df9ccb
cd626cd8
62805b69
339c4a32
98999d18
12ea1dcb
2bd2a9aa
b1e23b02
a1a95d52
5558b7e6
58a3303c
ceab21f2
c6e7d08a
6d3ac6c3
e24966a0
bdbbbc2a
ee18343b
b26d595a
04bbbf23
7a6dbb8c
f58415d9
cf27bcbb
3bd6548d
510101ec
f8a4965f
559ca168
f08e5db4
e0e16bb5
5fae8db6
ab14c845
3cef552c
c6e88fd2
f1f25dbc
d22c5bf0
e38af9f0
3e2d1bd3
752f941e
7ae7a418
bc114acd
f8774c5e
34b8aab8
c3e093ea
34bd03a9
da3ac60d
e6ed9273
b20d7f2b
e5c0b02d
336ff927
101e260d
8872ebe4
3b4c5ae3
ce2370cb
568bfca8
7a7b8639
7565cfb9
c802f3c9
73a3fd2e
840f8f12
22899ba1
4228215a
fc10b2fd
157ae868
2e793372
10502bef
3907f0d4
e8dc4e30
2a9fbdfe
c7bf3a44
a8cfc116
3d0f8728
5ae306a9
0f60856f
1386d0af
b80c4d00
4962fe1f
4907cebb
12934cc3
a75e1163
0a349aee
00d82c44
1f4f675b
a8019237
b2a264ba
3fadf0cb
4fc4977f
868ae01b
8de7364f
96f36b53
e0cff812
e527ee6f
79d88fda
f29a1c6e
af1f74a2
5d7de71d
2cb59dfb
f4af58bd
d45c3159
835d4e87
ce6cfbc9
1515a412
41d57520
d16b0a82
c7d4b7e0
2dcf2a9e
e77c30f2
38bcf976
5ca4a819
ff313d1f
1d108d19
ed7aef8c
874dde18
b6cbeac5
529247ad
f3d27ff6
bb005a5a
c8e39b20
f7367795
1e1c76e1
865bac38
e81f7fa7
4b45704a
33b73d31
68ed9fc6
70f6b4d6
7731d805
4cd55732
60d2ec8f
355c6514
3e9e40a1
8edd0378
f5999541
77c91ac6
ad00ba52
cccbc8a3
449846b1
f4d3e09e
fe020f42
135b82a6
44b6bc72
c0aba1fd
02f0a09f
288f5f93
301da008
58277558
37a69849
5b2adc20
a3acf234
183fbf2a
4b45e18a
03a54d6e
afeadcb9
23688dec
851f7aaa
57f6bcf4
064030ab
a3bf0d10
b0aff4fc
e0d35dad
70398b51
4e9134ca
0e4e3314
47ac9695
14c349e5
2910eccf
52204871
4eb25538
5a6f8c6d
edcb99b1
72b8b238
71c485a0
481a1711
9bb66afe
d2f38020
a9be2111
1c7fe272
a01ae325
55ac40bc
2e6edc68
5a8ce199
c324d8fc
00c9d9be
5b6ee2ac
535b37c9
ee978f54
249a3532
b50514dd
82359815
15dbd3a0
818d21be
cd0b61e1
d0fac13b
34b2f63d
a96ac0c5
ab220178
c2bc9ca1
3a5ec258
fc7b430e
b93cebd0
300a4ae3
faeb8aff
e7059f89
c9552b78
c5dde550
dceabe1a
a8ca3520
fa1174cb
5c9c20dc
a78b1f2f
f17404c3
c27da32f
cb97f030
4feb22bf
b1008b04
0eafd7d3
9c7c0db5
b0568745
c8e78e9c
4248d00d
8bb269f8
db75a4ed
4c3e96ab
64dd0071
502071c6
1e83ea1b
2fdf84cc
d296730c
07472f63
b3efc47e
7970239f
5a0e54aa
df607b76
bd6c16df
66a589a5
5ac30a45
f87642e7
2131be13
fb73bbd2
89903a28
9815dd3a
ae278733
c79d9f70
ffec2936
e1da1f80
c07afdc1
553f185f
b2bd2f05
2ac681cf
4e08b5fe
52378cce
5df38ed7
37b5adc1
dab59099
a498f171
e79a06df
515aaccf
199930b1
299b9659
255b3a82
72e6a13e
4c9c1f0f
5f1f1aa6
24651f8d
88005f28
5ad57cd7
1ddf6ae4
e4330f11
cbd9f4e7
f92824c7
cddcdcbf
c415120f
4d46d0d4
6a353a8f
e8020cbf
01714628
bc6423b4
3459a45c
ef4404a0
628d3c78
dab60e93
95514743
807c461f
f8b0cd81
d8d32ddb
4df3050b
3a3776e7
139459f6
43887b70
cabb6525
46617e3f
d3eac9b7
af44f753
69cc4682
481d0c11
908fccb9
50c24fa7
707f600d
ca9a0153
6aa1c858
d0f98b4e
e36576fb
e129d058
d5c39c9e
d5613b42
ec28b0e0
1f055ee2
b637c287
23c5aa3e
67a8142b
d0f210bd
34ec3f96
ffdf6abb
9531f93c
8853ce09
3010f433
cd6ea1cb
28fd1520
0c515549
ff79376e
7c6f1a9c
29504ad3
c20c4fa0
a98cbba2
89c5bbfe
9ddebc92
b9cb7211
87543456
991b8b1f
ffdc3286
e514cabe
4303eb0d
7728769a
78583ddb
1baa5b00
11c3bcd5
e308c98e
5ea5007a
b9a467dc
12a1af1e
afc99273
60a8d9e4
daa83053
bc1281e6
06e1f3f8
1fbb4503
536c2ff3
9a0ce71a
1c03e9ba
7951f3d2
1fb8cb2d
3ecc9f13
647f5c07
63160169
741aa255
d2bd5928
c1ba41e8
e945fe05
1666f1e6
8238a035
a32cced7
48078a56
a38e1c3e
9b3bcc06
d916fb1a
324802c8
0da43041
22f9221c
583ca3e1
fb6be7d8
f9175310
d9648b86
64a3975f
a6e1f86c
74c85506
40b42026
557b32c5
cf9175bf
da095040
8b0b13ec
512bf1a2
efebaf23
e9f7d47a
2004888e
f2a4aa6b
66936294
9a6f8328
110bc080
4998d0cb
2e5069a5
3d08bea2
330a8d87
0e9d5fdd
f6ee4864
1d4683c6
2695c565
efaabdef
552a7746
3fcaec64
e1b63d59
b0ca51d8
07775778
facba22a
8b63bdad
f38fd4a4
b59b78e1
e678732e
a60cf069
25571fa5
710266c8
3676c188
48d9c5ae
2bf116fc
77f4ebe0
18108146
5d2f888c
bf56f1e5
2c201d1d
4ca557f7
f2bb8f89
051d8613
242edf66
d8fab7de
02f78588
059f0120
d77ee5ea
8ef156f2
48b6820a
2a1b474b
77a2287e
a49a3a80
22df21be
b54f7c42
2b589ddb
044d8322
8d586c74
3aec8c94
68e703c2
126919c7
c951eb7c
9c95ee5e
39d48c42
d0fe3f0a
b8a82c0e
cb5677e2
7c1cd624
6be36499
74c5399d
fe788848
a57215a2
f5b7a09b
92e8f4b0
28ba8a51
85d5f79f
40e19c92
daa032a5
f3ad1da9
4827c28b
08172463
ea7f7df9
0c3610f7
b8e1e75f
ca6cc60f
49b7beb3
f1742a08
7f79c7d2
15068466
df1b1079
a703f6c3
d43b7bd7
69408f5d
947d65ca
da363e31
7ffe1c29
05383154
f3195612
ebe441d4
4673d40b
8210f79e
fb1a65a7
94dbcbfe
f3a94be1
295c6093
e32058d2
c82a0cdb
22e1d16e
7736dfa3
b464b34a
fb18052e
1e5385a0
2a2421c4
8557582a
d8d1417e
98ed1987
4a0c2a94
6a5e2c03
49575044
b7ff6717
4e41d461
ef02da1b
6ae8059e
34785661
d7699785
b9afbf2c
61a3902d
631162d3
f0fb8624
39fa3f47
ff10acaa
1f76a658
c0e5fc92
2b04d95f
17d439cb
ca7b30e8
626ad42d
114e777b
28e4cadb
bf3e7467
d774a09d
183b871b
02387dad
608988c3
a4b5a8ae
b305675b
74e50d5e
eeb381a4
117bf91c
7c754b5b
2864d6ac
a904df6a
399101f8
f8e05372
0c8ea4ab
7ffc0d9a
01480ed0
c6f74865
9dc91a74
aae0563c
3e5f768b
610ed57e
523fdcf0
fda608d1
ab0e853e
d1213a46
869edb5b
a8dac009
d9f25a77
9135c2b9
33e0bfb9
a657f9c0
e5cf739d
a75ddf08
eb633521
5e7c1c54
7bc5308c
86db1132
e3cb1759
ef185d07
98007999
dddddb1b
adae77f4
a1d6d0cb
912e7a57
857d090d
b73f2a5d
abccaf6e
a5fa53ca
6eed22ca
643aafc6
97515cee
335cad7e
a12b9bef
1a21e80f
c5fad772
916ad712
b34371b9
66291152
7b407879
9381409d
4b109814
453a97eb
340aa29a
5b5ff02f
3e4c25a7
c00e8901
4089d062
4e9a6844
2b9d3e09
784f3405
63631da1
025aa8d3
1593241c
22758e47
46286096
a7523058
3e26ce3b
efbd948c
54ad7763
c12f9596
3cee82e4
1b4b58a1
bbfa8f72
ef2b4674
9f9b1e9f
f7879e05
7b6fb872
6b8a3a77
21c18039
05a700ea
0351b398
eed0596d
a856056c
fabd11d0
88639885
3592661a
3f277db5
e34c5697
e6b30e22
8a7c9311
77ae8002
2fd3125d
d47a011e
651e4e2c
61392785
aca5fb58
fe357f33
322ce1ca
71e4bdbd
a166a2fc
3611fee3
34c9a64d
5b3f5549
f5a117aa
d93fabfb
b387f241
77841269
3b7dd8c9
96f552d8
8635708f
b7f25161
a9179ed6
272c684d
5e29aaa7
bef7836a
ec74d38f
9c83eb46
7d33677d
000be3a9
105ec846
571bef75
b60eae23
05b1502d
07049939
bda659fb
18ef5935
fa4bf08e
1161dbcd
279b2715
786fd4f6
7f9c469f
37ca311d
75cf1115
d2f5b98f
d6bd7bb7
78c74b79
c7443e47
270a524d
817829a9
151b2d1d
54e55e28
fe6aa970
8288a622
7b8a2be3
6b22953f
bcdc3695
093360b2
2a915490
dc70745a
c7eefd2b
9f4f4e54
6b613618
ef0af473
470184ea
c6f9ae71
477933dc
5a991277
d9b5c537
24efe1c3
2e664577
c22d5f6c
55c666c4
6a2ac680
3d6b736a
0cbdf741
d9a52a55
56faf6a9
bfc6ca2a
7b1d620a
b49428b6
e75bccb7
37268dc1
782a2a02
b81d62f7
e4a33bcb
1bacd5a9
44234156
a665027b
ad72e607
f2a7f81f
ce956879
81b0f279
a8b4ce6b
1f47de0c
dbb84867
5b363222
fd9a4468
e7f41cef
557233f9
824ea697
a68b6fca
9f0250c1
e9b4ee7c
412c6a2b
c026ca1f
f11577cd
219a4d0d
2d731df3
6d2e4c82
ddac53df
39896e0b
bbd87443
605e0c77
fe4553b9
755a4913
c9177787
cc7a02c8
3db8835a
47c32f0b
1048db7d
2962682c
4c77707e
8c735015
95a3737d
821a7322
24bb59fa
828d9a5d
f406eeb8
768756bc
b8124a5e
19b9e9b8
1bc2471d
c138c610
0cdf541a
33972029
aa366b39
ae38430d
81f33c91
aae9f0d5
077edd8c
238700fa
98eb299e
10d19338
9085f341
3a008f17
4eb6f63c
bc73e068
d9f396f3
bea77d7d
02bd6aad
39d92d06
be57eca8
203d7a04
3924449f
a7290a5c
077e0872
83fec23d
6fbec4bb
73609a8f
58ba07b9
783ddc5f
d79e1cfe
25782572
aea158de
a9f8960b
2d03ea96
c49074ab
0eee7aad
5a34b70c
39449fd1
9ba93b6e
ee2d5818
0cbc8dee
bb03713f
58f9b200
d41551e4
5cbddc1e
ecb1687a
a8051ca0
3f416326
1fb36839
007b6771
8af2c1f0
fa2411b2
0495bbcd
20982b0e
6d4194ff
9db24777
8fefc09a
8baa6d92
73a88ec8
c92c2fee
bf8cb5c5
1da59826
8d15e023
73522b76
c36eabaf
4c435b42
3f6465ce
30dd69af
57d06707
d5666509
9da1a0d6
6ff52fc8
1eb6167d
251019b4
c9dd0899
a7a0675c
ffadb396
1091a35a
fbb5e2f8
15b3a1f6
f56cbc4c
81bb9a61
6c9c3ef5
8c4e13c0
2af39615
69b27189
13589f25
638534d7
65b7ab7d
e0624302
da9a75af
53ba224b
10ce57cb
49fbb87d
482f2a14
1a3cd048
50d03c08
2815b595
18439a07
5e1df488
62fcff74
05e8e824
1aa2804f
99038557
44262361
3790b408
af0c2d81
1c971334
4a2b2cac
c89bfcb1
63d925f4
ba87feaf
1669ab96
eee9c3a0
f0492a32
1ab7cd6d
85495fbb
e49e7f4a
c052a088
8ac41d12
5668ebf6
f965014e
11d5c897
f0bd21a7
d79b0728
4e5dcd09
3c5faefd
b119f3c1
1f887e8f
40742149
ef4e33c1
c2ea964b
b75f5c8e
145d22a8
bc81106c
ea74e5c6
e159f359
928aea8b
3de0c475
ea248075
0b36ee99
ef365002
1262c5cc
1c5116a1
0dac5d9a
3e756029
eadcc386
c7205107
5ff63399
f380decb
908415f4
7c87623a
b647f500
5edc9900
087c0055
0c31166c
9f7b2002
95888e35
436b3b4f
40679f0f
3a98d82f
2a6785f4
3d1a5727
855d663b
2a77f08d
6330a4e5
0a94db59
3905a577
0fc5b561
09de3f2f
508a4101
a1b0d581
501fa9d3
9ea0dc45
504ad031
bfdf7d7e
3a8bdbaa
bfdcf65a
e548d161
33f0b6ef
4e3a08bd
90b909ea
b202cc61
75c6cf1f
746f0ca1
b2d59062
17649179
5649dc6a
4eccf627
ed022e1a
a8c4a9ff
9dd2a60f
a0d48a63
2ad63a4b
5eaebb49
47196d90
f0c7fd53
64d76c17
c3d704ab
88d8c1df
ff8c533e
84f865eb
a274e34e
a27bd2a7
81a015bd
d0e24ab3
d050182b
6ccc6abc
bdd11ee9
c9b6cbc3
56367da5
669e3867
9de68156
5c7c8881
d101b4df
82b96c1b
799151dd
bc1e9690
837296da
366f4dca
cde5582e
8f2fdc12
ca5dedd4
2671550c
890b4194
0aa95ab0
086fa4c5
5cd555ec
6eb7146b
c568858e
7cc3ff42
a89c37bb
f0bd4efc
dbbda54e
41c8a2fc
5575cf9e
bbea3767
2868ecf3
fc04885a
4d27afed
2ba71e74
9ace482c
92696f13
7aae5063
e9c7486b
6a3fe14b
4192de43
309c93d3
4880e0b9
10a1b58c
0945190f
72b5743a
ab8dd628
3a24c889
b3dd7d89
3ad3c11c
5d69b399
ab4eb282
49219dc0
6c31b70e
92ce061a
89369ca7
17964b13
c5ded93b
4236a564
d5594b5a
c15d9428
1f56fc5b
f175f830
504be77f
74683d1f
c0d88199
65aad9ee
232cf861
09e1a586
d2ae64ea
ff8907ea
1dd0cfd6
98b1c74e
0c14715d
369763af
5df85734
f2da0a40
43924be8
2203d230
2772f5d8
f0a03c8e
f09e8daa
931002b9
2d5de27f
a2b1bf06
8f354de6
327bed5e
45a5f343
c544a6d4
91228628
fb82113f
baec3812
da3e56bd
4dd324d8
185080f7
8c9f110b
accb7cac
7bbfccf7
1cef48d1
8dcda592
008cb06d
1501cb63
e83e2e2b
503362e4
b96712d4
d5d86863
e640f98e
04fbb4cd
cb8a66a9
53d49a45
eadea613
c8fc1239
d12d5203
c1b5bbac
ce7b8600
45cdc2ff
621db7bc
db3768e9
36fdcfe1
83188788
c406d330
2d377696
547f15b5
eb1a6365
4f3721fb
6643ebee
b3707e00
f356dc34
44f07aa9
0ed8c9cb
269c5044
7cd11eae
931fa162
bb7cc0ca
456aeec6
79eb9d4a
10c207f9
ba35fcfd
4f81ead5
d30ebc8b
10726d63
089aa67c
44c8ecaa
245016f6
6901b0ad
881c8dc1
6910e2c4
6066e248
6da497b4
201fa764
31e617ab
2155b925
cd1c3c44
ebd2c1e7
f9f8cc0b
2d4fc49c
e94d950f
dc0289f2
f1ffd859
ca79d245
f286f90a
afbaa2cf
26850777
51f27e3d
10972b20
8f45b926
f34a70f6
5f30b2ef
1d46a096
21efe547
ee7bc46b
cd4db18e
d9a2d39d
3f1933ba
4780d682
b8909152
febaa24e
54ee359f
6de18758
a7b69142
ae756659
3e86dd39
f07e0e3e
c4e84ece
e2d68fb5
43589ad3
7d890bbf
c08d55c7
0ff7b5b4
3fe31a90
3f4c09ab
c19f964b
3d30e3ff
6eff91cd
90d197f6
57b2514f
9465da12
d017bc0e
642886f1
3f817a12
95a6a5cf
2b13173f
33e00cb2
15c00cc7
524f0f68
56f9b082
4c26dc46
3faeb931
799e0948
ba06b0ee
cadc251b
6e9c07b0
0fda59ce
c42dee73
ef6eaebc
9f397820
7fca5d2e
7c6bc6c2
ae071753
7906fd63
d1c96514
b9ca4a90
3a0793d3
f350f044
82a91dce
58ed44cb
cf70aeda
80039243
5419e911
4ba60413
f12da35f
17920ec2
576dcb74
8eb7492a
dd6c379d
b893e9d6
c5aea28e
d5f65de0
9aa386dc
c4299bd9
13c8e5b9
19dacece
aa629dcb
102bb79e
602b9756
cd9ce42c
e19aa216
80c8d1f0
63d7e24e
2bf4648a
e538704f
c91256ff
90ca6c3b
226ea302
c8cba5bf
dd18c7b7
8afb8776
a2728dcd
fcd3ab0e
f39d1533
cb8e15bf
ed2ab1dc
d103c7cf
bb8b8881
7a25dbd0
d7d706cc
bd6e272b
fdb24db9
b74c13ff
f842bc4a
9c1a997a
c7b9701b
ed50fb6f
afc57404
d4bf16d1
5beadd66
62327f9b
7776ef1a
3be85875
a40820c5
798d061a
1db9bd7c
1984174b
e5e66b8d
d99d20a5
3db9d149
7d28d88d
cd96b9d9
725f5e1f
c7ee576d
d9cd920f
6dd55701
008df3fe
9c5b3f9b
5abb17e1
a2e0e636
3aed7ae3
7995a870
d10392f0
89488f0e
f702860b
49c6954b
e90df541
6d0585a5
bffc8664
0c7a601a
5a346f64
7c20e308
76128c62
dc347407
1dd423aa
7f42e5ff
28f519e8
bc157aaa
ede25eb7
d3bf5811
d39df8f4
f6ff0b9d
dabde31a
f21c205b
408863d4
6650afcc
19b8a182
d312e081
13164819
5c258ce6
1b713c16
9b396d29
6a6712e4
08571ad2
d1eb2a22
bb4289a0
0f8ab0a9
5db5dec5
a08a6aa3
4364f6f7
367be46a
6450c4a8
d4eb603b
60ee5ddc
49748ee9
ca8f56b5
1b472e38
0464c608
d362aeab
2f91fca9
6e460fad
d6b3ea60
827b4d45
72279fd2
191e7fa8
78e3595f
b629c144
2e60e81f
6a010f2c
18d0b682
7dc17956
af545196
9ff04eb2
a4f32ec0
1d92e424
09b32de4
db3178e3
716d2fa2
ca710e1a
c45dd3d6
1aff0be9
c319cf3f
6b066567
47893b85
ba4e785f
6c687aec
221a756c
97097787
5c14970f
1eb25702
b7ab6116
8ddb177f
871033ef
308bd09c
094204f8
d02fc0e7
fcb78228
6979f4ad
7142c3b6
92d1f441
8dd0fa8e
67e2c6dd
616c4a33
7ba47cb0
ff6a7320
bbaf76ff
344a39c2
587ce090
9173502c
b018412d
8c0c6825
25930706
fdeca264
a9d49b72
efb9432b
dbf3712c
a1d6bb12
cdd8e37f
cff82872
789c83f3
04227ee7
6ceac9b6
4066b365
a8a03127
c67a2f05
2d2f6027
36fd6c53
4943b656
109c92b9
09efdf7c
87b3e639
f40a4471
044eac18
39b87ea1
f345934b
eb065cfb
8f18d5d5
55da8f95
13006400
3c8224c3
0f55addf
33050404
a3862636
a55cd12a
6e5abe6d
c5eb593f
db9a47b9
b0711cf0
a81aa273
8e737020
8db55c1a
875f1b12
d5b252dd
22e3432c
a469e3cd
a6c77674
01be0511
e3e07e9b
e57419d1
c1d96ced
e1eaa61d
aec866d1
62f3102a
242cb96a
bcb3c697
5dc9bb1f
9a480adc
5301fddd
2eeef309
53bf9246
51ef3408
4b3cdf25
7aeb4a30
cd51eaf5
ffd12a48
bd917ede
68c7e8db
e1df75da
5fcb9a82
32895213
4e5c446a
f360a42a
913d15b7
7c7b711d
cad65b88
61ebddb4
4412110d
58f742bf
3b6699a7
c1d13a4b
2a48a50b
b33b04b1
42c3c94d
d205f82a
f5f6120d
311cd309
04a30a77
d55b5bb9
38db3a04
72b3b857
920b3208
77abd6da
8885a107
2f2398dc
fe256846
1e2e8e8d
c1a63502
0f950405
b675de73
a1476df8
a0446f2b
5157d567
e60e9627
4f7bca2e
8d96d2d5
ff436469
940175bc
e75ba0c0
5086ad15
bcf43d60
fb40a065
485a752d
94f5c7fe
9d0a2866
6f631052
d9191989
882f25f6
45c4ee9a
1269dd52
71d67a7e
d9a2431a
b143f68a
b706b80e
937d2f2e
47d36c8b
4bd5801d
474a2977
be54e2d9
c702d5ae
c6afae61
6f7b38a1
71eb8aaf
38d14836
1f6593fb
cdb366b0
036c02da
80289a09
de81d5e0
176735e6
53449f13
dce49661
149ae6c9
11e4ef0f
23216ca5
fd9ca962
8377e6d5
79560797
772b56d8
a41b1f69
75350fc4
02986142
37c0e384
8c8b005c
80fedaf0
1d88e2fd
d6a44f77
9d387ed2
c30dabc2
932f0369
f2d06765
d4b4782b
8b875d0e
3a1cb3c6
6051f5ed
f95aca3b
3949c9d7
c8145494
d9599df6
36241fa8
e776d6c3
5de83abf
97bc3073
d63d4074
6d2f7261
b023f98c
721e1965
02cce751
4c37dac8
08a66019
48e4a3b9
37158874
2552f20a
cb3c815e
5dbebfd8
e0da381d
c99e3b13
5a348990
1ae7205a
73ce62d3
d6f2642e
c0f6518f
43e4fa88
213ba0d8
56526985
0f6cbcf1
7a2240d6
ba6d40c5
c1ea491d
b2fa6dbb
82d2052e
c27a0345
089a5081
0c20ed4f
c61e0bb7
5f5b442e
b110cdb9
96761a69
25e2d918
8663b1ec
d85a3516
eedab980
1184cad4
d1dffc96
dff34954
ce62de88
0d74f763
de232679
c38604eb
fa0328b6
712a1d7d
03112497
b7a67945
10787691
d19a0b7a
80213321
7699d3e3
ed192983
59e7447e
5f5883fe
2d764e56
dccfd6a2
89eaef76
799c237a
6103d94f
f6e0bf43
bab8cb2a
8461b359
4c6505d0
f1e9ba87
7c8a7c37
623bd044
90e7ce32
13f50083
8b60fdc2
232099f5
ba1c5fc2
12a1f434
3b8a7b7f
281be0c5
5124c8c4
689fc70f
3b18d673
fa3f98d4
492d4bc8
9b7ebec9
3e7c76d0
69502bd3
97e74771
3a54f9bb
8d8d7061
7405bd35
b9fbe5ee
0070c508
2a3d8e9b
34b30f5e
b6708e7e
ec8cfaaf
e57a1ad4
f933ba07
6f75dedb
95cdcf1d
e470698d
f98d6042
5937755e
e3129cf4
3a7e9cda
0b49435e
2f4011d9
b8d77b95
58cddceb
fad46d91
f05da0d6
514f41ad
0d171689
91d9620f
aaab30ab
43f2ec1f
db49fed9
a4a99c3a
c3adc747
8eaceb96
43646a3f
56c6a1ce
1262e700
8a8c2b06
607e04cd
e4c947e1
8925c52a
ad0132a3
33e83e10
a9c53f5f
0903b933
2ef3f2bb
bbeecc93
ff7836b2
4d6f37e2
6ed6e3f3
cfad2e95
f124b10a
8125453c
c156cb39
043a2db8
5e285b5d
cf5b5a6d
a2b05347
ad9115a8
7a4c1b8a
321f5b7a
7d9cfb46
829cd0c9
92ad3d91
2a5b6a5b
e684a654
5d4b7fff
a09e6198
c445f1ca
5fc947b4
ddb8d1ba
4e69fafb
0779736c
1eac64b8
cc27486c
04b4870e
28b257a6
9ef6d3c2
698b0d4a
b7ae07d7
cc14a2ad
68a0edaa
00b068f9
249fb526
81e957e1
6c1b2e4c
0bb3210e
f896b0c9
5d6e938f
b36d1d5b
ae7bb4cc
37980f93
2eec2fc8
d57ee19e
207f183f
59cd519a
b934d680
ee0ed9e1
52a75884
632021fc
de74dc07
402b947f
cfabd811
66519352
0f6ee3d2
3a53d337
7c9e62f8
e755d538
89a30d67
e79267e3
50df7ddf
a5d02164
ab09d912
7ee3b525
d69aef38
2d97c51c
b5f53871
0d9d6d8b
5eb2d5a7
1982d3e9
e51ba956
b104757a
41ed326a
063020d7
9c55a186
2af5fd4f
85bb8be3
b508ff11
f2c7d2c6
d4146690
b306da20
d03b3629
bf9afe7d
aab686e1
59c1a615
93635184
e6ea776b
def6e06f
07c989cb
a24b6d00
4151705f
d2775f85
c4bb6b29
a2f8f186
696e3e9a
e1d0448f
f60b4446
ebcb6baa
e284f224
1f0b70ab
4969f393
c58ca9b3
a5866674
1183d4a8
587e13ca
195cfb82
506b701c
13893e83
77a251d0
5a9d897a
87bad4cd
041dc144
1029747f
04bb1574
ae97c1c9
7d300fe2
74d6f2b3
122d6d94
0b25ae14
c063003c
e6a51f50
9b2b92ef
dfe75ca4
5a8a775c
f9184698
bb145a63
e4df6b46
a7cd1c28
9e4d15c9
93369b0c
96595cf8
b00b262e
f83e12a4
90e79893
60f6b433
d32ddb1c
d2df0e57
c03705cf
5b43ba75
f59d6a31
1467df90
99eae6cd
f9819ed1
f2daef1e
1adfc41d
0c45bbd5
32f3e85a
0b65e734
6454c596
2f1f6bfe
6765fbc6
09b902e7
745211e1
2ae7d443
5a9ac860
3abec662
d0886c58
12c0b485
012922ec
0e053ca5
dcad3d4a
eaa4b05b
2b698c45
a36e620f
bb6a90d7
dfb22bcd
c5d5ab1a
b11e424b
88ce55c7
f5059b10
ca6600a7
0e6d5e53
47adda4f
e7ea800c
a0512df3
2e940759
bff64fd2
e2a53a2c
bec0631e
667f0996
b7460005
e71c7e5f
3b511a32
2646db4e
008ca1d0
d98db998
1488cee1
006b58e1
6edf1163
44ae086f
5e11caf2
ff2e8a32
3865aace
657590b8
7fcf3c68
33dfa5be
54bdcad2
e260f61b
2c009ff2
8136971f
cf8c145b
ce3c23c2
59a7e7a1
ea62b7cb
ea03af47
84e09e9d
a335c86a
f90715c0
3bfd7e6b
5e8a6c4b
abe70518
b74cdfeb
60531695
d7fb8ac3
1e3c99e8
8fc035a7
39790df2
6f915d1a
5b2bda66
dbb64898
d3593bdc
57f1fb57
3d5677a4
4a8e2a35
dd4f79f1
1bcefa62
bc545c0b
4b2f5f51
356219a4
ab3c8d5c
f77bc035
81c5c1b9
e38033bb
998ae55c
f3d720b3
d12c6f2a
243ed9a8
7b7ba525
652462e7
c9308d2c
ee10d485
f7dd10c1
0db1155b
bddcc32b
34bf811d
ad71dabf
d62a502f
8111db7f
284db0f6
89648a25
b547f5f3
8a7620b7
5b42da7f
72757803
239d410b
8be8ffe9
d213347f
dbc28072
11bde3a9
9074155b
60efc24d
85f6924d
93a97d0c
ea0a9406
fddcec47
72dd6eab
244e43f8
871010ec
0df96121
a4747b94
4cba1e62
1acb9519
a9163b29
203dc40d
c8d969f1
883cf2cb
0e76609e
8c03e2dc
b66efc30
467d1ba5
aca145cf
8c5eea0e
484f06b5
0f2da3f1
cb5a7cab
43b4cf37
a58d8338
f4b45f55
15787e05
5cb06426
04134903
f1cac697
3cf2297b
579569d6
9b7b5386
b7f6da96
bea40e37
44c71569
cf2f3140
f53de25d
260c9b23
e68ee317
31b144fa
7b1c7ecd
a537160a
257566c0
9dbd6658
5ebe8ae8
e3708318
fcb4099c
c968c1f2
af585d4f
3568bb01
eba65e73
068789bb
92b8e2e6
7da63868
298b0c06
8eac2e54
b3f9794b
bbb165c2
301fa102
dabb593f
bc485150
dfd76e1c
17dfb933
ce391fdd
7ecc13d1
b2bf156f
df15438a
36d71c8b
934e44d7
318c0945
60e30fd5
3e9200d4
a6709613
f7721dce
67da672c
4162e3aa
f8ec293f
f23e6f13
237d27fc
3da8ebb8
05777217
eb2b6017
dd281067
bd7f3b32
83cee38a
8d6a99a7
f95f1fc0
cced43f0
34c91fb2
971efa12
ebd7945d
e54359dd
84214f23
14469f88
cd2c187c
fc1e1c24
3b49c808
a62ff29a
69f9a880
9bbe3d6c
6377ce5b
ac6682fc
dea4cafe
390e577c
ea3d748f
03e6fe40
a610bfd9
c17369c8
d1de4a47
8a926120
ff3b468b
07dd26b0
9c8b8984
1c349532
2036ee2e
5ad1014a
73aae506
034e827b
bd39a0ca
06ef31c7
c5032410
b4f38767
9f5e2553
63b463a6
b8bb465c
013e1ee2
94273666
e3793794
08018e25
9b4ff31c
54cdeb81
77194d59
32f96d21
d0303580
bd5810b5
2ea801ec
cf809e33
3d2fae7a
ac060890
4c876962
4d939159
476de57a
9dfd0daf
befa89c1
5b9851db
8bdf5122
656c7bdf
eba26d1c
c61ca183
630180b7
68f73a2f
3e92aee4
cbb25fd3
9734fba4
d218ec9e
336bddcf
1e7cb0ed
829e632f
3803f548
f5bac4aa
87ac9dcc
fc9bad6e
5eb66f49
653ff359
1db7aa5b
ffe9f4bc
34eb55ad
ca7dc9d5
caaad941
c8ebbf0c
7a297583
09a55507
3fd7a4b5
c9ff43f2
290440b3
d3bffb38
1e258181
4e05f9fd
72a4138c
aa0ef689
39701227
d3ec4cdc
a73eba17
04cdc0a5
d35b3bc0
90c7035f
c444184d
71e7eede
315ad4f9
084ee784
b2734954
72464018
01e4e7f6
6bb1571f
e3391e2a
5d753d3d
accd1883
9ec67761
dfac3cd3
ead3d759
21eb7929
e72ccf57
d9d7d2be
796e5ca3
13549617
6309cdfa
ef479eb2
697f3c73
9f475347
e301a9c1
645f38c6
785fa608
97327fa6
4c4e3fef
d8af46dc
df4a778c
1a8645be
cd8cf845
d1173989
2524208d
2828e03e
a7cc8bd3
684cb3ad
254b1b3c
9c8da509
087bbdca
fff39009
57cd0e1d
7fdd2753
f71a2d14
bd2a9de0
3fe0935e
8c996099
2845672e
ab4ec3e5
a9c8c1f1
3c68d6d7
915619ca
9dd2567b
78740db7
de3cef2d
6c279a41
aaf66c58
63eed280
d058fa03
0c5186fe
d9e76a9a
e5770685
04b52460
31b8efc7
4d65214d
6102599b
b12dafa8
d710c048
7ce33b6d
60474c4d
d09a610b
11de8f19
b019584b
67e751bc
f8272715
4047b92f
c365457e
aeb57adc
a6be7efd
0e9ce0ad
21a25f02
7f862155
6ec6f457
c67eaa8c
ff17f1f4
6ed641f1
8e153be4
d96a6a3a
90ac86fe
d0a8cc54
dace7ecf
ae59b342
5eb94968
327534e2
c1041a6c
542b2edb
cfbe84fc
220715f1
d27b1029
1ec15c71
9ca17f4a
b63fd440
f985fd51
a241bc33
9b336a50
9de9c7f3
7d20e2f9
6d17507a
d6104d6a
5007ba5d
3cb76266
e7173395
fe3a8873
011b7dd2
1439a0f6
9c1940d3
fc65e42c
f4691986
84f51b70
27e98ede
35684949
2d8b54f8
7b7862da
33d12251
4268dfb3
310e49d7
6d1b7902
b9e1f4b2
975f76ed
f2450aab
71908784
01f12c7c
d17055eb
0e067102
7d5bd593
591f1c5b
dc74361e
0cc1c10b
fb3288bb
737028d7
6b289a63
2bd72477
ffcadca4
fa9f0207
a1c573c5
5a44f3c7
66e62d86
a24bbac7
a3b84d3b
db38e4ba
aa50b4e9
b044a426
b77942d2
cbfa3696
efdaf422
d8dbd532
cf9079d5
49fa9945
1916f4da
be13e1ab
7c2ddd4b
4f46fcdc
5623ac33
54692ac4
38e83744
c48265ad
ff515dca
08a7cbe9
82e84258
d4786439
d6eeefba
7c258b79
3fc040f4
a56c33c0
ce0ecd27
6ba4db38
c3deaf42
0ed8b0af
3038fe9e
c0f1a5a4
d9fe2fd9
d6042ff4
91623fc5
ebc1094f
32930edb
6ea56095
dcdc1b99
f5e2c744
4d0ffe5f
dda32d87
19419ac7
cd691957
cd8c7317
e97a021e
70824042
da98f2b8
3dd26a95
8d4e18ed
2ecbde9c
baee8885
003c4ee0
186dc69f
444f4bcf
10611138
a5784988
e92406b0
5c3a460e
cd971abe
cf90d480
4a98df2e
f6f090e4
7010b794
4852322a
42a3c0f1
2566e6c8
0f10b382
a4f3843a
985c2146
43cbb3e5
7fbe7dbb
bb2029cb
b0868988
5560aa2b
1ab2f7c7
5ffd581f
e4fc5e06
5d1aee85
b1494538
2407d014
5c369af0
24a88993
320f1f1b
6be5c39b
cbe8082b
0bd54315
66a66942
a0e77190
3da22ef0
15cb8a43
9fbb3b69
b358afd1
5615bd69
05159b0c
5ffb92f5
c3d5ba29
2093797d
6c944ae8
fa3aeb13
76d7c4f7
52b186e3
dc9e4a27
387d6473
e6030bba
1f75c56a
7b3e9941
9a710e98
f6a2f31d
611a3699
476f5e45
1e7fa81e
453bac94
c5427ffb
87a2e365
0e9c0261
d942dd39
22147890
e238ebc9
3427af17
03bdec11
dff9f850
ec1b01e5
73a528c4
34f99c09
cfd90af3
56e72b96
87674d57
9387c681
15425c9d
fa07311f
8685f809
cff67f7d
802f8097
15524616
94fd209b
ac1e5a78
4b1a1431
43ec76f6
e6fb0367
807b0243
bbaaa2c3
4fe431e1
0b9d9da9
3491a727
c7a66b5a
3ce20839
bc061190
4ad1edaa
e7bd9ab0
2c781f88
ef001498
573c199a
8c33fa27
fdbb1c6d
cb39f547
25b19f87
cdf8d129
e9fab082
835203db
67052ef7
39f8ddf1
a23778a1
e4ddeaa8
d3e54ab3
f9162fad
78dfdea2
1d62cd12
0d47b1da
88aeeca5
69fc9f00
60e77c1a
73633d61
b98c7c51
6c13fade
29481e79
66b8d8dc
15ab6971
8d17af51
9788bfdf
f370fe5b
0d370026
8d26b00a
63ada555
467e1b28
c17357c7
1a92bfda
3cbb9d62
6b5dea1e
b8db27c5
a41bd746
3426bfb0
828cc5b5
6145c4cf
5cc8910f
eae35fc1
68b0adcc
e0186eda
c76580a7
7cf2f134
440fd1b8
d9d31730
60e614a9
5bbc0725
e83193a5
113587b0
f12e5c40
f8325a22
85ae8143
56cf77b8
f4709328
19d826ad
28e15d91
3f2323b0
ed00da4c
ff6f4872
0034f88e
88d36cca
23c12fd6
644dc296
cb57b1d0
32eadf46
e231b224
ad742404
6fc3cec1
7b1bf774
e232d49b
edf81cc1
3ec2e837
c8ea55ca
7faabd79
2846fed6
38b574c1
76f62908
d501fb86
f7b936b7
f6001ea8
0477a63b
ddb4ebe4
abf00727
b737735b
d36c0ab5
0e072f85
32c8c376
4502b78f
67e6a469
89944bfa
7eeb6b3a
0a52fbb9
13d6301c
f93bbb9e
aa075a60
52c9b701
0c7f94e8
aa76118b
aa4f0a9e
451e8640
90a2142b
6a3d9e81
99e92161
3e5e446b
b02e6c29
7327ba6b
746d2b36
3a46c4d5
b80d29cb
c7461adc
5d2ecfe6
e8ca523f
d1cc5d5b
630b91af
3bc6ca96
4c7a336b
5e4d4197
32448c88
9482734e
47a03dde
17f1817f
31251ff0
dc993bf5
44a731ec
6e95ac3b
12a6d817
5e788d46
f3458fe2
e4c6649c
951f661f
e3a404ec
b574f4f1
d07e406d
568315df
20fdbcd7
b580a8ec
67bf9b09
99788315
fd316e63
d5383541
a1b06805
b347c893
f4c7a891
a94d9463
ae2174fe
7fbe11ad
6f8078cc
a0324a45
188d444d
7b67fbec
9739f0c1
1ed2725b
6b2205cc
d2fc27c7
e62803f0
92563566
ed9d20cf
e7ce049d
134ef7ca
4bc02946
67ed586f
db341328
33ea7845
e2a38921
7981b38f
dcce6727
330b2aea
3b49ccb7
1e2e086e
a2bfb594
0e92dc55
f9529cb2
cba7cee6
e1b149fc
78c13e96
030f433e
7afefb56
e69470f5
4cb05575
22b04e80
7e5f9dbc
f08c0710
e2a1ef9c
e0117f5a
a581e193
10f4e106
ae282e9b
f9327a23
45918217
2075f13a
b7ca8309
e32d2f67
76ae4556
8d578dab
158c088a
990f207d
0a53d660
87281b76
0d11754f
8edca0bd
78cbfb10
8c38acc0
07f3f6da
378d85ad
1453ea71
2bba2ad7
bb62754e
7a07319f
3b14ff1b
9fe20022
5d5160ca
4665542b
5a093657
20f2be0f
25d96303
6ca85fb7
f2193394
63a93938
6145ad4a
d64af863
0cdff8c5
9044e310
bb738180
dc7cc018
26626da5
ec2b52e2
30305436
53d693c9
c11d6dd4
2801978a
55fd3308
ddf52d46
19dd6f64
560bb55a
bbd4901d
dc1908fa
16be26a2
8d9c28c2
2c8a0d23
0c672851
83750b05
0c15110b
77746133
0889bd6b
8b14662e
1fe8513f
a8b9d9b2
7dcbf3e2
9dd0e2df
bdb656a6
bff48c73
a66052b9
352c520f
21c48e41
774bc274
9fda2855
90236e1c
6bff32d9
75f018c7
f4365d3d
540b9b5c
7941209d
43391742
dc035826
e65a2c29
a073605a
9811147b
2e5ce20a
094b7800
ecf66622
e8078ed5
e893c67d
cb3d8433
42dc0c44
902f9be7
3cfc1a3b
c641e9d7
6cda8db0
7e763d33
1aa9d125
aac5a8cd
6193a8e8
73b31445
030e35b5
e44b8aa8
87800d29
3ba8f33d
64ca80cf
dd1d0644
204977e6
fc127ea9
50e4d4ee
778a8565
38748478
f89fcf30
0692b5f0
a39a44d6
084c006a
86f38205
f7f06562
97498d25
289eac9e
60bd9f7c
16b705da
881ba757
dffdde6d
e51c36fe
d28f5511
2c0d2279
b87b99b2
1e93fff2
83dc1340
dbb8281a
36cf5770
3619fc8d
1bc4c8f7
f68fa29d
1c3d2fcb
c9b6b2ac
db131ba3
5a4dab00
18760c95
244b1509
a6e1ec46
334f0d39
3a367e6b
a8e95f9e
1743cb0a
c3431bac
221d7763
d3d480e0
ad692833
c341f238
f89c5c4b
b99e3c20
f598676d
9e492898
f10a7706
5d2f85e4
a34bfeba
042747ab
4ae198b7
ea65223e
b8cda2a5
02661ffb
5af58ee0
ebf1aad0
71168f45
e5812c06
0502a384
e9c57125
ba67e7d9
dc5bb3a9
fb70c959
598c1a59
381e6d7b
8ad33347
bf1ca498
38af65e7
32d5d676
00173a8f
78b69a09
7b5a80ef
008b415d
2f2a8c15
9fc4fd41
87af50e2
5169a4cf
311e86a6
2b8a0f4a
3cc6b985
7b9d8baa
b6c22b33
cb15f555
7d9aa6c3
0cf80b8c
8b8649fc
ae94da95
d39b2a0b
cb38d851
d9496fdc
45e9ffd9
382fc7b3
05793f65
8978ed9a
e7154122
3191dddd
ab56f7a4
b1bc8a5b
1290c143
8f39b966
e93e5493
64a5e3a8
aec38481
acf2d2ed
3bc21edd
732126aa
131f09e6
29759c72
2f29322b
04c0a3b6
f0e95b28
f6822656
396885cf
2fac4e2d
29394ed8
56e482da
26e98ae9
6d29f0dc
b6308aff
0bcea91d
527567f9
bc3352fc
1320c573
f6f1c2bc
bf2ee610
12b8eafa
8488beb3
2498c9ec
d72cf491
b9ced2a3
7038f61f
101031b8
08f7a6d5
c8d87459
29a68f8d
3833fc73
34e82644
ec3b888f
cbe136bf
8a1c270b
b4b37173
8647294a
4c48a392
eb0b80d8
2eb23c17
d87cf63b
e43c5df9
0d5e32de
6e2648c2
86268e9f
5180546b
9bcbefbf
4f86a75d
10a02757
d6a184d5
3f172afc
8e70bb63
688be17a
a50f066f
cac574e6
27525865
de509550
a875c445
0078dc9d
c5ed252e
b60c966e
859bc2e2
78e69d70
b17c9c8c
d621d5bb
02c9333a
14f25745
d11618c5
03b8e874
9403a193
6ab93089
7bb53ef6
9b4d4a96
bf563eaa
d9b1888e
9486b611
bb7d8a7c
cdce56dc
2730f555
a4447810
ac1b63c4
7111e00a
c05ff162
56703c32
c1773c53
460bb887
aacde9ae
5aef94b2
868948a7
c36ac43b
b5b0bfa7
3b68fb3a
61911bbd
43bb2bdf
35b0dd40
6144a4a3
069199ac
f2e6afc7
6b28fdd8
502b8a96
160da3db
c0371e71
76ef3b94
3d2a6496
c534f612
4b2e5715
13b1afab
cdb8b0fb
78dd2b3a
0ae669b3
01357876
dc7fb42b
40eaa826
90277cb1
4421d22d
436cf477
e74cec9f
cb9c657a
2b74d6fd
13bfeeb0
4df42336
e2ddd98e
93fb201e
899080ca
ab0c0e0e
1610d161
3c4dc034
80a6d420
d6da4a86
03646afd
8d3b2c3f
92523988
214b339b
af4ab921
5bdab951
72890c48
039677c1
b06d903a
60dce933
ec642fcd
018767db
0d8a9b2d
bc5312d7
20e0d8b1
b6cb6940
ff55b207
fc7e9284
c1fd5c24
b237fd17
0742ec1b
cb6c7f05
967af043
d85eecab
5815a07c
d4ce73a1
98636d2e
913078bc
6af0b206
6ae5b7f1
37b9ac4d
b37478d2
105f9c6e
0188107b
d76e0931
f7da89f8
65b0c644
1da93df1
2a955285
9a0d99c8
fa57f8c6
6937a828
8261d006
89dc524f
4fa23b47
4266da9f
2d53cada
b0557e0f
cffd5915
37fd18b8
a7f4a5d2
bedf9102
45b1b16d
979c099f
e3aadc4b
70b5fa13
82f360e2
795753c7
38513277
aa3452ff
5f2d0d31
a3822ce7
9f8efec7
82e1461c
f4c2f0ab
be878349
0428ff8e
847cde4a
83dfe165
c2547b44
2a8b394a
3f9ce421
f24761c3
b08438a3
c9d7c13c
e3fa16c3
a1561176
b7e3c922
b9994d5f
8faddd7e
fdd9e9d2
01c6276c
23133e2a
d3a4519d
2190e822
511f5f82
b4c6f7c4
245e7ef4
3f3e07f8
750f5ee3
41331ba7
260dc5bf
5daf52ee
ddd15327
70ec6ad7
826847e5
831e7f27
ee71385d
633d17d9
50b21e1b
82cddb9c
c0d2a89f
5a3cd363
861d54ec
5678706b
1982997d
0de80a3f
87b105f0
ebbf7856
34897d5c
691b3c67
ecef99b4
11f4962f
bb5e111d
f3f2c897
340c647e
5014b0e3
215777a1
144779b1
2281edeb
a70fc3e3
7a354baa
cfb0225e
1346e751
740a697d
6a77135c
bd66b1fc
5bb75fa8
3822f7dc
9b3090bf
999c255d
bbc301d5
6482427f
5764e68a
22a1c040
8e87761c
33335920
4c758eae
e7f20d54
c42ac431
9f50f720
cea5d0d3
a2ce1105
b65a4201
1f305561
369030ea
fcb34788
e806b6f0
9c1f7208
4267883b
2734dec3
79367cde
a9200225
dcc19e50
1df7df36
b234e313
f0c8e976
cd61b90b
86d9028b
9112336d
4e4a5797
6d2a3c56
0a282a85
0db3baa3
75e48d27
aa2ae3c3
fb438d60
436f386c
377336fa
2712354e
4c79b849
d7cdb4a9
080612ca
34be918f
c885c518
d03f3509
06c3fd2f
92369a79
a4c89033
769d0597
d2282e7b
0e0ffc88
d68ca048
718ce50a
38757df5
253a8950
c79bfb9c
2e83e736
3b1b07ab
674ee96b
538ae29f
e167cd53
faee9fd3
3cac4396
78299f3b
cb07e35c
bc2272fa
678ec963
242a2aa5
135b0cef
a138e6b6
69fd4d91
7b899684
e2966578
1f952f19
b3c09e6c
9d2e81c0
aee0c758
e7100cac
cf9bb435
92add602
19f3aa20
e0bc5e6b
7d347c29
f6d006ef
1e94350c
8979b5e8
4fe63844
445eeb8a
2718ba9e
4081f470
a18969b0
62d51950
1b6c2db2
087c2ce8
254074db
8907f0bc
c20927f6
76d9c182
6a8ccd31
1462fdda
70a59df2
f0aa33cc
5b2aaa49
90b4dc46
6743d862
15cc86f7
839526b9
c6ca4eb1
1f8863f6
223a925d
73889952
90136f5a
3c06b8e3
d2b0eb81
2522b95f
d2e40800
4fb94131
1fc8c0c0
99d29dd7
a2b4a79a
33a57221
a2345277
32a85447
9faffbb5
ee9e1b84
d1df32ff
1e2d37fc
14cc2602
ad512808
ca2d4742
e2ef030d
55683e63
0a79498b
5eb1fca7
d8c45727
4517ec92
a29a5230
3cd75f64
2b5348d8
dcd1a30d
b1b5369b
5fa0f579
cd5a710d
e7ab9c04
1a297780
12863b40
1136103e
59cc9c02
4991ed50
8a604133
13103947
db34f7a5
59460b3f
b3b33019
18ce4acd
d9a16115
daa3d700
409045f9
aa0c0a3e
99ace4e4
96ed9416
3a503773
6f698c7b
6ae3d2bc
c8386882
e11bc324
aec3cf77
7fb71329
57161ab9
c9b54b63
bff96985
56ffaa58
a559a8d8
9db09dfe
88a70bf5
4c75ba0f
fb7b6cbb
ef8543a2
f3bc1f56
548eb291
8963d12f
8f7fd541
3bb02769
be1af2a3
77da5e78
304506ca
91416f11
92e698fc
72adedf8
32d72fc3
96240ae2
c4863893
c0d2bc3e
e22e0161
2aa4cc77
31eabba0
7d2d8d80
76a480f7
56152e4d
a84d1cb7
ee59c4b5
a111bc86
9febdb8a
2f54c123
85cd084c
60fd528b
c33b388f
c90910ee
bc76fed3
f427d38d
5c475bab
5a8e5ef3
5fccaaf3
56ca35a4
687af615
ce590dba
280f5b7e
746bdadc
c6475ebc
8516b72a
156cbb65
c0e34321
be3d9004
dbbe6234
23b1112f
de8ac965
d2c2f480
948b2472
d82a2029
d208248c
3c89493d
05e3d8aa
08ce13ca
b9119794
2d0aab54
b6642efc
3d0e4b72
bfffa68b
f1febd49
54a96267
684d90d9
381860e9
09427c07
5fadb9ab
4ab4a1bd
7336e09e
c4f25f18
12e90653
9acbfc1d
99ee63dc
f4937a3f
8f16d5c4
52f213f2
985f8bc0
fc2131c7
db96ddf2
c252571f
ffa5bc82
2c15f6bd
3dc481b0
046f940d
5e2d99c3
a9001c16
ad652c96
192b3725
db5e2a7c
8f05a0d4
fa0840df
bdf6dd46
eba1a281
62f1fe36
8e23ddac
aaf1e211
431669ff
097b3822
dd556b30
77d2d5ee
4ee19deb
786987e1
4fda4fa2
4eb68f5e
b1ba9ec0
20024a17
5ada53df
8fa84994
4764a2f8
06ffee1b
14959176
f0933e2a
0c8b682e
1754725a
825b8c83
4eca9002
8fcfb2d3
e1d68507
391f96cf
0ccb5b5b
56f97988
69fa39a9
0ef3a2fd
cd044336
488c5e8f
f20d9ba4
d3234aea
ec025c46
0f8fdad8
2f95df40
0966eabc
b38c43c7
0f71d0bf
1f25b04f
a8247f7f
5c6f13de
de76e69c
4b86561b
119c600a
3b7269a6
6ccab805
5db54791
d5b8b8b2
746918d7
a8890477
e32c7260
0e9a883b
fa6a15ec
3308a93f
c15cee72
f2fbd155
b6a77c6e
22c6137b
5e1e70ed
2f5a23a2
2a901889
2f8b82ca
f3ed5c5b
64570e83
a8f243be
912ee2a7
bdfd8d59
e6f10344
de6b0317
c4d903d0
0d075714
e48935ab
fa507b62
3418ec03
d3c6f173
ab69fadb
d07910bf
384be7b2
b889e99e
ffea86a2
62e43513
e1c1f9ba
a32b9c2c
a9fb2265
c871ce2b
47094b9f
bef23ed6
cc4841ac
2f38cc63
17c078ec
e3651fbe
e33fa366
248da210
8b2922ed
1145592c
b3f04565
bf69b435
982851f8
908a06d0
04411921
53b83c80
d3cb3f78
e0d1995c
a4b67c81
72889be4
bdeb9aca
6470c0b0
5de264ee
ed02dc01
648b60df
bb1fc985
67197c07
7d46d023
95ef55b7
b2d8ccad
cad4c571
5e2f91e8
e36b8c1a
ce841861
0b4f03e9
c1304bb9
86c0fb1a
89faf36e
bbd3d52f
0b79950e
7a2754da
2a34b5f9
48406955
00aa2a13
c4b1a544
5b0df5a0
56cdadc6
5a63b3a0
16c2eab8
069ee966
96902ea1
3647a002
0313bf17
ec0ff5a0
cfe6dfcc
6efd7c19
0c83ee8e
b0ecd919
f5dfeeb6
e8007adc
0dcb9e5b
065826fa
7f3c26f9
16c55113
7bc73a6a
9066c226
40b884a6
ec21640c
f7bdcee7
a568efc0
19176bc0
1527d593
ae02a828
cb0f5417
2c0fb4d4
0f6878d2
b540539b
d31d52f0
c23537f5
0db98cb6
dbc76ed9
77a6484c
42f3d756
8abd265f
4e859639
e1e03cb1
37b14fc2
5a51aacb
242babad
9410ffd3
a77717c9
111fbdb1
df1b2852
e6b27a40
5a025703
34385cfa
86b23914
28bbba9e
79b02655
2d377d1e
f0f2c239
b63818e0
e708ea77
5c203c17
7ae75fc7
e70e22f4
9734de17
2195077a
bb6efb65
deede7b1
8cc31f7e
75b34092
b3e6ba7d
78b2f15e
6a84afd3
f475020a
b132812c
5d3c8539
1a24f4a2
3defdb7d
f1e22161
66f10bc9
327baebe
b1fe151a
12144a0b
ca3a16e1
1f6ebcba
38ce827b
59aa1120
e971d9e0
df32ad0c
55f74932
00b81982
e6528da0
c3a0c914
cf8f747a
83a084b4
42522bf8
248ba8e9
6d120633
8b259b8f
2bbe2a8e
0a3dc02f
e3aa79bd
90a3e5be
d1dc74d3
d37fff6c
db2150d1
1bbccb0b
196b0c99
941e56c5
18b43058
c3399c46
10fe9ec6
94e6d2b8
fa6568ba
d199bb42
b6e9a74e
562a9c9b
78539886
007eb730
b534cf5e
29f60d85
5ae106d6
2790fab9
0f1f989f
81b895ef
c052ccbe
e72b1d76
1ce8568f
854595f1
2544e02e
054d3aba
af73dc8b
a47a558a
ffae533e
a6686ca1
927e84ad
a8d42de1
e8e1f672
fba3db12
8f73b949
90dff7f0
a27af181
a9f2d20c
b8e48a13
8718cace
c386cd00
2ff5c12b
f70c5cdb
15f4a0a3
abae51df
bae14045
a0646da4
d7a4003d
b1fcebea
d798a14a
8a7883ae
32448a6b
ae063c9d
e31a0662
cba07d5c
fd8502e6
e4ffcf22
9b37361d
32191fc5
a014445c
849f6940
ea8922fc
39f28437
e252c31a
dd6949cb
5101e169
c4a4b608
da61b20b
07148a1b
b79ae76e
af9dfe7a
79b9966e
f2e5bee5
551eda36
949168ee
ff5611f8
29d33a45
c68f8344
1915921c
4f5c3399
974b884c
2c26053e
c39b7a18
dc311f58
eb2816e1
eb217f43
3331f6a6
0b2d520a
ba69694a
03499f57
1300940b
fe9d5197
78f2ddfa
293bc64b
e338320f
c74ee239
8e1e46fe
f00b8aac
6d14e7f3
f554b057
009b34bd
b1f5d5ff
1cb2380e
bf4a34ca
a2872cd4
0cc44a4c
8088d450
1a18fd0c
ca9850ec
6b5ee272
720381d0
ce6f7c3c
e7c3e2c2
cdfc6099
80086f5b
c7172754
812c382a
e5c765ef
1dbcbe76
df708abe
68c9c431
c315e652
6f0b7579
c464e7cb
b6a42116
bf8e61fe
ccb5071a
f62d8d11
b14cb484
55896edd
d8d0d2d1
46f39878
9cfb169b
9383051b
5e6075f6
54f31701
f979a3ed
e77e5658
6b1fe4c6
40833223
13dcd615
85db6d58
652f0f75
f374e00a
31374229
ea95bca8
fba34a2e
4ba70631
4a35bbdf
f7635ef9
3c36851f
dc7f584d
448ccf75
d28e518d
3fbbfc18
c5904945
7aa62be8
828e551c
078114dc
f4dfc5e2
ba7c8566
40b00982
7ed564c1
1e8708e2
1adb9a7b
e5f6c7d1
d172d078
884f1683
e79b6bfb
6c6d6576
8d7979a6
f8390c77
90a853ea
e18f933f
65257230
978edbad
c746bbb9
9b5713d5
b457decf
0b36acf5
3cc3b464
74abcf4a
591ebd38
37926aef
8fc054ae
82efa10f
d3be7d16
1261593e
02028d60
335c93ae
a8a3b580
309dcf11
1b7d3755
1334a13d
cb3c844d
255a1541
e2caff6a
f87b139c
c6dd4599
fd1c7b86
3520aae0
9acc7bbb
1177c47d
2ff6ed7d
9ba6a6e9
1c846cb2
27a1c40a
632b1307
1b1a646f
2d77a44e
6108d85e
9618864b
c4563af9
0ea8cfa9
904da5d9
46034929
dc1f446a
3d509f2f
3f52fea3
a29c9bcf
d0f2f27f
8c9e8424
921fd3e3
5c40043d
c48a2218
0dbdaa79
26b985b7
0d0596b0
eb92049e
eb802137
517f8565
0daa130d
08c00c80
4a0eeccd
76fe2266
9421994f
2e51b643
bf00b3f1
39ebf053
bf456670
5898b6c4
645f71fc
d5b0cb33
1e83470b
eec41723
4cfc001f
4312eaca
baaeee40
e8c1bd5b
ffd6a287
40406325
10dfdc78
04082427
c3303872
7131991d
d491daf1
21b3a082
51b04fcb
77749e65
b1905696
5d73fc9b
7da492c1
5ee07abd
608f3e3f
709a329c
32bf0dce
295712fd
2771ac42
04974c4e
faff9e9b
d89877c3
ec8ad73d
44994947
6db767b4
6a306bb0
48e0ee1e
0d6ec5de
4c56aa5e
8102519b
768a8f32
63d6f6ba
105df805
586507c0
8c597bf8
a9568a29
c0919c95
e76c4518
ec319836
0cab951e
ecb89824
ac51d8d9
ecd49845
292265f1
f3833007
f3eaac45
b4680e4c
40c1889e
96b1f4b5
efe3ac4c
3c347cc5
9a4025e2
3a995568
df8636ab
c3e0c798
bbb6071f
68885578
a8cb6175
49ab3ac1
02b2e372
99e08aba
3e6bd879
fe8aa022
4204552c
07e2aa61
a8e94b96
33e309cf
e2defec7
fcc1792b
a9b6d8d0
348e92e8
c9afc7e5
fe8732a2
ca64a721
b8a22374
91407f60
014fc3ff
dea760f0
ff73fef7
942be79b
3cd6b3ef
883546a5
3ecfc045
2e58214f
56be440e
41f3a76f
e1be4f4b
b52c31e6
3210e59b
00f5c9e5
d66d788e
c1936d47
74e58842
b8c0cd24
0b693f61
d7c5d68e
edd3e8a5
16c31542
f5efe708
826d2b35
d1fcbd07
2e82926e
b4516bac
6668afb2
5da77271
81cbeb34
cd6e4257
6da07536
6c23357a
b622263d
fb481bd4
2e105f85
92ce1c24
e24052f7
7d4a75f9
21e681ae
04c0318c
c90f76b5
c923fbfe
d4761fa1
6a9c683f
e098ef20
593cae50
e94763e3
17a31895
cf8704c1
cacb102b
f75a3cf2
cca0824a
2a8ba258
28a97c6f
77e96ad0
ba54ef9f
5ef491df
ab8d2336
88c335c1
833eebe9
1a92eebd
f00f656d
17fd79f8
58b298fe
1341f851
476f4dda
ef1dd36a
4b8e13b5
89c72342
e5a56ad6
096bf188
afbae679
7ccfdd10
57186a37
821f568b
f0dc779e
0a3641ea
222a19e1
504cad53
78469080
bce0f7da
8f22264a
c34f6990
00aac401
c04a12ee
ef966653
d36c249b
be1e3f9e
3f6a7a07
8710ac3e
1803f002
74a9a181
ce21977f
6b39991e
00966718
399a3af3
babd6cf4
0bff26f8
977ac425
bfb4542f
0346fdbf
fd032919
a9270cb0
ad36bf55
9055bbe0
371d3ddb
bd3d4323
797a59f2
fe33cce0
3f1a4861
6934db31
79844e4c
bc6553b7
51147d1f
df24fd07
49098630
6b30b8d6
2bc21cc2
0585bdc0
d4abb585
96138110
5e71849f
175b0a09
5df545fb
c6db9e34
cd30af9a
c8ca40f7
928892b0
23bd870f
55e355f0
0f39adc4
c32afa0b
3e011993
2e020c3c
a9dd33d2
95357877
16d9a962
28edff89
3b7b5877
9af7fc8e
6857aea4
3565b540
c49f880c
b9864179
56dbd304
2787e004
dea1086b
cb24ff34
51939194
c83f7c23
b5d48ee7
8baec23a
0c1ea4e3
e6fbbd03
4f0022c7
3d8cee70
043ff837
25e1767a
3ecb2c26
cb34edbe
f7b5c411
afd9a468
8248e7a8
dec91489
4ff28fc0
0d182600
84901b9f
f420287a
d33b12e9
77e64b95
0673fa6d
41065077
c226342d
fe974a45
7eebb62f
40396e45
9479dd25
6c5c3d83
bde9dbca
096692f5
924301e2
d82b82ce
6f2def35
d7ee0d5d
8821e5f2
d8f6b7c1
a81cd3f1
f7b5b1b1
3554c5ed
91e73dd6
7b329312
b79b6691
104daf6b
8fa2428a
2c28e239
77986793
0a8921de
9421a40d
6d9912cd
aa3f8755
806acd0b
8ddb7a52
b566425c
12e5fcba
4d8ff564
3e50a1a8
cc0dbbae
e1a01176
7d3c2253
8f8fab33
16570696
bddf3c37
95888dbe
6f070752
8a382619
8bb931c2
808cde3b
688cdcd3
729b23d0
0e2a700e
0bb66b10
5cd75f36
3429af88
4944be21
f241b5c6
0044aa81
db9bd79c
3f4d9761
96d4c283
06bbff0e
c8fc988b
ef6bb1a1
bbc571e4
c78027f8
5dd185e0
851616aa
eca26cc3
7a062907
9299a456
42f020d6
54618eb1
30bbb098
c9f76f80
02492764
2c0b7e38
cee94aff
3392f9a5
3773f536
cb58263e
b8ee89eb
2f25d01a
711641d6
c2870ff7
4bac2377
c3596889
fe7f73ad
734f3a37
15eea5fb
8be1c84d
4918f5ee
c112568c
82744285
48d03f92
60a61765
39ddca80
f8c36112
44d9d209
8be61757
6cdff6f6
86b0a47d
e21fced4
9f2433af
7847aac2
57f1a5d9
3fd6641b
b6d7dd49
ebf98c5b
a7311164
b1339e01
2fe7f439
33c84928
0b252963
6c486a32
60c4b1e1
1029a792
7ebdd8e4
6893c250
4e3e8dd1
054f1a5f
98b0d0ce
b02b82f5
9e016b0f
e2e5143e
b805b63c
c63c12da
8f207aec
24aac5a1
be0e3a31
28d5a022
4867ce6c
a57f1406
c21fe5ac
dd97afce
f5a7b72e
a539f788
78e3afac
16d01060
bda2df62
1cbc3504
5f1cc7ed
126da9e2
36221549
a3415219
8a27a116
bcf72a00
2a3acc2d
05ef1159
afd3c42a
1c1c7e2f
e3793c04
403df0ba
d78c469c
ac2e28ee
2c0f180c
1149ce6f
afaa726e
cfff51d7
3669ce64
f1e91ae5
c410db22
e5c8a997
7df9d4ea
d9a2c337
52cb12ff
f130b346
e7e73256
56a33b46
668b99c9
777e5e8f
bc4b4588
ffe848f9
e6d8b870
f1976527
6a3d2a45
0c70437b
6c572f29
4e3b54b9
2ca4350d
b7f76750
a7655ae9
48b5b34b
dabdc734
0dec477f
0811773e
833f65f1
ab50e0b2
80744e2e
ed6f5d20
d5ee40a2
e86109d9
5552d4f2
40e9b443
498b4f57
c95218b7
a361cdac
b415d090
5850b124
b942122b
5d1a4c8f
0696a1a1
a424a2e7
556e5d00
1b1517dc
d8177221
5b12ba6c
34af728a
000721a1
9a78cbac
62c2ae68
82c93b81
b1df313e
81c81f14
13ceb4c8
7965b3ea
7ff3c788
0e96d093
11eb7124
475a25d8
cf5cd101
702ceba1
2a1f9c08
b668f600
b7ec9265
ae6675f4
9e448259
e7a15b10
14dd5cb3
9c356b30
f2978ec7
d7ac5bbb
59950d63
ccdfa4b2
cfb5bef8
a3d12b69
b82236e9
dddec271
782f90df
69eec832
853952a3
295869a7
45261a4f
d17efd2f
c93ad404
27da9b3c
e7384806
bc40e1ff
e59f9676
69462044
6a699fb9
a834c3e0
45e04204
cadb1992
0b02444a
d0fad484
f084f0b2
c29025df
50285e63
8b5ba162
2e0c3668
3a567b79
ef5b68e7
b4f6a986
de2c6e0a
0a0c1793
6857d07d
8861942c
0bb85f8d
52c43b15
29bb5e57
5aa8ea99
e565a1a2
c8dd7832
b9d39495
893a6c6f
de968663
bda1ee59
edc5a3f1
c6cfde94
f6f542af
3be28259
9be3188c
b383c43f
2d901c30
ce2e04a7
8fdaea23
666a58cc
58838008
3820beeb
94175011
706d6e9f
7183f98d
9f60416c
de61cddc
a67ec854
9f8d4ac4
48354792
e27bf263
6494b27d
f53b4bee
23601a24
ee780b9f
4c759bad
ceaf71f1
4dfd6deb
ba88ea67
1d98b419
022a9d4a
dfee0a2a
311451a6
4aaeaf18
0196a84d
870adc2c
6ddd29fd
8dd40e48
c7e07d5d
c50ce666
bde04c39
63446410
ba28a1c2
06e760c0
5c9c6e4b
ece9f2bc
b6076b20
29a92e94
96d2f440
f942c62d
f25002ab
cbb076d0
1cc1b424
73e1b32f
1d16f572
cf59ddf8
b71a6e69
a8543367
b3e64b9b
8f261d41
352214e0
bf44f43e
9c06af0d
bf9edd3e
98e78503
c90c3ce2
4c9ec6ae
aff406a6
3c912a64
53a4ec56
bb197380
477259e3
0de96a1e
ac0e1f46
2afd41f7
be896412
26d92485
6d534c9e
eaf765ae
3759de47
6889312f
cbe4423b
b3adb59a
a2287cda
ab4322c2
cdcb144b
c3a335ae
72238186
a34a3a17
332d90b2
80f00023
f48be815
eda932a2
57d14af6
0f5ecbc8
da4ee94e
a413157f
a4888778
cbf508a7
85f2d78f
950e0992
d5b09719
15a90cf9
cb405578
75c980f5
9d3eb3dd
3f5d3130
9155058c
6b4b8be4
44553361
57e81906
3508dfc7
e7594dd4
2f34709c
5d722b27
be91b855
eae63fb5
6ecadb10
03481396
032ef4c6
5376c758
f17010a9
e57fb41f
83228e61
51331ee1
f3196627
cac21445
7771371e
179cbed8
532190e0
0dc56300
6663e46e
d6b71d32
72bfca26
bb66a2aa
61cd2b1f
86a38eb8
e5224550
e61a5a07
8141a3a2
37aefdd3
8b74d6a8
e9bce3ff
722acc3d
24b50a39
0c3f9fdf
f973a027
9c98b341
525c24f0
5b595670
14e1f4fd
81a9bc3e
1e721926
54930178
6ec148ad
6a8b33be
fbdd0ece
960b9266
0b2ffecd
4435a00e
bcf7e60c
c2fd9217
1a83e027
cf158025
077a1ee0
31c64626
6afd61f8
375f4304
b24dfa44
00281af5
d847dc80
a4fbfc77
051ad799
6a80c416
08f1ef5d
ce148010
70517177
9dbc1e98
56e2c6c3
1e7ed7e9
84f7b70e
8de426f9
49e921c1
01719877
46df8a84
069bfaf1
a9808527
6ce94eba
2934d71b
45f91f3b
669d80ea
0bf1c5c7
1f8e710c
0873d56e
1708447c
0cdaa476
0d577f13
bd3c10a7
04f75894
6bc478b2
77c2c1cf
278e46db
ef14e76d
3a56ac33
a50ddf72
271c961a
f20f0ffd
41889b11
23bc5964
c8811525
c7fc32ce
4ff88fd9
f44db97c
12807879
2f908968
235eeed9
e306348d
b03d9690
0dc166f7
a6775211
43acf66d
93c47e5e
340574c9
d859b6ee
7d4f5a05
0b273c90
d8e9fa5a
06a03427
9f37bc2e
ddc5d4ec
a0e8efff
bb5cb4dc
fe647089
b51167bd
355ab960
6a128705
f5d29c35
5a86683b
5762a78f
22c3aa78
e1018cc0
553aae94
c3546036
8b892a7e
4c73d0e4
5e06994b
e3264d02
f9f054f0
828a1e35
79f4d9fd
8a10102e
1ce80dcf
a50a63da
056eca9e
bf919ef3
f8c7cefa
e894b46e
9e3c830b
800335e0
892ea162
7afb74d3
69732a32
67c40bde
565ff43d
fa1793a5
c2b675e9
0bb81f6c
5bf80df5
1ea9cdc5
4c5fb379
21eae827
30f301e1
e204cf90
0bb273dc
da50b48e
325841ed
95c4cecc
c6efb4db
c374207b
c02f015d
e2c759b7
ddec1844
63949c0f
b70afa78
ff728790
06905c0d
5310eec1
92d58829
e0e05f65
d61a7e85
aea1504f
4bca48a4
fa4b228d
8becb074
fee79bfb
6f07cef1
a5ec957a
274e5e5c
21646f28
bd3a89fe
6706e62c
77ec2085
a67f89fb
21e5b771
ddb211ea
b04bb15c
d7c1eaa3
07895013
639f95af
9bd1817c
573bfa02
e385828d
7f8c28ac
b5743069
00eb722d
feeda2b6
64df03ca
5c92163f
96ea69b5
2f898193
7a72b79d
67fff7f5
6c144860
f29fb83c
2da665bc
c441ded0
198efee7
2cf72367
fce4889d
c54c5c2d
04612271
da987521
ace9f644
2ba0a69a
3d47bdcd
d9e6e51c
809bd5e8
114df29b
a4f0e692
10533f9f
3d45d1e5
6aa36386
d8892c17
46f808f5
cad03a9d
2b2d3305
2ff468a3
26dca927
8e76e942
c494bc01
8d6dc936
63068410
3d00edfc
9e2242a1
cbd65dbc
21322e9b
4a469be0
cafe8498
8267dcd3
00aea2cc
5dcf5246
7e43256c
0aad59a3
588add05
2052c525
6edec6a5
1fc793ed
6480a8ad
28e33497
d76cc235
cba40e7f
84e2d5ee
3955f70e
05b45343
2ef83343
7f2ad56e
091cd4c5
4c1d1a49
e40cb715
c8c72133
a3befa51
0f782349
a68c94a9
9f35d8d4
41e2c366
4417206f
b4398fd5
cd59f1c0
64798d73
efb5a787
6026230c
5aadd35d
e3cc93f4
99beef40
6f840937
5986667b
c7ce7f7e
fe878d7b
98ab3461
f46215f0
1f77d11c
521998d5
563cf027
0ed69287
7a1ad012
850417bf
779a29f5
e4665968
eb3be50f
96c82b76
a85e8557
ca7a82e7
948eb386
43646265
11b47a9f
a8180030
d89276c9
85ccb775
0639ce5e
1647de0b
11008b4b
c3674922
aa6afb93
01ad2b06
a4ea5008
d6d23822
ae796bfe
1163c892
8bc3163a
83d87c8a
2c683f8a
c0245ad3
f11853ee
27fc6d2f
d8007c36
2dba1001
aca841a1
d9fed994
1629835c
4ccc32ed
af12dea0
7b966b34
7e56891a
9f1d3c24
f5504d26
4a8e0933
85a6104c
803228b5
c9ac4a0e
bacb40e4
7bc4575b
cf00cd69
8789876d
a28f31fe
0635987c
7ddcd7f6
4f996952
d37a0b21
5f1d8e79
84357897
ffb69fc6
43636a7b
fac9875d
2865633b
f14054f5
4b0bfc73
3ac1bd04
a6390403
57bf6efd
da078c92
b40e9f1c
e21b7291
60acd072
bc1e541b
98013cff
001afeeb
f7e3a389
526bbe07
506498e3
1ff18b14
37132a28
502ade94
2676cee6
72900092
787098ac
520ce851
58a728e4
eb1baf7d
ce74c729
fd86fc37
d4582c98
f84e12b1
0752a906
78bfaef8
ad327a66
f03c4f71
10c1d926
304b68ed
c0c74d39
085a2e95
75397148
8d7304fc
9d7d7de6
cc047761
62d86a22
a68c3a66
d2813bbe
edb47ddd
8518838a
873f5469
e92ac793
957ceede
b12a03d1
59a9b12c
10ba8af0
6cf3210e
b351d9d5
09735712
66eeebff
f7cfd0c7
79837e56
d2012dcd
b04e7d39
2fb50c0e
acef4768
452cb1db
4a98a156
b1312d69
f09da2b1
e3e5570b
f1912604
dea106ba
31f548b4
0453e873
a4330b2b
0c90050d
300e2d59
0716d150
28a80097
f4087779
1743c5cc
1322ddba
6396f5d4
75134724
42a9304b
e0e1b02c
3e5c7253
86bc8c1d
8bb3ce5b
18c51635
6abd1ec5
8d2c8059
7bfb4660
c1645a5a
5f676c63
68dd275f
a641a142
c6806869
e367a5d7
73546b92
50ba6f3a
61aeeb22
cfef5e10
08fe2f53
b779fe65
e6135c03
60f3e0ea
e47d6a18
c963304c
ebbefdd8
c0413ce6
f385fcd3
47eeab8e
1d9183e5
d28763c7
053d2c31
957f5701
264c8540
230bc70e
e54f4926
a4401204
41083306
33120f06
e211df9f
7e3f9683
7ff72ad2
6cb8eaaa
63a3fa93
75735ed0
02423663
0087718f
716255d5
3d5195b4
f1b660d9
faef9265
7928bc14
33647658
ad4307e1
96656605
2edb91f6
6288a94d
c589dd9f
b86fa78a
9e9e9e99
d64ac781
b740abfe
ef470875
f9cdfb03
26d9878e
e23cf92f
88d322ba
0d339d2e
0718796f
ee5a2bf0
962704e0
d25e5963
e1ee0bb3
2a69afc7
ba556fae
d19d547d
24b5ee00
be677137
a3f70972
10dd7b36
1b566d4a
75a8b586
19051938
14e1b36f
4a44b980
4c3c8576
cbdc21b9
8e9cb1c6
0754dc58
0ccdc457
55845cad
0221d75d
d8a09d22
df7b7466
183a6e9b
f365e903
d7d2f13e
48cadcaa
ef0faa22
1bffc5a0
c9d05a73
ffe78a00
768453a8
e801d2db
227719d7
30f789da
b23d5659
262925af
10c6cd22
0b3133fb
d19c4a96
55f0c754
c28b3ef5
ea595122
3d5789fb
80b7c69a
0c7976ee
f55021d1
27d5134a
5bebcdc4
7206ae6d
d05f44ad
ba333f55
b6f51049
a6f1d9c6
fe551d90
5118ee38
77e620e9
b56c0a9b
685d1a17
db1c89b8
82343e35
08c604c4
b2d46bc9
e7705cf5
f79ce192
0a424f87
e31c3d19
b0e5e096
61574959
d883a1e0
44547c7f
69a6642e
e9f5b4ba
28d124e4
ac05e6cb
931d9b61
b69f11d7
db1c72e7
0039b354
6f9c654d
31097187
13175b48
c752ae18
b7fc78b1
720d1287
6a2bd291
e64eca8e
cbddfb7f
ba7ef394
313b9bdb
95c99b5b
4d5c52e3
23d6040c
bb32bfd6
8f3b3cb3
46448351
a1b2e572
eeb974c7
4d871016
bded0936
06d8687c
7a78d5a7
7684f0aa
b915fa2b
fa041b60
1e16c0b8
acb9ce09
123b05a1
0596f280
86c67b28
b9f0a3e1
48bf66e1
16c5ebd1
e525858e
48242a15
e9e0af3f
71f716fb
b19ac5f0
5b21fecf
0baddff3
48957a7d
6284eb77
2d2b0426
4de134bf
704eedcb
e2832aa6
5a673ab1
1ad9cf83
e5296a3f
99654527
06421ec3
037c41d1
30cd18a7
b5727698
5885cacf
470d5a01
70277d3e
afe3f2b6
92b330c8
ed7164e8
418c8ef2
8b160f84
db9e1f81
d9290a34
13532253
f872f58e
2f8ffde7
7fa7b3cd
c2888314
fb96b7fa
29d28bbf
8759e841
622f9883
38582752
751e53da
0a8d1877
7a78e092
bb517585
c6499bab
eb96fd12
4061fa9b
327ef93a
8ac83198
0d60ebed
f50169c6
a9913b64
734f2b33
7f0db3f9
ed1fae7c
45d7885d
ddb9416b
eff24d6f
5b7f5ab2
f79861fa
926b6aff
d1b80f45
7e1fbc5c
938d6153
d31c2761
1e5e0ffd
893541aa
891ea490
3bac8493
d305b070
3b964655
8dc740db
78cf8fbe
08c345a6
2ca2c59e
eb02c6dd
b35e367b
c35e2e1c
4fb379af
1bf9ad08
3eb14150
a2a44ed1
ff9a34c3
f185d1c6
05bc0815
4cb75bae
a2b2f9e4
81ad3bb2
027141eb
513ea466
3ce2d2e1
e73355c8
824b0786
0493624e
933cff0f
7441dfa0
7cbc86da
267cd651
bf96ad58
270ef9ed
8980ec7a
a69a9ddd
61224c6f
bb84626a
737533f6
2e049f5f
ea4f3953
8d19ed62
b6327f6f
c4b54e43
5156775c
649c431f
91eb09fa
2c10957e
26f9950a
8346bd4d
61fe7f61
1911b0e1
3265e8d2
a6e51e36
1d28c55e
570d99c1
2410715d
f0b33d4f
a905659e
05f37fc6
36f5460c
fd0254ce
e7a37d7d
7b5b5409
ebcbb36f
fb10004a
d147fd56
9e99e1d5
6aa42051
2470f863
a7b202d0
d27d61da
3ba8ed52
1ffc09f2
2b128e0e
0b0a9a20
45791e76
056443fa
0eb1e6bc
5cc0f844
eca5cee5
bf8dc63f
c0bc6147
d12a5af9
67ec16c7
7548a8e2
455a56c2
c06a760c
21a0c0c8
279f5bf7
cd198b54
420f891f
df81e930
18a44220
59f9d3eb
9bbef364
480762e5
c0dcf714
0529577a
72b5f384
72a5df36
d54eba3c
8a9c5ac8
fbd51b51
30860344
7c72d4b2
0d7eb3e7
b0a3a852
00b769fb
f473a070
ec8bfe98
01e90d62
0c86d68b
bf098139
1c58350c
f00a661f
8d9bedb0
1d2176dc
aa8021a4
45a57dc0
76c24faa
6ceaa01b
79933a75
eff2b9f0
29ffa9da
c4fc8c74
a2407b0b
2347cfd8
896c8581
d98d34c2
72e994fe
d8cda1aa
14b7aff1
986f1f57
7755aa22
0598f6c7
39c119ba
c7cbff5a
a894c52d
e67c3672
a7d4c748
4f80e489
2712f282
23589951
a569f203
40b5fb5a
16c8483a
2dbae7c6
6b0d561b
2f66442c
ecf5153a
06d60858
44a91506
4e32c65c
57db634d
8c29cf40
a965f96d
e3976c66
586cd010
17b25913
4242f1ad
fa2baedf
f90353b0
e2822ea7
26d817b2
0f0e7b03
f02a8235
1c516a70
01d5f016
3da2f4e2
8d383f4e
4bc90ff5
ce76282e
547c8f60
05212c21
a152fcb5
bcc90d8e
7d869a66
46e1918c
24f5f582
64c6313a
7f9d5520
fa85d818
0eae4399
9768aacc
2a8509ce
f655ad07
65bedf51
249d6f3a
8bded42d
f666be83
e367d142
1a7ded6a
c3f2947a
4e3a56ca
8a7f1e02
f0a3ca0c
02fdd0f5
b7e21fe4
42f0b5a8
f209df2b
fdbacd28
58c25b5b
97651bf7
b6a50e86
a117a522
dbb9363f
47a0c157
6c33110f
f0ac89ff
4a70f093
eb19d3e1
5a53055e
7a819238
8c9f56c7
8421efa3
bbce78c6
3dcd7340
b0ae3127
444a81c2
00ae74d1
7f47e725
c95ec56f
7ef3cf18
b6b31053
9ebccad4
f2d07ae7
21b459d7
a218273e
6efe21af
d740da73
36a7864e
5338fe9f
d74568ac
999fc5b7
70f76264
1988cf32
d3c4cbbe
db47a2ef
66b050fb
25140f58
ccd1afa6
16cad47a
5cfd8bc5
c91c0c31
629058b2
38ead612
0fdee65b
7396304c
9701e963
546ec70d
29b06ff7
19517c16
af80c7d4
c1a01bcc
96f5e23a
8cc40f02
409a8eb9
47c5da92
24d4bdba
2c4cc0d2
4bb8d4a7
1003e61a
73f526c2
63243187
733c5b5d
8e88c3c0
4148f700
2fcccab0
e939e5ec
3ef49a73
b4c361c8
d4b0ca75
88d92552
e813d86f
33c70e9b
7920e784
62eb7f3e
e840f162
410ff03d
6963c97a
0531ad10
8bc18e44
8272da39
b34c42c4
00e43d16
a6cd111b
9847e265
f4675d62
7324483d
566ed1d5
0a5035b3
54f29c51
b2af39d5
e7355c0f
5bc86b7f
d4eda8f6
010a963d
0a5f5309
41eca3e7
db80e15c
a80beb33
bc3b767b
7b81d522
5fa211b1
00bf8b8c
077d5836
75cc71a5
aedcbe5c
7b0c9cd3
b7945385
0fcef9c7
0314ca7f
52089c8c
0ab6dc22
52620f4a
321351f8
3e35f4bd
925e09f8
0425de16
590979f1
b5b5e550
4068d969
8886438a
e093d145
95177426
c50a144d
42f1baa5
acd6288f
55eb8d6f
2b209de8
75408aa6
359f25ea
fdb02ab7
495a4832
5ee6d6d6
8a24c6e1
bb30188a
c5a44f90
b1681f76
940b946b
eef2386e
4347bd45
e2f84f6c
565b6d91
17940071
bebf33ae
6fc0da12
23e99fa0
b668642c
77b789cc
ba27df20
202b119f
16b187ac
d076ac66
406aab44
3ae65236
8a8febbc
46f0c6a6
3cfb46a0
6f48c0f0
c17d3e7a
54d407e3
f659337b
ade8540a
69502c25
ab0123c0
afb7554f
730eef80
84c85117
4984c73f
c7eee09f
132cdcb0
646377f2
ff70879a
878e38a0
eadbcd3e
147aa63d
cb72c0ce
80bffdfc
a2ecb181
c2d3010e
3ef3c9a2
9908ea34
275b55a7
87f06e40
8fdc45b5
250bf7c7
b2c2eaac
094120cc
fb464fd2
6656c593
b100bc4b
ccbf378f
7b17d6c5
1888bf01
c7e903bf
ae84f435
11be1848
6983c1b0
8ea6fe5e
27f38759
60826a24
3c8154c4
8d231f05
d1af464b
1c04548e
90413cdc
6a4e127a
38fc18d4
5e8c1723
a50f8fc4
8cfd0497
4ce63ed4
166fceaa
8b4a1874
13c85d65
06eecac4
4dfb68b1
ba037dfa
b5153718
5d780ee4
ccd0bcf9
0d64258d
5d94e304
c8641710
b6506b55
a0036aef
1bae3259
8c080908
d9b5d375
2a673244
fd477bbb
09bd0464
42563af8
9a650d98
25d90a44
20f8f750
43aabd3d
dd568f33
6ca3a737
293d5a72
7d7dcd19
15a530ab
5339a5b9
b7952733
c05cc013
a96293e9
ca24309e
130ac8d4
1492c211
8c225772
3f6a6531
c0e9782b
87afca9c
80182b3f
d8c2c208
ceb23128
a6b7ff60
5c739bdd
8e306a8c
334156a7
fc0d1b77
819bbecd
7d3c1c92
618c461a
963d2f79
779da574
9f9e19dc
8e6be3b1
f022c04d
5e7f6f93
b0f38ff7
219587ca
3ee52892
47728565
d85abee4
098d30bd
1a8085ca
6d2a99ab
66fc08f1
3ab4f2b7
021453c4
40751bd5
9c5130d7
bf4cb06c
563c0725
3a90f2f6
b581543d
2fb65547
5a7ae262
5359815c
caa3a766
c822d947
c5760087
9bdf2b6b
f976b2dd
c0c736b2
d214eda9
fb608c4d
d73292ba
3575393c
cd95fdc3
f590eb62
9296170b
a5c9a21f
877fdd9f
3bc983f0
fca3c770
f687d258
cff796ff
ea3a9210
99bf157d
92a1a7dc
b19f4ac0
c88ebc48
8b1663ed
c7919f1d
72d490f0
2aea4450
be7a70ca
e82dd5d7
462eeb0f
69c63bc1
5b6ebb76
41dd6b29
9fc4767c
1106ed71
e6940800
b1b2477a
29501407
2b32621a
8b9ed993
942e2150
f580d887
cfd9ffc8
1c60c41a
9a63797c
5097e099
61f3eeb9
679c6644
48379d38
2ab28694
663a8690
6f849732
c6d3d64e
aa218c51
d32202cc
87c8ad13
4b4796f8
09fd5bc5
08d96e64
a9dd8bf8
4c3a3447
fb857858
1702e0ba
ad8ddd3a
242f0bf2
be3eece4
794b8749
245a9d0f
171a1a9c
8e1beb31
3e7a4220
870fb8ea
e54527a8
44bdcbdc
a48152b7
b2a86fab
f9a6f90b
bf6f29f4
f25fdf66
e7d9edc6
1b2ad653
092af94e
1b6c1d0f
4881e33b
05670919
81db500f
082e8f46
2d8b1014
4dd74354
3d8d1d15
f9e65169
ead51285
9bc15591
3493778b
069f6382
77291e1c
72bed7cd
b9921b89
94e78090
e4391652
ed90c754
3b579291
a9ca3a45
8e1a4980
660bcf21
9fcf55ab
76c2f9f5
6e0496a2
3037ee06
5b04941e
668feba5
59121297
53a2e7b5
b217d8fe
08730204
30227ddc
95ed3f80
6630e96e
66a9dde7
28fbe9fd
9588fe3d
0865f869
59c90c9f
51d234fc
695791a8
8b674d65
aab4d08e
4010c7b2
8df68beb
94150432
3e4af87a
9fc977f4
c13e8326
4f03ff60
97ced06c
cd60d57d
fa5be580
44258bc5
432e8814
e8f716cb
c5894729
122f0d4d
89db09eb
5abb1765
9a06a6af
7e25b90e
5314cfad
8de40e3d
fdc7fdac
329f47eb
14e0ec52
dafdd3a0
a03c5f86
380e0c7c
cae935bf
d5c87fe0
d4bbda96
1a2f905d
f4682cae
096ed2b9
8cf380e0
d9ad6374
d9670bed
8027a686
bb85c8ab
59889bf6
2f884563
6a0ff873
3b2ee1b5
f8aa51f4
f5567a02
f5da1674
1ef1d5ea
37c6929d
218e287d
7267ff60
cbe67db6
74829f72
abf60f26
b7e07761
3aa81682
7bef595d
6678e454
454dee91
85766620
52db6e2d
40b71f33
4ab31fb0
6ba053da
4948efad
ec6ca788
25f84b06
1be8ef7e
8ef352f9
6273d1a0
6f5082e7
4ca19978
3bb48831
4da32b2c
fdb5ab1c
3801ef10
d79e5dc3
65b02d26
8132174b
f4540b3a
850d614e
e787d96c
1f04ce18
680907a4
3ff22e2c
a128c28b
87a94f5c
fc177795
e1121198
3250a1af
4e5c6cac
ab688cae
e3c087e5
e82fab98
405cd00a
1b2d95c0
95fd6a26
f475c012
a2408d39
9710be55
687623f7
ffa6dc78
9bc72d70
b5a473e5
bcfc23ee
7c4d28a7
020c0b5a
5fbf6582
8226fdc1
7abe251a
6bac0730
302a4e66
e7eff1c1
a8799b1b
976343cc
11f5e6bb
d1fb9b68
3f957787
2b6dd692
4f88d0bc
e27885e1
0310728b
ed9c43ec
b7fa8699
ba8ce134
c3400291
2a25ec21
d608b51a
a4276fcc
8aeac065
fd8b554c
e0622fc9
d6c0badf
178a83cc
f68f6ce6
7f0f0779
362bcbc0
108a044f
4bf311ca
c1ae0a55
24a0c9b9
ab9f429e
70b4adaf
e4514a6f
02243324
f1836102
abfef270
6d2cb0d7
76e5a706
5f908da9
a6a3ae6c
073bdae2
4a0ecc83
1849f42d
869cc10e
492dbf55
a808d0f4
19bde5e3
8952f247
a96cd351
73c5dce8
ff900aae
d0415fa7
6395d383
daa3f374
d3772fb4
37954170
bf8589f8
d3f27fa3
781ded16
cba89192
0c468eeb
37fc5dd2
08ee87e7
6d3a8e52
5a5d82c8
6a96d290
89bc0205
b3d8069a
50762f01
c906f6aa
4fec25ff
06b97d24
a18e9da3
92574892
8cc66bad
909fc3b5
79d83a34
15ecc912
1897b49a
cd87ea08
1be7968e
55360d47
72cd5908
56a7fc27
4c9c9991
3eff3a80
d737ee62
fd29c6db
a3e98d1d
7ec17f19
a633dcb1
d1e9362a
10c6d5e2
8f90bd9e
911b71a0
f398ae9b
285812e1
f6ef68bb
6a58afee
7176afc2
100a3d4c
2ad08ad4
3ffd7a78
03cb0daf
9d783d3d
3684eea3
34f0a53d
3b586280
0b977938
cb0b4851
cbe3e0c3
fb6c251b
6290e190
388a16fd
0c9e3286
ab2108c5
39da6449
9dbf46b5
8ffb0292
d8e76092
ec28bd76
b658d279
a8e44dcb
015d6ad7
8f780d2f
6dec8453
5d9c2ae4
dcc873db
1600c127
86d8c9a3
46ee9df2
c3343397
0e41f7ed
2b29bb90
c09f5f34
8fdffe89
f4037f51
fda301eb
0955aa94
61a00b01
4268ba60
415209eb
adfe2e3f
40424a8a
7c195da3
cb75bbde
fdfd5677
68ce23c4
96e1545d
beac309f
0888e832
4544aed8
77bbbf97
a7ecaa3c
4c4fd357
4456709b
7b1d8b6f
60915a94
b6f8ea7b
b348954a
2e0825dc
d647e94c
4d8dc139
a30f9c08
88dda532
a8233642
0b073344
6e52d237
dba700c6
43e8dcf3
6666fe2a
7f1069e3
9f5f760e
72c32772
d0d41ac9
1f67c13a
e5ce4ce6
d139edb8
88b25250
0172580a
ac59839d
87236058
89629082
de24305c
f50cdbf3
e9fe7070
0ea7c898
25c38ab0
7b7d1691
72a9c74a
cd9ad5e3
4d0e94a1
8352f2a1
eae52804
72f30f26
23d95541
bfba72a4
34e2462c
6922d366
1af453fa
b37b16f6
2f08cc46
cfe04f58
d48c6c19
74154789
c8541124
a8063193
9b798e47
7e24c425
f0a2b343
d6ecb710
eb113807
0a5d6721
a73d515e
bf27db6f
4d68253a
90fb62ca
f9c0e9a7
ec7806f0
fc58ac01
1e594557
f3097139
7a1c6c23
4d31b61b
91325a19
a23a7d2b
64236cd5
cc8b78b5
2bea3346
cf3f80cc
c67d5119
551cf68d
7147e232
ea744306
48ba23ce
6cd411e8
bac3ee33
d7422818
1c8251aa
24038765
6165d32b
22de07bd
49343e64
7347db4d
68074edd
e9d5a5cc
c0e89d8e
7876d90a
e7e6e601
e214615e
c56e41a9
a623d30c
d5577327
255f4f0d
fc789a71
b424e4c8
063b0983
0b3576c8
7480aeef
0820d3c4
c1b8f47b
007b60a1
25c10991
721025ca
954032f7
96d5616c
5c7a8868
8b246eea
5cdd905a
0192f2ce
c53af12b
df2026fb
708716af
63f6c9ac
52137cef
76b0f45a
144e3ee4
de4cd033
dd85ec38
41ee682a
ef66ef18
823978de
3293395f
40e44072
d1dccf8b
8568b90f
c0b58b91
5c8382ed
9795c0cb
fd60e719
170982c3
b5c47174
f23f2693
9f9d2670
42f33789
2874a56e
f123d772
b8b838c7
30b7d122
ec44971d
c5af0d1c
55c300b2
1058226b
ab73ecd9
3336782e
b8e01136
e3d5f482
ee360148
6af6c7aa
bcd05c8e
fbd4fba1
e38c9252
bfeb73e0
3b5307cb
dd77e485
ac7ad25b
d14e75a2
5190d950
d8ecbabd
f0d75268
ab9fcf9a
907601a5
1f7f1ca8
ba9a3d82
8490cb6d
6d6482b0
51a80186
d85646f3
5504dae9
df557c4f
e5b02d29
d25ebf92
ee395e52
e87bbd83
6692060d
3677e4fd
b6483ee9
bc968383
bd489ecd
cf18a666
aaf052a5
ed0761be
7bb0f098
b23b9df9
6863ae7b
b20c7eca
6a982014
11e185c4
cd8b2749
c4be83ab
41052e00
bfd7fc22
70f3a211
e7b34b41
1a29cd94
8778429c
991c0b27
36dfd1d5
14c45df6
f7821419
9270768a
49cdf8d4
f453b39f
8a6fe1f6
201dc189
67f33b5d
6cec6827
7b42d08c
f04d9a49
c77f5838
c906fc2e
d59d2cf6
cee73eef
6ce59881
022316a0
2e1a0cb3
d792f6f8
92266cb6
c44c5cf5
9cd2ec45
9ebf26d6
92520c18
287341eb
