5f9d392d
aa2e3979
bfae5655
0a9c8b65
2b31034f
6f6a515e
2334d980
d7580e19
128e938e
8a7c6c22
0b670e53
4c29d393
8128421b
e5037c49
7a484e02
a1d4aeac
d874b230
83b8d301
4db58b0c
4f9a0d68
78ed11d5
3e576cdd
01d3d824
b6c683a9
07d09450
9da0e3a6
2fc6dd0e
8e20589b
0e67e3fb
b8b12852
b1795046
eea0704d
8342858c
9abce841
9f003163
9e673680
8aafa472
fdc1e378
51c14d91
d62a2ce2
fe797f24
e01ed56f
26ae1d73
2be95d35
632bd067
06b42c6c
2eb1d8a3
17a949f7
0dd6b72b
d78397b9
3f6946e3
59be03fd
fde906a2
94b12cb4
2e0ba45e
d052fa9e
0f6830fd
0c70f398
30f54649
1678fb76
c9e00de9
efa6df4d
7aaa277a
0884af63
cc21978a
0a6bf22c
6e8facd8
0bb33903
a7cc0326
d3d3f7c1
10edef1b
a812bcac
59a57b0c
0abef697
0e0e3ba3
dfa9e92e
81c058e5
c0083b98
b0ee5c46
c8171ab9
e2dd2de9
526e62f3
c613db6f
7b0d0867
8bb92a65
8732b374
6c6c4392
4c2563a0
2656e80c
f86d89f6
23726c4a
7912ca1f
7d5bcd27
0b8c828c
68ca1da5
602de4c2
efc7b7ba
a3fc44f0
512e2c18
14775f97
7b3844e1
405d65e0
86b0a80a
5a39d860
8ea681eb
7fefc026
2abbea81
648e8d93
fef2c752
828dae88
2a04c4c8
24b6c109
489da943
fe3fb10e
1b539628
63370589
1577ccde
d41dfbcf
4c9241e2
f16224b6
1e89ff0b
a22d4444
4595ed7b
033ea481
c189eb5a
f3cd300e
3e131ea5
048d1814
b0ff00b4
ec54689c
c566554d
ee23b698
ab719fda
da10f144
ddce7fe8
75ae8c77
2b54b51c
a2432f60
d976b89a
1cdd181e
44f1578f
1e148055
553186cf
0eee838a
f762fd2b
9929fe90
b57a90e2
f9a22213
82dbebe2
2b694654
13158c8a
b6ea9c93
e11e1357
bba7b86b
8545afab
aa23c4a1
9951dbb3
de53552a
ead03732
96e30bff
302391c0
7fde0d63
1e8bfc3d
a14a47e2
4223bb44
4d885514
35f26fec
43d72d5f
1c695c2e
0a1307a4
f889a470
bfaa824f
8dbd84bd
e36f3735
e1cfcb8e
c6717da2
3fa7a791
d493d5bc
d7c9b940
38e017e0
47fdaf88
82eab314
c7371443
a60f588c
7fc38382
eef3bcec
6ed749cc
05adf168
31a79616
5a30b527
ce0dff35
b3848d1c
4730423c
c1f907bf
50afe3eb
cde3e87e
c37a04a7
027757d9
bc608c4e
aa1da183
6e3bb58b
fbd81349
5d7dc369
ea55b499
c5975998
b5d4ec2e
322b3281
1cfcbe41
ca448937
d4ec5097
fab72157
af1ec7f6
aa6075ec
f1740aaf
b8e94914
f985492b
0a28b447
c945bc28
57bbc97e
e7c31629
e3466c16
4efbebf1
8f3ba77b
821abe96
d9653747
c62afd6a
4549f902
208f4fe5
bcf172da
eeedcb1b
658373aa
cbe3a6c8
1c9d3436
bec8bf65
1404fcbb
c866b1ca
0b448e6b
69260794
625d2cca
237477ff
3bca4c20
17a749b3
3aff69a0
150b84ae
235676a1
bf704725
63fe2875
f738f861
755acb77
8ab92798
bb55d495
764ca02d
5d9917c5
07b8573d
dbb306a5
ba679149
d00565ba
998e07bd
a3b637af
98f98a33
be252e74
3e99efc7
00024f4f
f59c4d10
35d9316e
940617aa
cb470fc8
f40a6534
08fc9590
8506d758
8b599142
6fbe8cac
2a82e799
67e21b9f
d0943305
a3c0b292
a2695d35
f754760f
0327e774
1fc9105d
d2e7ea60
66770947
c20bcba6
ea651472
4869ef1b
79de7133
1ae059ca
0c1a5c38
8b155b86
10b21eee
567b7b05
98142e3e
b3eb928f
48f63bfd
d442c57f
670740ca
8352ceb5
ca674801
c60218dc
22e4e2e5
cbd698ea
e3266608
4fb959a0
ef85586a
79fad899
a4f913c9
b69a38db
dfc44088
cd9a398f
f2c457a9
ad43a745
0e244b59
9936da44
10616106
26cfe212
13d555bf
3cf78952
63fff8b4
fa00bdfe
b1739c9a
4e3546d6
62a2917e
45c0ace9
71ab9740
cb213d37
c5586817
4c6d49ed
bb5b2b41
ca412bb2
45819bf6
b6372cd1
24438ddd
2f78c9f0
e45c6585
d8a73284
b74e3b6e
b3606a5d
05d2ce65
bcf366d9
abefc8c1
f7c08c18
13ad356b
d2e529d0
76cdda72
5bd903b3
e505f9db
84794172
147e25e1
41cb24a7
9af4c86b
5e383474
cc71ae3d
19c78cef
e59f934b
4090bdab
e1323ba8
63212120
1ea49ae7
989d00d3
356ee5f9
b5c76fa6
d784e183
61d03854
4b058c3b
1690f0c3
70955b29
d32f2932
ecbe2b3e
24e38430
250decdb
ed137fb2
b6d687cc
d677b8fa
98db9205
304e28b8
5c4af340
c68fec25
138f94bd
a6153f55
48daba83
a1c4680d
47f50301
2ce33577
eeeb5436
b497e2d3
6d5cd2a5
f5c6cf94
5bb9c6c5
16d0371b
4f213717
f2a4e405
45ed04c5
a12f2746
949d987d
70a89d38
70591962
5a3f1ab7
9cbcca3d
75ab06f9
5e49c94d
71c83113
e8c61507
48d3f04f
fe33e2b2
f7ba9ea6
827f66b4
f7b860f6
bb0e53dc
d0d9963b
d41d4047
868c86e6
75f8066c
fa2a94f5
81c38540
651971bb
6fdf276f
3c5a141a
8e15ffb1
f6f4ab71
e72b5706
91024997
dff218ca
8aa7d1a2
e3615341
c3f8c65e
12ceea23
7d97c153
f50143eb
b1c6c2c7
cbde5aa2
28c5ad3b
c16d8e63
19ceecd6
ffdeb769
bb856bab
ddd52ddf
164280fd
4d850273
d680a928
df14ddca
dd90adac
77c8887f
c1a28e63
1a6b04f9
2029d574
4de0abdb
9796b4c9
1163fbd6
fc34ecfb
5dea7ac3
7f1ba622
eb57d118
cdc04ec7
88909ce4
5e356e6e
44246d90
6683556b
5836b532
00d217ea
86145a10
6ed18846
bb8313d8
0f7e518b
25e507b9
46f18e28
15128061
362f8d0d
ab54cfaf
4ac1b98c
9fe09e6c
89524fac
92e49422
cd52c6da
6344632d
1f9b610b
ca8007d3
167c3ca2
e655bdef
8da05500
b2a9c7f5
14458789
f0d1e5b2
2a13492e
919ab291
0e03c320
0f969fd8
aec00aa0
09d6b97b
e0658e4b
a35b9dc0
b04b682c
db2d9e0e
593e9016
d16de3fc
7e269e8c
99d82a17
17c428c2
ad79f495
e50db683
3707d80f
b0b1f5a9
747f951f
09a4811a
02ead7d1
457901aa
e56e963c
c54d5c23
9a3c62c2
2cf0c9e8
f360a1e6
22bc207d
a39f2a5a
0e337d35
0f311c5e
2046a489
03446bc2
a4142c81
e7f87e93
70c8b4a9
a1be02f0
06c406e8
534ffba9
f8a7915f
c9f75a33
4eb556c5
a2e38e6e
d0297ee5
6ef6b335
86a96b87
84371e67
9bad42b2
a500b166
3dc50de0
64a61b3f
2d5f257a
4f4361e9
ad0b32eb
38dbbd35
91c6206b
512d2f60
82959f81
f9385d26
8664fd2c
341bcaeb
76ccd090
e5760593
c4e1387c
0e7521cd
5daf066b
c0ee44e7
84aaf744
d6cca416
8907892f
d3a760ca
e681b133
bb0e51be
63872719
1b193f8a
ab78551a
661aa66d
06ca5028
b2169291
78e15651
39586fa2
99891dda
7cd2d6af
1cf88acd
28f1fc36
0b94e14a
a445357e
5b86b86b
3cd96175
d26bb83c
036955f6
eb561e8e
1cbfd218
3cb550c9
04a7918a
feb5dcba
2bf760a0
aa784987
a3e52bb2
1febb1d1
94b2f5ef
7902b61b
85489e66
4cb668ef
5c98cd1d
37bf3144
a0af0c18
22b18283
31f315ae
9afc6681
b4d10137
29333d75
9537e5c1
dc89532e
988caea2
3546a12c
3e219983
8e18da67
39546000
a648d180
90f1c56e
96b5f45b
7cf2fcf4
123a7f08
3a1d9438
1e794db0
90b690c9
8ed53691
e26d7644
59d3621a
9c000067
e5f6aee0
28ef7f6e
4270af17
714eb3f8
93e6ed1c
f867639b
435f5592
320f6488
4e43dcc2
67872cc7
6ec49964
0dbcd8bc
31b86df1
fdd4334f
cf991715
6b7cf253
991b445a
2c8e0bde
73158d0f
2e75cc7a
23a3f12c
fe436a24
abf8d190
450d10cd
d3066698
43e11172
6c9372df
bc4d458a
2d8b8de5
cd67631b
3474c6e5
38e2ce04
af375697
39ec71ac
fe63e07c
25be0a5b
a8de28fd
a3625727
598f22be
bc19bb45
6efb2d4c
b5362f94
27e4961b
8be4f81e
bec2728f
e6113350
864a8e4f
43da5f36
12835c4c
91e7dc0b
fa3176a8
6164c97d
4e2d568e
6990ee8e
76136d5c
67b63d96
b140706d
0259553c
f465f0ec
e78e9289
43e5463c
ccac6788
bca9734c
c8440a53
22ea8c39
e0b53d9e
5555ef3e
49270233
7bdd7c80
b2a13706
2444f9d9
211fcc01
f2d8b894
0fce4ca0
ff874db8
463ce26e
3f0465c0
e91ec8b4
501817d3
166b2fb1
cedd0354
dab04a0b
1c630983
59b73563
dedafce0
eb117e39
17346683
cc84cbfd
a0a677cd
2f253976
ea52b8e3
09b643c6
78699c4d
00dd4e8a
ea97e860
97f9668d
1381f943
176bc48b
44699d0a
e45cd0b9
2d088ac9
25c9bea3
eef7c6ee
a194af07
f64df1b1
ee936788
c6be14aa
1e84a40a
2196628e
fbab796f
193d8552
2d10c3c5
6d5d6f7e
b93053a8
807a27a7
acb2bc69
4db8460b
e0ed10ca
e7d2c493
5c819576
7ded9ecd
cf069ed1
e2c59deb
af53324c
a7819dc2
ae02e3f9
3c8ea75b
7c882e14
d0c30911
7d28f1c1
c3db02d6
caf9d70c
bbde33bf
e5787113
f48b3e52
34795447
4f5c0038
03abe275
0d926f94
3ade1a3d
f80bcd46
a360aa3c
912b8ba0
cba96cea
e66c32b3
92dda08c
9d2f32b5
0d745357
fda6b029
1c1ac2a8
f41367a7
1a399761
89386496
02685358
0bc41bb2
4ef100c8
1bdda522
59a48b30
ebad63d8
fa55ef1b
17399b0b
2775d68c
008a1ce5
028bc8ca
8c1bf740
c1bf28b8
41d8000a
3453188f
f462d4ab
9eee0328
605ca4ee
dfcd26c5
4b71c359
90f2f8b8
53ab8ede
343b4643
4fce44f3
2414ad8e
5d339473
22c7be69
bf9c1cc6
eb4807aa
464ec2c7
fb566b18
9e6af732
67676710
69e867a8
f5dc4025
500274d3
70b7d4f2
8863451a
ea77e500
3a5a3ef4
5498c13c
fdc9a362
ee338740
f3592061
f7922ac2
a40f7827
5035400e
1869389b
5a7560f4
a63267ed
8e9c01de
26442d24
f26644f0
16b43a10
bd31113f
be7ffacb
eb7d1751
e10ddfaf
1a13a4d6
b23f3335
8aff2bbd
b4b54d71
60ac0693
13450172
55c3568b
80ae9b9e
edbafa75
203e31d2
ea908e94
528e7d11
782487b9
9eedd6eb
3a42454a
976464fe
af3314fc
d34fed33
4afcaec0
be1365c4
c60b4e09
012ca3e5
9b2ec960
c3484f76
f165a215
657a54dc
932458f4
2c91eb7c
4bdfff72
88dac168
5f1ef6ad
6e1e0971
5af50036
f7e66ee5
f54324d6
5cce5c54
392c7146
36088ed1
73ffe3c9
e8600994
f38ddb13
7e76854e
02cdf2ba
31bd51ea
9e229c5f
6f9dbd01
5e6e9df8
bf5af25b
e6efa56f
7ace8ee6
c5be2b59
2f5f4aae
d31fb0fd
3ac4ee9b
8fefe795
fa73d910
4c1d4bff
25a1d0c2
663c39e5
8486afde
f4cfc461
ef27e1c7
bdf7f05d
c217d58c
9c64df12
8c5c7e25
221a7616
72eac964
b0317ff7
ea15d18f
71e5b260
f12aa9f0
1d1245cd
7039459e
da37effa
3235ed3d
d3d07f5a
7b4c0778
9a485b66
e2e76542
9452b16c
fd0dc102
c83ca286
2cd874d0
7d9b3d7a
14518f0d
1da1220a
285562a6
184126be
b3c6dd1f
864626fc
c3d80dd8
82d3e02a
db89753a
9acc8498
aa1bd6fb
b8697145
00df9dfe
66f3cf97
f16c2a03
b62a7eff
0df324e7
220d48d3
dde54a26
9c6681be
6a70a519
81633b6b
5a29ee24
4c1a180a
ec545c4d
a0ff7003
0ba5ec69
7c18e619
d71396b4
402b5220
09557bb2
b993e37a
cdaf5899
5792d0db
e40b81a0
60230982
f49f7d87
79543a1c
24fea80e
86ec1053
bbc99044
c06a4a85
f0a56703
be2f4d12
a7c2de29
04b605d2
2ee86309
ad79969d
baa25725
c1cd3adc
bf0c6d86
d95d80ae
3ba60f37
540651d2
2e03950e
b953edfe
9a54a91a
8a394c9c
58965541
caaff2fd
25805e2c
a37a42e7
64ce9062
6e4deb6a
aa32b241
04640329
acbf3dff
708c0c84
15086f54
08048142
a13baf5a
58ee7827
8df1a659
363a1705
d0b77ec7
34a7861d
fe54e8d8
8abe3702
8413bf2e
41467ba9
a67d5f5e
cc1592b1
35f69772
490bb298
c4d52439
a068516d
e9c38587
40fb97b5
7fbd6952
e8cf515f
9c74985d
959c15a3
d4331651
e76daa1a
f23d4e2a
7bf2218a
1069e27b
4eae0746
b5749d5a
9cd20542
f4efacbc
c3cef5fc
48e941e6
04bea257
5a099e09
b4078986
1c4b0885
641faa15
c57397ae
e35c91b0
aa11e1db
d52f7fcb
5559ceac
936b9cda
5f7766a3
9a4f858a
295668dc
aa3a1891
ca2a4e18
40b75fe9
be3a03fd
1a27634b
5f7628c4
6f529889
935398d0
60c9e816
7a011ee6
68b44b41
d6c3d049
cf491606
4d4a223d
b500683e
26b1ce7a
3872bef9
cc7acc26
3e395e28
2dfefb34
13c19a39
bdd788d0
65b10d0e
cd03dd96
6a337c23
01b4baf4
aac6718a
57996a9f
9d383975
078e57c2
e9f118e0
37bbddab
25c8b393
40e500de
837f9a86
766bc1da
1553103d
64c29f61
5c04e0ce
de366715
8f85a3ab
9f42babe
bc5c0243
b472eb8c
941872b0
4ddfc535
1322c8d7
951b5fc3
2c08f206
8350ea9d
a5ea2212
01dfd382
b80df555
9fde607c
891876ed
0982e3ea
569e49a4
fec4ec58
4286fde6
fc79b8d1
9fd5b817
82067103
9002cc42
690bd3e2
4c784371
dfb1ed2c
2c53dae8
b7b03e24
95114ac5
50f7ac2b
ef79a0fa
1b932158
789b9928
9798384b
de6e0da8
fa78368a
b87159e3
ac0c88c0
12992422
40e4af5c
f43f7016
97687395
c1775a86
afcc1d03
45014a74
f9674ffe
41420f93
799af9e1
4d7e9a28
8c8f5cc0
752dcabc
4b2646c4
526043b6
bafad8f5
06104195
aaaeb944
09478066
3437e15d
3f708f5b
d4498170
9272951e
f9540521
39da9da8
a88ef42b
c960eb66
849a7c85
f2b7c2a5
5a93b29f
b47cdd96
83d70064
c11f0b26
2f2dd441
604359d1
03e2db25
4b9a8919
abb14b87
62e37466
58fdec36
600a4953
9c2f4e0c
6b793456
3273fdbb
5219b044
b370e4f4
660487a2
bc3fe989
32777d6e
91f6c498
dd02f8cc
33a266b5
021d4d3c
b7b8d8c4
238b3e22
7393e509
69e1cab3
13366900
b5eddcb6
c4915eab
eea0013f
6ac62635
24306b7a
ef8124c1
24270f84
63f64902
1a259b5d
b8a1efb3
d5f46799
3e1c8f31
41ba102e
8a154368
0504d4c1
67c18496
0d87babc
32a44c9c
8ff71a07
5f0f146e
657de0cb
169c10c7
45a03c52
75e9888f
54c095d9
484b604e
344a1902
047fb3fd
62a93fbc
f0bd7c48
ed8b1ad5
c0561050
309c58fe
0d68243f
70621b45
367b577e
643d88fb
ad5d0ad1
f111397d
fcb18a31
6cf4cf4c
e068d129
51a9d9d5
79f9460a
900bc394
94acaabd
c76949c0
7b1e3241
8c28aa13
69a8a716
d658f4a6
7e4e0e77
b3d27f90
c2245b55
f857ce7d
4f8594d9
2a2e8cf5
b24276fe
39c992f7
41530b7f
1caba660
345cc9f7
20941b49
ab5effba
f6a08e31
b6ad04fd
60d0df5c
fc2add7c
c193ae9d
90b0104c
364da8b1
a46967fe
bd5ca445
0d1fa835
2e42e5a1
78dd0102
916ae6aa
7a50f94b
96054c9d
8353a6ae
d565a3af
7150f452
816a4b92
a74b60a0
8ec7de18
c029457a
bf3a461a
461ac18d
ba38b5b9
728c1f3d
0118d219
fe9035e7
3af1f132
81bc3bd6
ec23fa23
15a26a58
80110961
f31d77fb
f452f178
7dff3d21
dd630238
8a8a9518
2b335f3e
6594122a
4d2ad18d
d3da8052
63f5bda9
00264253
001c377e
8840f023
67d3c390
070804da
7b48aead
8acad3d3
9733d59f
482a373b
5a9d42f7
dd300627
54b856bb
4390da1f
171abf00
a98466be
15376312
1e092ae9
269cf28e
9234f5f5
e8df9a5c
db301d39
b61150a2
0a8728a3
72dd2051
f5347435
5af409d1
0daeba0e
1c1a799a
81909792
6ae450ee
89b7b824
91a42174
6f04f6c9
18f52fa7
e1d3492d
f068ed8b
990edace
c8e9f8e8
7e0103de
ae966889
17118539
5ec8372e
e88ae12e
f2e777a6
d67ce942
23ca5e25
54f3a565
e6beab3b
b86aeff5
ac239d0a
49f5abd1
9b94bd7a
4c870178
ea866f09
5b8b58aa
430587f9
3a9f7d30
784aedba
7aa8cb2f
f726669c
5d06af9b
1b164489
70fb5a3b
62066438
7055467a
d3b4fdaa
93be900e
824ea968
c1309968
6d1b6da6
a376c1bf
e6f186b9
0fdfc030
7a5ca620
52d9acd8
758a87d1
d40ac638
323d32e9
5c3f3fa1
6375a60c
e46f2ba7
090ea213
2a6d7280
f02946ec
3e12db76
b438086d
548265c6
e758221c
11188a35
e8f04cda
f9a07462
07dc0fdf
b4c18536
2562b4ec
4bb2adbf
61469277
bb47b738
b05a4dcc
e68b226e
12ea0d96
1c60c220
bb34d5c9
0cd986a5
cffa4c1f
cd3caf00
3597954c
bb1c83e5
9dde2770
cf529b19
e84c9b46
16a12e3d
ed72f4ff
0138061c
d0efa899
f46c3485
e4588157
e6e1f871
ec203a53
ffdc1ed9
16651ff0
3fc6f99c
daca1c5c
9d872d9b
bc911662
8dd6454e
8427e7b9
e94dc735
92b8088e
0e642624
13023ce5
4f4c3884
970640f1
729bb005
4c43a894
76fdfb3c
3d1802dd
08883203
8f05e48a
d0fc9b20
dea1ed4a
eab12a3a
ea523f7b
12296726
15cc08ff
e902f06d
734af754
d118a540
8be83d52
9202d518
34da29be
9f3da119
52a018ac
0390cf3e
855a6baf
b09dfa24
84ec3442
371e5d09
7c490afe
52af7add
c94f7455
4042bcf5
8b90b1da
85ea97b6
5d64939d
c91fbf2c
a519569a
07c009dc
125f0298
16acdcb9
af22e6bb
5dcd0f7c
534c326f
1f8e3bcc
bf9c3afb
379d0188
a40eb718
fe689cf0
d79f3c27
f8ef6320
7178ea54
25bf5d3b
b14506b3
d3b36ea2
45a673dc
c7b1aa83
e73d8781
e4806eec
895019f7
64a73996
0dc80ff2
8b5f2cb8
88f2472b
005105c4
1895622a
3c12bcc7
c2f24f88
bfd45037
395e16da
cd9d7d75
81b5ba8b
a3fb93d6
39125d62
3cc6236d
ed38c63d
951e3fc6
0a565f54
15d6c34d
bf14a2bc
7dcbfe68
048f46a8
623e9b37
3a1a3eab
1073795f
9dd3955c
6d3b692c
754b9f0a
17585323
371a34d8
8421ec09
6ad0cc9a
ba10ba27
28433232
61a3cb56
534459d2
c3601263
0ae22789
679681d2
10c8b3c8
d38d022c
4e28af5b
f7c289eb
49d3090d
0a6646a7
e7bb6753
3f3a7b81
4ec827d7
b11a4dfb
0e37893d
06702976
a13034d9
741a6a97
451b4d54
93cee171
2f1510aa
c9f7cee8
426b42ae
ad98ef6c
5aff57b9
9056f92d
053cf529
58bca7e3
5b559b0a
9ca274ec
40647a93
dd4bdbf9
6dc44d40
00c3f6c0
638a866c
5bec92b4
c8c69414
047e2492
942bc54b
28c7ff20
a08a7585
06e6dc81
dab5b182
3856ded9
4d81d603
e1651e23
aae162e6
60a5a743
e9042587
59efbf3a
9168efb8
6411b719
a6e78bdb
c2eb6c6b
4f3050f8
9084d652
9a007e71
a1f6c975
cfa762a6
cbdef312
9343986b
a3ea3215
1529efe9
092b7a69
1ee72181
0db37ed2
883a6ba9
f9890cb1
a75d30be
158b5462
7f58fc72
f7f30800
55d90807
7197d87b
ea02248e
43f199c7
6fb467ca
35d1e6bc
ad086233
fd3d0b99
26eb3d5c
dc66b937
000efe7d
9449d347
35528645
acb4ffd2
e3438671
c419f73c
473da31c
bdf7b36b
6572da2e
72ec740c
dd819508
91a0436c
cdd617c2
c498c418
efff15e9
98f97276
5dd5424f
042c02a1
c2cf6750
d2d49dd3
303dbdaa
9bf6622d
3d4382e8
2d973e13
34c6da89
d8f3d075
f86a5d27
1c0304da
9a331f4a
02ae34e2
466bbabb
ea66c1db
4ec8d41f
b322b968
2dc2c6d7
605001f4
f0f8d3cf
04c61309
3ef1e75b
6e6d7ae2
080958ad
fcb3983e
a25f3e95
ee305417
52e3f875
bd25e8d0
c5433f6f
a9457cb3
771cf8fb
ab52cfd1
6e790d7c
ca362fe6
10b436bb
7a77a997
da605a57
df81a292
08d013b1
7e700dfd
d7c45726
7d3ae1a6
800ac5c7
1c673b41
5c0feae5
d73e96ec
c004abb8
5e848883
f5d8793e
2592f41d
cbeb42e9
03b3c737
d154717f
84d75817
b08f0a9b
a108af7d
c3bb9f0e
38a37c10
40a82b1e
07174a42
508db785
c61f6c28
cd3b27ba
9c3110be
ca14a758
beb5eca3
242d32ba
e50827d5
08b17ea3
39bbe5c5
0c120e0d
6eb425a0
9eb33749
8d13455c
41d5ade0
e53cbebe
b7e9c260
243104b2
b4c54d6e
dd0713ee
e55d83e9
4f1fbb11
f023af48
8e3202f4
ba60ccde
5a570d58
74c7fd56
85e4eec8
5659866b
83dfcb4a
54813dc3
0e1c7235
e75a721d
a9d2294c
6c4693ca
0ea381c1
73a8ce64
676568a7
f379bfe5
bd87cd7c
ab637758
4a4daa7c
bf5d3bfc
13b71aac
e0dbd7ae
a495b43d
103f1c3f
c1aa04a4
d1dc8974
89c73748
0dd76785
421db52e
582ee646
16db0fe8
5cc20ae0
2e30ccbe
840b656c
96f2093d
be4efea9
78adc3bb
1abbaad1
c06be38e
8bb1b0fe
62153f83
51889eb6
e598a82f
a14528d8
2250f346
a4072c6b
d3ffa72a
cfe11a5b
77faf345
9a75b00a
9959b8b4
8a3ee287
6afc27b1
d6f457ee
016694a8
e2c76113
4032eca3
95a52144
15986123
f8009a0f
21ee0a48
56756d6f
d9125b83
5e5450c4
af5104f9
b211ef08
dbad9f2e
c450e820
5c5c6e75
298dfb4f
bc2b71f5
4f0b93ab
e80965f8
7e21f59a
5bccf2a1
71f43b18
4e8eefdc
67bbdb98
023c0734
768c7074
c00b9385
5ff65ce6
465b970e
25b79e8f
c9852f1d
dea09746
aaaedae6
60b062bf
b11a8db5
fccb7818
0ce35506
0e128114
f0a1e1c7
1451359a
4c3ee7e9
39dead19
4e19b96e
33ca3803
a2dec587
91b390a5
ad10f265
733e842d
342b933b
75867011
d3e97545
b0b7b632
f35a8fc3
fef7952a
90bded21
18a1752c
d4e7a73e
a607e70e
71cd704d
db53fa9f
f0ce18f4
0fb642df
99ba2537
7132e787
6cdab74d
e3a41f1a
99c65764
672f69cf
2f6e0b57
8eb20555
e05db965
ed90b137
2e5aea8d
1ffd5449
f11da550
c2f57e93
d1d3674b
5a0a722e
1ba4c96c
ebc23e12
ab36b95b
9591bcec
c3c7568c
e32a4225
29869d98
e05e590b
4bed7591
367177af
70b4069b
317391f0
305383b6
dcf10f57
d4a3cebf
9ff0348f
5e89efe6
8251e9fb
d6d63554
5e932037
60fc8046
e78a5289
b4bc95c6
d99f8551
1a22cd2f
50eff139
9d4c1c28
6dec6bd2
53bb586c
2f18a9e2
c187c6f6
596bb588
cdee3d86
97541268
47d70e9a
c2b785dd
4c90760a
ed4edbd5
3a9d80e4
e743973a
ea19abae
088b2343
6e37b95c
b527ed7d
363b95b8
7aeacaa3
835bf7ae
4934e916
bde7de10
56389db5
6af969f6
adf445a4
0be4802d
e57608b9
6eeb6cb3
2d4c359a
00c0f097
f8dd482b
008d7b97
483d3573
390a2f72
a2d5af02
2219af71
f771efbd
ca7a0923
e5b2dd5b
8edce966
a85e5f27
39e9dcee
266620dd
85692d5b
181daa50
c85376f3
1b25381b
eff676ca
4545fe09
40806eb4
30f7a108
d03d7fb6
924a32d9
f7f25b92
5ba7f9a8
7ab8a7fa
e60f724f
e8d8effa
de7db80b
ab7cc91f
61809d18
efaa9927
ec39bd07
3d8c64f8
367c0aa8
43d2fb0b
876a4c10
a699a752
5ab6d9dc
9a270a81
748a3f53
f1fbbeb9
daee864f
7c93f74e
44b60af9
849a6f35
505bd8a2
3fe33431
4f47dad9
b93a6122
8af9ea30
81ca266a
2246f298
f42de0a5
bbaaca81
885c7237
f6418d1a
077dccbb
9a6608d9
858a92c4
2427ecc6
722c27ff
07bf4d87
211948a9
79e99c8d
dc32aef3
d2cf980b
6fbaf7cd
105e8353
2f461517
dbedad03
f916010a
5599cd00
23cbdcff
071cc9c8
82057bba
ea1e6662
00f74ac0
0fa496b2
848cfedd
e6a00de1
c4fa0491
cad84879
b968e021
92b58431
27fb18c7
d73f948e
0269e134
3398391a
94a27f8e
1fb1d4ca
cef3d637
826e4c85
f79e8402
2b5f18ff
75c32f6b
9c5b488a
9c8d52b5
476add86
f7bd8f40
3296a678
74a62b6f
96358641
35aeba6d
bd224579
52229cf8
99164da5
569bf74c
0f2ca405
24f1e6d7
1af5f098
ad32bbcf
c887fc6e
90a9dd7c
57224477
3422d79d
65a9d884
931897aa
ca7e3229
d0e4e267
dde98997
ca41a76a
cc5838a3
4a97fb6d
244a16d7
4023bdd3
773edc53
ccea271b
56eb3e9e
0e42d442
9a144961
51b90b57
37c6cfb6
3ef9074b
8d48d74e
d6738b97
131bc8b7
3e80aff9
759131a8
91add57b
57935ff2
38d53c32
70a4de5c
2d240633
ad7e36d0
245493bd
7ec09798
6b257a0a
520e5b29
972e8b7d
50d633f6
e1dfda2b
2eec71f5
b366ee9c
bc94aae6
9e22a89e
45722bd9
01557923
9faefe29
978fa20e
cde23685
d5c59a97
cac055f0
86df7a8d
ff297d0e
d6d057cd
54ef4387
fdc2834b
59156b01
8d6df47f
df2abcb3
10faafc0
406e14d4
803ec81d
4aa13779
2b01ebc1
e1ffc0ca
62337f1a
2d02fcd7
85df1fd7
ed3df77a
fa3a5c3f
00a4ef4c
ba84997e
542af809
fac05f77
5bbada02
d60fedbf
101a9353
76aa5c23
6d0a501e
6c183f3b
b2a7c746
c514f3f7
ba32d115
685ded9d
3c8f3866
0d1df445
b1d3fd26
bfce1ee3
a267ba41
dd8e0b9e
dae5b5ab
dd3ef423
de43bf84
e1c1573a
70bb96ef
cd37e95d
af78f7e0
16aaee71
908e88c5
92111f1d
cdd54e52
dada9f2a
61981525
38b0c575
95e93dcc
0a4f7700
d6e91ade
99055e1e
59d9a8d6
ea0b26fb
5f441c43
729c5b21
5631a6c2
ab99282e
4e75b1e2
0777905b
63936597
f9975ca8
72e37db6
d8068ff6
05d64cba
b251fc09
46a17ae7
b9ea8bbb
1b7b584d
2b9d134a
f338a429
74fb08f6
27d88226
1936e408
7a4eec11
02bb3841
d15312d2
d69945c1
6535a779
2a26a20f
1f2e41d9
17af15c1
b79be85b
4ba7ab48
bf4fc214
99249b21
d77385bc
71416ee4
c3b1bfc4
4dde0a61
ba8ffbf7
f953f598
849f7f8d
d00f8d5e
9eab46cc
03451900
228f6f89
f0340e47
387acd08
ba3457c3
00319164
b3a3bf84
b0689e34
c2be4e89
2acaf767
06572860
0d8b66cb
53fd1004
4e68376d
0e8ac627
713e9bc2
8cf53934
18888205
3a33fa6f
0da90dde
9e0ae8d7
e1983101
65acf519
75634094
8d9c21e1
ab5e5c0c
ddfc36d0
1e706442
a1a99d2c
c5cab538
09d02c0e
3d523e3b
063a82cd
1b64dd01
5162f673
b322475f
11922847
c4deaeb6
0c559aec
502537c4
17d60776
5fb70161
cde378de
d64d4946
b4699ce9
9bae6ecb
9976f138
fe0b0683
2c68852c
bdb7d66e
fdb178bd
0f9420de
504342f2
57a1881e
b3673764
0717c9c2
7a3a76ec
6ea5b15f
01110266
43826e05
3c99801b
1d831719
1c34e41c
4d866a90
da5e3433
86680f7f
d785b43c
de7e4586
36557ba2
2ba95917
70cf8796
c145bec3
16b97b80
3fc6da62
2fbbb759
ccf8717a
ed0ef846
eef157f6
6a65c346
3207cccf
dd8bd07d
48c8fb21
f8e3b8ad
0bf057ce
3c70aabf
033516f6
a54b5b50
d9ce40af
aa7f173a
802e31b7
2940a2de
cbda8baf
f9373b18
c340f90d
cd749410
8498122c
772b319f
b000af28
624b9745
cf253bd3
c33771d2
28e5561f
a6d96af0
f9a73cae
051c455c
44b20524
c806ab98
e65ebf4c
ed570119
0ee5c62a
cba643a4
e0a9b6e2
3d92fc5a
8fd077ce
d8b59059
2cd44e87
4ceafac9
98abee26
617d4299
07933348
63a88698
a0b1f10a
c3351042
4e93eac9
0ea2e20f
a10201b3
ac2f7ae3
faff30d6
c55181e7
47862962
cc7f1b54
abb15915
b61ea129
7a0b4964
d5a5b13f
745ca8bb
61ea1e0d
7ada03d0
10d2ea6f
c9d5b30c
3b378405
1a656e3f
eeed4391
49f8ca3b
973b8f03
632b574d
00df7fab
5f7b5da7
f36e3fc8
2b5a47ea
5fb6a0af
2174bc86
a6fc5c64
db6aa13e
5069155e
20d279d7
7e95e2f8
4479c4b6
02669639
f87461bc
4ce26fdc
293c6758
a9cb6d9c
bd134a36
d00d0faa
d40c7095
31856007
da0be04a
21162798
9515e446
54db8bb0
77efe613
7a053b81
75d8e7f3
41d1f678
b12af2b9
e5c931d8
df21147c
b4acf69f
9c0d002e
f2301675
2dcf6431
81e2f824
f671ada7
90084331
bb069b5d
ec7fc6d6
8b86b3a2
c303c2cf
b6ab25b4
3398587f
6d09b26c
9f875a80
8ed1ba31
f996849c
53425d90
e740a8b5
b9d9cdc2
2da26128
ea4edba5
92353b16
0462bcbb
dbf4e60b
fb7cf827
acd60d73
735ee3bc
ca755f8c
3fdc02be
6dbc42f0
b9717f2b
18913113
abceb8ee
b10be6d9
b0cc0c90
8a8e5064
594edc37
b1140dda
5b9c1432
f0f888d0
a97066a2
ed3d36ed
4c86cb3e
34febf93
46115e12
d4cdd6cd
de1e2727
27dfe548
7a744435
4ff340b3
d5621f83
088014d7
af5084e2
5273bd1d
d9a8a5b5
b18474a2
b0179eb3
7452bc28
27b90fb8
f4572f39
e164f7a1
90c9d990
20eef300
5867e44a
2b3c6e04
a8d86bc3
76b4440d
229b8f72
3f1b8b08
5254aaa1
d3ff5f2e
a1878b70
341c92c7
233109b6
87953118
dc190907
f3522c1d
fdf3e4ba
2c7aba61
37147ea5
cdce87a0
88e86e92
cd185af6
6e1daf41
badccb67
88dd91ab
9791c615
9180e8c5
63434a68
42093e8d
7a7acadc
54f36ded
be8ad813
aea0d0ce
f7c57fa7
99953c59
3641b753
a9ddec99
931bd26d
705d3194
4bd6f599
7ca849ee
a9cd8dab
72ceb7ec
a5ffc038
6c1e9f7a
495294bb
50bbc55e
0470e040
01a67875
964d2c54
b9d80337
8150425c
7f2bed5a
1789a4d7
3aef3da7
6ed0e4e3
f435f2e7
d122da0a
82aba602
b4575142
4155b37a
a67c4012
dea00727
60398ff9
bbc79649
1390377d
11749f96
34544698
6e36a715
2cfb69f5
3c99064a
91917ff6
ddd6d2b7
82528c70
04be0e60
b6debfb9
539f7bd9
1dfc1dc8
22215c55
cfc5f8ef
92a81af7
f5022308
1985cf00
7f0f3091
09046188
93b9c4fe
8db1b581
7c2d8cd4
cf4e85ff
71655950
f55196eb
e8b1aa70
514ab858
b828cdfd
9f0363fb
eb3e32ed
0d014ee0
b8789d96
959a40cd
b62f67b1
06ad8194
003ad117
86ffb25e
08a42b1b
3fbd3a5e
ac0d64c6
1bbdbc63
3183508d
a8ba249d
15a5afa0
c79703d3
3d21d6a7
1fe8f0ea
0d3f3f83
08463c85
a122ff76
0b2bc3fe
9054e209
6a3477dc
e0a2ac81
3b95355e
3b650254
31718234
1a8a4769
bd157a0a
7972b97d
2263670d
1b0f2cb5
bd9ae2f1
da109942
8f70854d
ace8de42
3444b9a6
484c55e4
b5588d1c
a536fcdb
8bbdd32e
25b49464
c0381a8e
310fe6e6
b01fe21c
399c0b3f
d7b1fc9d
87456875
1302e576
53f23e2d
8d66d822
0da32f72
69229be5
bda7e8a4
a9d618b0
039b3b9c
eb5d1c93
518dbae0
893fe9e5
4607b4c0
14afc26a
c26f8e7c
1edf2cb3
bf530a3b
d5d74fd4
6d54ddc9
26dbe130
27eb0699
a569b337
15b4f920
c28e8a2e
b584c03c
7a5c488f
29e5f6b2
6ee23f45
1334b162
33a2f82f
8c77fada
7e7cb4e5
c2831dab
cc0f629b
53b1f674
6797a5a0
ed9f044c
5d3d1ba9
fcf6d655
d861cac4
e4225247
592fc8d3
642d9a53
c3444909
07a2f1b9
60de4327
34ce176f
67e1f194
9bbfad36
ccb1833b
314849b4
f84e06d4
5cceafe7
051a9268
f59ec50e
7bf71f2b
c55d6ba7
156de226
b065d0ac
da4c8c6e
54595083
5a56c6d1
4847d7b3
ed772fef
cae83107
b2d933a3
4ad8ac50
e16cf8a9
0faaee1a
628e31f0
7473ca85
2638d1c7
4f48aac9
4676cc96
426dbe32
19e5b387
4f88e86b
0aebc75d
843faf81
ed7ac6f8
582f5f73
cd95e75c
b403dbc2
f92845a1
3ab45579
bb5ce943
2cc77868
8f9802cf
a9c58054
70e47c6c
fa592783
f94648cd
fed51335
ca3f9103
a1dc54d0
3174a278
8eda3510
71fb6431
bb3370f8
f53e4cf5
33447890
4833efb4
54f4d84d
7ddcd6fe
78612319
8ed38577
190d8b57
335b1113
ce5eb8dd
7c8cf2a4
58bad2cb
ae65f5c9
a5c7e1e8
940471b2
87ad96b2
fd261305
b5501ed6
93fd4fb5
8bb8fbf7
530a4a34
62bc1836
c369c306
0afea210
25eef2cc
47ff7c95
c14aac27
5d7c3f22
5e13b9f6
5ed6379b
64c232a7
6b57c328
8c82dc96
8114d65f
56655c91
7f0209da
3f5e86c8
b30a175c
a24f9553
c7561be0
02d82023
c620da02
f002142d
df8bb076
6b8416af
3ade5b1d
d6750222
948104c1
6332b61d
05212480
41cfd057
8657fe89
5be768b5
3b814a99
00df4e1f
71bc2b85
93e7bf17
2116842c
eda92b01
be2d1ee2
0179c3ae
b21e016c
1ca0db6d
b85fcdcd
7fc8c1b4
f21dd66e
2ec1bf4d
8f2ad9bc
17e0b9dd
390a391f
044c446a
8bedc0da
dfdaa565
2f09a284
c6ed54a7
71e2261d
76430036
c52960b9
8eb46962
5920b5ba
0ad97a53
b4ff128f
8310ddc9
a0d60bc3
19b11e2b
a78908ef
5d441f69
1a6b716e
b066ce76
5e88bce8
3389696f
966c3e14
dfef96ea
0ceccf0b
39706523
d9522825
579bf64e
c35d4eb6
59461ead
d7546279
1670d068
883e5def
677116a3
5afa8347
c5bfdd1d
4bbc7c1f
309a3f6f
dc5f2bed
c5768d2d
5f40c99c
120a1509
4caf170a
2df2bb93
61e1973d
6639f0c3
96fc6a53
d3b373ad
12f64d86
3b324936
43883dbb
30331d36
dd000100
479dad96
dfdcfce6
a2d13db3
563cdc11
d803af67
c787d779
cc2715e1
9874ac81
335708f1
a26b3786
722aaaea
9cf8416e
44ce1e30
1023f7e2
72ad99fc
dc4021fa
a4be5cd3
e80f863c
fd452431
ad30974b
179fc229
0a658841
89e69b87
b23d92e0
fb861abe
06fd7eba
ae17c8d8
cbabedcc
313ec2b9
14a6541b
922a3f3d
f35d9666
e284491d
3550a1bf
37ccea04
2bf2c56b
8016952f
4e6ef821
fcff08e2
bc2a5c79
ab68f243
ba1826a0
fcba203c
d31fcc7a
883690b0
20eb3e3a
6fd78ac7
22c81756
349e590e
427e775c
b0588af0
d58eb75c
c7d9c7a7
cb17c771
768e8889
b202aa18
22e742e7
39191e9a
86f5978b
4f6e87ec
78b6829b
2327c5f2
cb75ab45
21651c08
fd432605
af5ec77e
3abd314c
58659272
2ee37e34
c50710b9
fd48dbd5
86cda27d
270061a7
c5779e2d
1c33d54c
f5bac0ba
9383cf1c
65b0f458
c9bd040b
3881e15e
c403814b
89060a30
eba8ce56
1ceed373
a45a6cde
6a3733b9
9b3807fe
67cadf2e
50d3fb09
441da21c
69021563
4c969966
9a4f96aa
0359d637
1219c3c6
243f1f7f
eda5a4fb
c48d07f0
6b239950
260c775a
aaa2577a
c7b26cb5
cb708026
d366f0a7
ea5b3ea8
8562d957
c4105cb7
b4cab2bd
0ed6e8fe
2bf4adcc
3343e5ed
a44a3817
b3545143
ed4d5c1f
b2e59e10
59248a5e
074bf9cc
cd616da6
5e97fde0
4c0682c6
19319aeb
8528527b
5630c89a
2fe4dff2
1df71501
33ad1f63
1165b3cc
e694c314
7fd4b2f8
60b6a6e3
4bbdd4c6
589b4ed0
3b4db06e
d3db0ff5
df3eff3b
cdd5a4a9
8b34ce7e
67169b0e
0473e707
412a2a31
823cedbe
91ce36aa
6d6e5069
9b3770c1
6f9ab3fd
dcbf9e53
ef728a81
226d6560
205bb38f
ba1ac868
74908385
54e08174
f6b800cf
3ce4ace3
f827b9e0
5c44c528
3125b19c
37462413
8b4f0f4b
e1644dd7
8d294809
6d6337d3
a360be07
96cf0801
0cf5fe73
a750e683
807dbdd3
fd508c87
eec9a1f1
b0d63d23
f022c5ce
bb2addd7
3dae547a
a1ef9ab9
41a039e7
3215978f
0b36383a
3e40fa06
619c9ac1
326bb0fd
2b3c1e80
89e44240
2a5c1a42
91e3aa4f
108f73b7
86aa4dba
c6a9a927
98fdd8e9
a8fee686
bbf68b4a
6ae1f16b
7725332a
b045984b
d9a01e38
8cc492c1
03bcba15
a6287b5f
c0ac0d99
771b3a35
5fee212b
dc9226c3
48243744
fcf2c471
e437397a
f30b2eee
69e3e185
161b034f
82f411f6
d0e1dcc8
7ab3b468
42514dc9
fc76ce7a
3c053d55
3f702545
7dcaa555
fc914d19
46a211d4
50c0477f
ade2006a
e37e5795
c1861b6f
67648c14
3f030b5a
b9922d0d
9daefb6d
2469271f
0534feea
d7a078e0
35169946
b49c8086
9a73e9f0
5a9d96ed
5c3776e0
f539a022
ab043546
a206cbcc
57110d9f
121ea8b6
9cdded69
57b6e198
3c129533
9df86782
320c6143
3762973e
805e3c6d
f7712e9a
fb324ac9
a4b9464d
42fc1272
50d5a165
16a2d800
ed5a34ea
194c26df
22b37ae2
d7ea125e
5b857344
5b00a120
3194bbaa
a4830110
d7cd9930
4d46c529
e0ab02a4
f2c1cc43
4c1018f9
1b2ab471
125056aa
77f3bd44
e3de4ad2
041178e9
69345231
3a709e89
0c73a101
41572c6b
92f75279
0ab26242
2cfdf4aa
633d7559
235e39b4
9ad86506
fba4bc14
b429528f
58a5b99c
27f1305f
ae4828af
a2505cbc
dd0d2ae8
b67cbbfd
3d63dfea
2156c0b1
a24e8b38
0b4c9079
10eeb077
694962c5
c1d89b7b
e447f83e
9e77b6d4
26fe369b
de3f136b
e18bc32e
ef42e551
bd535e8a
166ac200
4b1bab82
8172cbed
752a20ea
77a52b23
fe784e40
4f459477
18638f21
b101e02c
c81a6e70
4feb1250
e9617bb4
97f630c5
89a18f2f
3045b7a3
f0ae0bbd
42663862
3ea71f58
e3baa8ba
abaec867
c3a418ce
90994f9f
cbb2ebe0
681a3d50
262d623d
4929bfdc
94bc35f7
e73e6131
7fabb227
37723826
73dd2bfd
a5f71763
28d5c35b
eaae0e30
f79329a2
3e05f146
227533f9
8b4058df
d8b9bee0
ec10a8b6
1606ecbb
60d12d88
8b66d465
ec22610f
23f102c1
027c3c4f
e8f3a111
6aafe0dc
7c51369d
ad462b47
0450eace
010a9bc5
207e4ed2
90a3fe39
216ca29d
c6b3251c
9f59a56f
1b1d0e98
239a71e1
667b0b2a
eb11ccdb
4112a8e6
18c0430e
dec40498
1cb871a8
f5022f7a
d84a2aaa
b2476b43
78e7a1a7
33160e52
058af5d3
9a645c95
8a7d4b4c
bb691c8a
31425237
b228bae5
3cf2f1fe
099ea286
b9b0a2d9
abe1b4e0
1a7ce6fd
b48870b7
3b8abebd
1defb5e9
48855e52
c34539c0
7eff73a2
b8f82cc2
643101cb
fe1ec58e
d0de34f5
6a6ea60d
54e24ab4
5ea380ff
a519dc8e
3aa719c6
464dfb25
813535e2
413a05a5
295141d2
bae063bd
e50522b6
f7f4727d
63c81d67
05b9b480
97eff049
fd788878
61365e23
1bd9c641
bad55b33
10c1d896
f6b6767c
4ed92433
11118ad2
bd130fd7
a223b2db
245a23c8
da36f670
5757f997
075a3439
af106a14
c6e1e4fa
a6b56af0
c9051793
a6f0a211
6881e2cd
3bcb3176
cbed9059
7b6f1cda
0586c180
f88e5d50
539dcdc2
a0db1644
6994a1d5
b799b3af
ae25ca3a
e0fd5444
a9d7635c
ad839b3b
752fcfc9
db9a6757
4d8fa98e
e24bf09a
665ac523
95359237
14a0f5cf
4b1c1031
f176d1d8
fdb2da03
56403365
782ca3bf
2a39c577
207d8b63
46feaa75
2e841f79
4a4685e8
1436cb70
e5b887c4
6fe9069c
977b22ee
773b2069
d9e33e58
97085918
3ecf55ac
1c32ca14
b3583c24
709be573
a72e30a5
c12a5e1c
616c9a7c
28abfde2
f6efdd6f
54739cd2
c379ccfb
2056146a
e68545a9
326d7d15
9e3082a1
a5f61043
238b1f1c
c8fa4bc8
7a4146de
a1d7895e
c3b86655
5fe6d1bb
3156fc21
ec9a8d2e
9d32ef67
0add2fe1
f8d0bffc
acf721ee
aab08c22
349cd62e
168a7ca0
cc2b3699
2723b414
6a685415
9adff01b
325cdd59
7ff324be
76957c52
a9a31ad3
22dd1182
ff63a7a6
c62a8643
711e33a5
1f79b2f9
9514d94c
fdea56d0
28db6561
88d15ac5
777f2705
8114ad13
3ed996ee
b3d47504
e838cc0d
85489b51
aaca2c05
fe58246a
002d3cf7
defe7d57
f65eb878
6b48f523
b58daa0e
0a09b4fd
7eab57e5
5d170f91
a5f7ad4d
5739ed92
7b7aff96
9e755fc6
afc3d7ef
4d705fe7
4a40aefe
a38f82f2
546b5a2e
71d764c8
d4ddef39
d87f56c4
4c613f70
24100013
dc0d2004
0c0ee013
af2b5068
f4fe1d87
91dbe589
4eceb334
578db7ec
6042cbbe
a8c7228b
f22b1047
6ed8551e
82639a49
eb315e93
665142c2
8d3e1062
c81966d1
1b85ba48
95b67c5f
2d5f48df
6d6e2a77
d07fe8f3
5110aad7
38457934
7e48ce9e
083be71d
2d471f21
01b633c3
50c77184
1ec4dc2c
cd44580a
208376db
bcabc691
21f8576b
4178d842
6181ca53
c04b3cf5
80ebd7a5
26c07deb
b136c369
bd5b9128
30707273
0d4fd353
e16009e9
a56b6819
6ab95ea5
55839c6b
1701521a
d45597a4
b488dce5
083f1ab0
ca77ddae
221ac20f
b9bc2ec8
abde4925
77608e94
f1eb49de
65debfc9
e2e97bc4
3e749799
c4157037
549e4d74
dc1ee219
a4d1efac
8cb4cf13
849354f6
7b5a7369
f47c67a8
1cab3e63
ff7c1eab
acfacfd3
7fa90bd7
a4dca172
ee7b7a18
f08a2282
7b410e7a
eaf7bc9a
5bd8cb3a
de6983a1
e704b949
6ec7d0c2
bf150b38
ea8f6aba
4bed949e
2fb5bac7
9d17edd0
7d9be536
86436480
6fc5e242
cbb36ee4
c00c99bb
10d4e5bb
82b296e3
3cb9e19d
f42d652f
0946a2d0
1df8e9c5
189078af
774587ff
65a39cb9
4b66f1e8
99361e53
16d66f45
7adb91ba
a5bd766c
1a8f9d9b
c8efc227
a3020c67
2961f446
de221b49
2d9d47b7
c140073a
002d7bb8
718ebb78
c9ab9cdf
5bb8aaee
fc9574f5
b1820242
22554a0d
0c7af6da
f93ba11e
4311812b
19bd4f88
c7274549
5db0f23d
c28e6389
5cd4c57b
4f48943d
fc231b65
7e5eb64a
21c838ce
d21fe653
dbbd72c6
2fdc8195
b2702c5a
1de5759e
1e37e338
3d541349
6c61c4c6
2c00572b
44051a74
b2e41c92
e504d739
3ca1a1f4
4f5179ea
0f23d22e
0edc2ada
3ed82817
ed2942c5
0c3060ce
9f649bd1
8d5501f7
d266d443
91f3e0d2
dcaca312
cddc0fe5
9cf9f6f4
a593cd9d
20406acf
2f74c93f
173a75f2
2595a27e
06cd84d5
228853c8
fac31c9c
e8f2a2c2
51a2b434
b2aec0b2
bb3d3f33
5af18388
8ce448f8
6eb015e7
ef8ebd6f
d23dd334
265334ae
11bd9cfa
0e9c8c80
b83c03e1
ae5a5375
251e5525
0e658f70
67f5bd98
c6b884c2
fde453be
2caf49e7
303d1959
e2676d1c
513ecbf4
5c7bef66
ca59239d
69948dcf
0d0c4669
33a293bd
5e67131b
1b30f763
bd8669c1
bafce763
76447df5
eec17ab1
f455a2ec
e6ce89f6
6fca27dc
98e09a09
52c3467c
a324a540
ef96c505
d62c5feb
ae2b0f6d
b7d8ebd9
8901601f
99f84986
da21ea6e
3b2558ec
5f001dd8
a0355ef0
9ba54c75
80acad4b
f580d343
9293f41c
74b4e24b
446af89b
4f2af63e
6ebe5555
9c3278de
3a196b88
4fcd9d2a
a37ccb72
40bd7458
dcae83a6
bf2ce81e
08a95686
e612e74f
31fee28a
f9ba5a4a
42fa7d1b
c77736eb
57201f31
fb74d410
094987e8
27053d80
88b895f5
517acf45
08062d75
e23881c0
09cf5331
56feacb4
24f35ea0
88aea17d
988974ad
c505d177
94bb4748
e6b80f78
3989c432
b0da4a93
0d657104
e8ca8352
5dc9102c
fcd1124d
4d5477b5
ff28cd3b
6c8670be
250e206b
57b2cadc
387ecd78
7b5e5096
54cbc681
233ebaca
c4c81eb7
df678a84
db220329
b63dc992
7d615bb9
6b0f45f7
a6c6c319
31ca946a
b9bb4370
deffd00c
34cf6680
52ade0fb
7faaeffd
6f37afe2
ea540f4e
8102e8aa
f269207c
ca99ffe4
4609eaf0
bab130cb
71c8fd1a
afb47d17
0b3a2b1c
25e45ba6
1b4472ad
2f76c892
9263a1ff
138f2d8f
71b372e0
f1388b98
95e318b0
7e1e5ebf
54e5120d
e4b9c83e
db8d4876
f88a71bf
b357f249
a4dd96d4
61f4b8d2
e8f5e0fa
f9994c73
7fa4a6f7
662f109d
4f2e4fe4
4c76a10f
b23d5099
265b4a07
8751fed1
bdda0053
8ba20a40
711a0f1a
0102ce13
d558474a
0d76f146
2afce84c
2ad7b76b
eb63399a
68dade46
2c293870
5f52606c
7056c1b0
74849edf
3fd11aea
c82d3494
f97ced9d
a7c3f712
22ae4c78
ad55f9bb
b38bd5e0
5e69f5e6
cc24be32
4481cfca
3e039579
30856c0d
2fa97b1a
23d20fa3
183281d6
26bdeb04
1636e0ad
6db45a61
a4e49645
27df0827
3ae1086a
1f0c462a
5c204005
dff27c86
3bd7cf0d
b7f23b19
3441fcfc
7f3d1b4f
2dc6f43b
1497f81d
18ddd54a
d8b3a0b0
a7f44547
ef69f154
7622d18b
ddcdce6f
36b01c22
b9afb7aa
dcbf902f
99970699
72ac4471
5e63a54e
2acdf1ac
bfdaa57a
99213542
5403e0ab
b048b202
c1978c3e
4b5f48c1
31171e33
a0b3ced4
27418ab2
35b82c5e
7a62a276
01aa23c1
96104c6b
869353ce
90e586f5
af07d551
ab32155b
5d226c46
807e126b
a172bb18
7e057027
6ae9b434
2011f964
f2d5cbb9
7b9cef82
9a3d902e
26fde5ab
6b3aff94
2b3f5814
342f5d6e
ca689d97
6e4f208a
8d9d84dd
4d33fade
501128bd
67ca3285
bd99758d
adad43be
a5beecd1
c75d9d1b
10183122
57209073
1fd45613
3bdc3c3f
ce555b87
11722421
d173550c
b9e2fbca
85824233
d47c1cec
e0e7c4ba
2e29bde3
c24cad3c
e072731b
5f1cdcaa
3ac330f8
c2dad4ca
e1f02542
8ab752ad
aa9b2db6
e1176f75
53406c2c
40d4b9c6
ec647a2d
0e2f2bcb
914b0807
8e5cbcad
772aac69
e9b3261c
73e336ee
71256615
df96459f
46c1eebf
3d098a01
15df434f
c113bf01
dd1b4331
baf21a8b
285485b5
cde9110f
3e2e0a5b
460ffb1b
222980e2
a8ef3c81
9984420f
50f9ab35
07aec3b3
e470ca92
ea8ba998
6943555e
97d79e50
731317e5
60a44401
3bbb89ca
9929d78d
beb64c02
ddaf2de5
ef18540d
00ad3794
fc48eadb
96e5b329
6a259cca
2ecc2619
223dab4e
3834cfd9
2deea014
a3e47f57
3cc3e234
6bcf741f
2bbff7ea
47d6fb5e
5b968f52
fe6e923c
e4d327d3
05e26575
df3f3aa6
47f95abf
1891d330
633e77d4
08a1c45e
9d3e05df
0c826d04
da7e3c01
a86fbcc8
f2afcafe
f7969d9d
1eb3c1a0
30a0146d
71a1fe86
9ccb8834
78af61b7
7f02c643
7f0c6475
1030cb78
b4a7e5d7
298064c4
cfeb2deb
8df68a48
95b9d360
857e4ba2
7dbef01a
729e591d
5c096518
e6828ca5
5223bbb9
1eff4ccc
4b51aea1
7448933f
76555682
868dc013
f673660e
31ff89fb
21d2a053
fd65fce2
e3d92d52
7e35919a
670af43c
b86b7214
fd700f5b
c999a3aa
5e5dcf25
d9e8e135
26879c5e
97989a2f
2bb48ccf
c564db8f
73224add
29b5ea3d
2fdb66df
4db7816a
fffc0d05
9012bf6d
ecea108c
af7577a8
bc93bc8f
f3c366af
7dcd133e
1cbd624a
76efe177
26f4eb16
18299e0a
11b00638
d048f176
3129780f
ccf4fa25
61d1410c
b45db80b
a69b4a42
d6d118a8
ee74c6a9
3f30efc5
7d04cbd6
0ce9bc24
49b14483
d223f7cc
1d85e885
f8679a31
5eddf7a3
ff2ce2fc
6eba8d31
f7b10894
817f8a82
999932a9
87ac8970
f4ca4563
2ae3824c
abae0962
d40a9eb2
84d40c4b
d1ac3aba
3112a99a
92b2d4c7
197603ad
7da2deb8
f839a20e
0a178a41
e7547ef9
447bf5a7
5acaf214
d615e69d
95898f87
d6f96dbd
cb91256f
ca5ec715
576ea585
5f8d1685
8e2225a1
ef7d802a
f7733fe6
f1a23da7
4f858819
55b94bea
01c95b1b
59153903
b293af56
fb4b0b75
8557cc7f
8a348035
98e1481d
5c85806e
ab459a63
7cde4f5c
e0a6f1c0
2b913aea
4a6cebf0
9f37fd56
4368cf0a
a6fbd3fe
ac41a3e7
d2d779b5
8c8547de
5f030c25
3c12c27a
659e1dcd
efc7b1c3
e970556c
a33a08cd
a78b240e
3c1699f6
1f31c8fa
1ea26a5e
90f3dbf5
48ae99c7
e80a8f3d
d2df9550
00f424d0
310d2d62
63dee5fb
b37b4d10
c6c7e918
d9793302
9b8da91c
63624013
c179915d
22b051d1
d2d61eac
6d219227
5143cb41
ef11eebf
20a9993c
c2a4287d
2cf339c4
ed9aaeae
1681ecec
f07240b9
0ff61e2c
9c4d282d
e1cf9736
26aa515c
ac1b3785
0934733a
c9c8432e
b09f8b4e
fdad46d2
8a2200f2
d4b948b8
1293ae41
69e2ff3d
d00c7c4d
0cdd3002
7d98bc70
ec0bbc50
de1a43b7
bf86d950
20891e9a
c928dd89
9f71f6be
56b89d1f
3c950142
4dc05b28
dadafb33
0b1718a0
a6b6cc49
32ea6e38
eff23dfd
fe40f9bc
35fd5749
f835e19d
d2389c9e
466d7ef0
6d7fdd39
e57f3dd1
0bd51c8e
ead86a20
edf0f863
b4661163
2587d173
7e3ced3f
b5b8858b
61782b9d
95efb19d
bf0837b4
16e21fd7
9281a757
2d53f82f
0c270396
caf0a7bd
dcb1503d
ac6937ac
3942f620
fcd2d84a
a271b04e
08798248
3c0445f0
21f8dc7a
a73a7cb5
811040f7
f00e2121
937aa020
1d9f77d0
5a60ee3e
581a35f1
57373d23
3da09503
48cfda7b
ec5791c2
6c2e3e94
022148b5
698c9739
9f070a30
7d7c1c59
b6a44436
b167b997
58f9d714
9c920ab4
8e744695
9e80b783
90a9c68e
b3ebabb6
fa5cee4b
f0371e5c
7cd89af6
fb90564b
194708c5
a4b4f627
a3fca655
8f2731c8
065c95fe
e4f0c25a
48785807
839f556e
a0a04ad5
ccc35402
6eecb3aa
f0647cfb
d18c3338
0281207d
f427a10c
ba51c572
1f46fdca
a62638ec
6de1ccb3
156895e9
819dd1c2
01cf9383
d8df56be
4a1d8d50
69396e4f
5ef8826f
0303b677
48c88a90
6ff16f9b
ab169fe3
fd38f5a6
11f824b8
f4c4fcb5
22a467d0
1eda008a
7eb5a93c
8945ddd4
052c7323
8d88e5c5
3f4ba936
28e23ddc
457df891
6db8d560
b47d5616
d329fb77
b83352bf
bd14310b
f2d0d940
365478e4
abcdd135
1a0dfb42
9ad31c16
f605d054
f5ce34a2
8bd37ba6
dcdea8fe
f0cd5501
559cf0e2
b930c0a7
491b015a
f37d47aa
543b1a67
49c9e4eb
d2586259
9fbcd830
a20b457d
6a39a29f
21e83ea5
62b5d600
9be97ce0
a73a7132
449e11a5
f476fef5
8fa2a9e1
686594cd
8d87497e
1e3ce23e
0708a554
8db6c7f6
665f2e09
a1f0b3c7
646972fa
7f671b9d
e8b24a0b
c555f479
0843263f
0c7f7a1d
0de39ff3
36d2cdb6
8e83d9dd
1ae58058
1dad6497
8950ac95
10280ef7
fb097113
4f464e4b
9e07ce73
5b62f2d1
043197f8
dc4cfaa1
5eea90f3
4959bebe
79659479
3bbc2540
2deac5a9
c60f5b0d
d1019e7c
8d3c0193
a986502d
2ada73f3
30d8be59
067794ed
0e02919d
70417395
a641835c
8bd16aca
1f9508ea
dde17a87
44708924
6df667b1
0713bfbc
caea0e48
a6e48a95
2041370c
3e149788
a1879bdd
2391a3d0
f42fadb7
394fc0e2
127b6a07
6ec8fe7c
55ef4903
805c3802
eeb4efe9
8b448bc0
b44da83d
2564a125
8a1a8e44
a79bb1a2
d2529fdb
401fd868
4a8a8c00
fb13a8c3
9a4df6d2
164f060b
31bc1daa
13d0857c
aeee6345
edd7633d
4560a12b
db30633d
83bb4c6d
a66710fe
530be607
330784b8
a245ff03
ac5b144a
97454e1d
8a1722ab
5b9f0519
c2f36543
21581601
4f31df80
eee39a1b
461e3fdf
dfacb18d
485f5bc2
493fb3e3
6b813667
21204c16
18c70a67
3d7c9f1f
2e971d61
24df6ce5
7ae1f75c
2c22f954
48606989
f8615e8c
68ec3d06
55333255
2a113a81
664194d9
0c38edee
1a6b4572
99ab3974
dcef4494
e324f81f
d67319ef
b6b84d61
ff24c8ed
cefbf2ff
7042057e
cd0a214a
cd8afbba
4209ac79
5feae0af
47fcc15c
446937e3
e949b741
1c08c402
44c66b49
82c924da
97f231e5
58bd35af
b78c318b
3619dae7
bbf92471
cd32d581
0fbed63f
b4be9b02
a69bf8a1
854d56b4
651f0fb6
78c0513a
75b32241
4088e829
75766ce6
23e5b82d
249711fd
0c344d6e
87c92686
d8a5a736
43f573b1
e3bd4333
736859fd
3f7eb765
c0438f0b
e6efe170
2d9f7866
588aa826
76c103f7
0b0a6892
f50c448b
d9f19d9b
a8a46cc1
c5ef7295
0c6cdb76
31a9ab9f
3817c787
0e5ff67c
c61dd753
732e3a9a
4b494d2d
2b00b2f7
3719f6e8
fcda4ef7
3db173b9
617b92be
a2c7b283
518cccac
4b685e33
51d90334
620ff4bf
c857305d
c861fc2e
18eb80bc
2b9dab3b
a3969530
0ffc4a00
f44e5eee
3b67f067
34463d52
9c72ac57
52dbeea6
3e31c72a
1b0bfb3f
c7e25813
b6899bab
f13cc453
93007d25
5177351e
5ee515e4
03602492
00c3c894
040a611d
07d48dd3
d2f198c7
a3f491b6
1bbf51b5
0a823021
cb7af46e
85c57dcf
040dc467
56eb8832
8ab0e440
1a6450f0
d1b92e17
5a0c7b4d
b1ea6bfc
b90379a0
ba0c7799
553b07ef
39a3f19e
642133aa
bcd1cff2
be5823c0
cbce1cf8
d8fdee78
6bae9de5
66a5ff13
018b219d
4e71e30f
7f9b2d58
5c98b0e4
14f9ccee
8980d0c6
814480e3
10966be1
9989d291
3ef1d130
debdb2b8
63b447d8
86a838ba
56b4d034
f7a57653
8b976be0
d61807ad
fed6f1c7
1fe50d90
472d35a8
28dc54bf
62d8be71
6987d8a8
0f00b211
d1b7ac78
ba77056a
4625ddcc
7ab024d5
90d25517
2eb05fe8
8d932dc5
d10d3342
ef378a41
ff602614
128b6e37
8bb40cb5
6e0727a9
d26713de
b15a9c95
710954ae
0c169c17
788d8c5f
b4e34202
8f0b541e
7b99cdba
8581888a
8faa20ea
834bb953
0e4edcdb
2f57b08a
f027c488
3759e5c1
088c168b
64047b9f
793a8afd
72c7d8e4
c1cce00a
7b33a380
c7496adc
5677707b
4b28282b
6dd8f617
fe4e7c2e
3e537b15
4b6f8b8b
16d5f8d8
d43883b7
6cac2e7e
68830673
4c53ca45
4636e480
aaa94edf
82d3bd73
a081cb79
63e7a86a
373cee8c
a0ff4829
f7f3e87a
b041cbd0
67a32dbb
77e7c499
535f159a
b531279e
fec9ae08
40da66f6
9275c7e5
254c9e3c
df3887fe
74b17d0c
f4e9a418
a060a5df
c92b2fcc
2397e4b3
ed07305a
b1f39e6d
5833b4e8
e1f2a519
93aece7a
3498764a
918a6795
6494408c
99b59065
f289bfdb
20157be3
66f8aab5
9f354dc8
6dc8ec29
af9b3dbb
d67c3895
e507eac7
fcce07f0
cecb4a5e
fbd5ebb1
d04d5743
dac2b287
ff8db07d
5a8c4fdc
8bcdb92b
c7491871
91e4962a
5a373a22
c2ead751
459f4377
77d088e3
c90cae9a
f1b714b8
82d2dd79
a4cde28d
734f874f
4426b66e
7e762fe9
ed894b80
e821c870
49747574
bdacf18e
ed7e63e7
ce6d7dd3
36b355ae
35994dfb
d0d55806
f6c35e7d
b16c4136
38e5edf6
86648872
9fb863f1
3ada97c3
dcd0a51e
6d83a53d
7c26817a
41a112ac
4fd3494c
e71bfdd3
3bda5aa2
855b1fee
10f8f600
b7c47876
54864d27
f058903c
288ae536
3970c5f7
95fbb96b
defb9657
f3930ce5
305bfef5
c9ada520
9ce771b2
9365e73f
410719d2
8cb40848
4e15e217
51b287e9
0cb47404
97208be8
f42177ea
1b8d96f5
74a47cc6
d3a6dcff
af9b2375
3a706976
a2bafe4e
71858e47
64fc422b
01367453
7eef95a0
42c16c32
66aa8029
51d56dc7
4226457d
71e80709
5dad62a8
9f8e0298
99807c81
bfb92a04
6963b3c4
4268eccf
48d35bfa
e6b00584
f92354c9
a67860b7
089fe93e
28048a84
bd4bfd14
276b56bb
ef06ad1d
210b0dc1
c2217eea
27fe08ba
0ef93264
2464031e
3c4e7c09
f829a10d
c1ed4ade
f5c7672f
3c4eac72
07e20f46
916a6cec
62a3bce7
260b3de0
7b5a4b0e
91b71236
80ac32cc
08f3c302
cb057ea2
4d5401df
7d7f6f0f
dc424375
8c1a4178
454a3898
c386c02d
857ec63f
063a1f22
042f9a04
fbdfef64
f565c5da
2f3ded01
eace925c
39b9498c
e8e59e0c
60e4c03b
70d1cbef
641b369f
9c7f3e23
a316435c
601fd8e0
5c2bcba0
358f8c7a
8caa9216
e5551152
98507200
a7f7d9d1
15ab3647
d719fd28
3a596361
9091431e
d72a0b66
e1f1d658
c0e649bc
898b8418
ca4127c9
39d05fd8
3a2e34e6
885d0702
473cce54
66387182
c56ec188
53306c0b
56462d5d
125c391e
73c5ffff
7bdd11a7
789984b7
73cf1656
88090937
3c114cff
922cdc69
82c38cb1
0483ffb3
8f647b43
7fe4df8b
0dd2a98a
4d3d689f
124154ce
897ac1db
cf6820c1
160835f8
4a650d9f
13c485a1
225a9450
5d8f80b0
e9a21734
67b4f5a4
0473867f
80b2bb53
a263373d
9943fccb
0488ec93
2ff9355b
e3240373
f02ea324
b1b72017
77584df6
f305d659
4809d2fb
5e055388
c3ca8977
2c7789d9
c591a24f
32dfc2b2
d244432e
46ce1667
51c29fa1
8513eece
6cc5ff96
f563756f
218b18d0
ea3eba0c
c34db5bd
19fa62c2
85d6ceb8
b5a21274
24abcd79
c346b998
86382812
3d49d7da
91b9d791
7d1d0338
2f940837
313e9dc3
4575a34d
4245829d
6b821f6f
51162ab0
e5feb638
ba0a1b2b
1bad47cc
127d7130
c760d348
81af5348
c999ee55
b347ea6f
4ba6a34e
9e2045a5
8cb0fe2b
50598036
0fa1cc80
b7097874
b6533130
bd8d6a25
a62b624d
9a752477
caa40bd4
d5347f98
aea89b8c
766be890
81d7c7e2
c8029f51
aa6e3ec8
fb6d2fa1
c26f9f10
09ea6366
b0de1159
4d9f6310
adc9ee55
320a9a08
766c463c
0e255d51
9927b0f9
12ba4e3d
d50879cc
26f58e94
704f82ee
0448bf47
cddfe2f7
3e1639fc
9262287a
5eabb230
a4f4324d
419b9ab1
b0e1f5e3
cba8187f
d5edef15
92a34e9b
1775a609
7115e136
998225b2
c2e38c28
c044b806
f6baf25b
23c1ef80
bdf26180
ab9cef08
21a35531
245e5ae7
ee9ab89b
777d8bfa
9c231784
81063736
f844e39d
d7bcc77e
78421457
309cec2a
8888f80e
14162054
b741c2a8
9716947a
a3ad9281
294ac856
56ba9142
e8d5f085
daed5b59
252727c8
81c59f17
d95dad0e
f6bb63a3
e539dba1
47213d59
bdf55d8e
aed07d3d
d19fa374
bbd35f9f
23bcdd25
09ee74fb
67cca2db
ad29d35a
4561887e
89d42e27
947242bb
d951e79d
eab3b6e4
5b53918c
6b5aacf9
e7b1ad06
fbbe7925
9ae9fe08
15c18fe4
c9d86028
c4cf2ede
7d83dc9d
53f69f39
4da1b92b
d4127a97
1b81d196
07735add
8cf68f1e
b2761f49
0df40df8
de5e702e
0f06afe1
5cfee02d
335a2407
265ae9b0
2b8e9e6c
dc14bbf1
e2fce92f
290382ea
eec93ed9
ddf403f8
b405dc16
41f4461b
857bba05
3959ce62
32559418
e00bdab0
6119b899
ecfd6d85
64fbd903
4209e08d
c59636e4
af7b1455
54dc3793
93720897
878a0588
6241a8b9
9dcd626b
ba20ee84
93934efe
47233207
067c960a
1b2cceaf
323c78c1
51693fb8
6901fc70
412929a1
1eac54e6
6f0c40ec
165ae7fe
cf798031
73157e6f
92079dc7
0ac01096
92626aa8
68800e58
84a6b922
fc7826c3
1a41e516
35bb4a41
a7b538ae
8c7eb769
ed6488f0
4d9c42d9
adfb8805
9c146d18
330601ec
c7ebfbd6
29bb3ebb
6fdbed96
177fd6e3
6df7c1bb
597e0881
e5587546
c40ca14d
3ec9f3bf
3443081c
48494649
dbe494e0
44e4afd7
c4c96cfb
9bd0496d
f2f46b4a
c6b47bd4
1c554dcd
3e60f5b6
9b857970
c3a93607
e3919614
6ae8f692
97863360
d34fde93
12ca6867
08fd0353
fd165e80
4c2cfc26
743d4294
6fd2b285
ff83bb7f
4d88f5f8
7eafc351
36598abd
eb18b3d1
bf863c16
14fc407b
9768ae54
0e290b8e
ca33eb3a
a6f5c1c2
49cb92dc
d329908e
e4d653be
ab90d0d0
4c515c44
9cf28220
8fa27fff
545ca720
a98b5711
c2ddb772
3a5efc5b
82d24028
31c4924a
e137e8e3
6c412d70
d796bfe1
e9eef4d5
e5fc10a4
a9e57658
cf3c87e4
3ea9a30d
da7990fe
9577bfae
4eba46e8
9268180b
f19a8699
4aa372d1
03299b32
5e92233e
e8249f46
2e19b4d1
0ef8ebe1
9bf4cdee
968b4077
83479294
3760ff24
84fe9f1c
132c8af3
8a57406a
7035be38
80654152
81a3d312
28f38378
b1787a12
337d247e
23cd5ff4
75bf15e4
7b9ba5d2
ecf31a3a
1bd0aa59
6a713ec3
28aada2e
04ae2cd3
2267d923
a192aad6
2a8b1f3c
eac9a98d
f372858b
0ef80950
79151b54
55682334
c7dfc484
741ffb56
76d2c9b4
c27b3a88
a8bb2aac
c71848cc
010935eb
096a9291
b1b08b7c
365e9777
ad7de742
1dc07046
4667fdc7
ef1d5355
3662d4f8
330d9eea
c3c9739a
1e3bc83b
7eb11c3b
9856679b
005fa565
a847c842
481621a1
9c112f7d
30b123c9
4b142e19
525582ca
43121f7f
ee5289b0
9d4fa7de
65c5c45a
7aa39c9f
24fa8aed
c602eb79
0f881dbe
cf6c57b0
e1864ea8
8a2865bc
80549d1e
d1fab931
6aa2d817
4078086a
769d5a9f
5ba325a6
04dfe5c4
ce515bc0
2672c8d8
9babf813
c88dd819
2dd19ebc
33512808
2c557b9e
4a7e3c4d
91429ce0
a3eb5533
ecc313b4
4ca9e5e8
005add56
56fd2cce
61f38ad4
cf058972
a111d5b1
9a778d4d
d20fa092
03dd7b1e
b7348934
fb4ebf2a
31496604
b6c42836
29ab4f74
ef20478f
a63b0bd2
a09a640e
39bb7c74
6c677ff1
62b333cf
08bb7d6e
f9944182
e1ef8ff3
8654eb99
cea44f3c
0090672f
9fcb2d88
52343174
d5185668
c71eec9d
15e25efe
005940e0
5b5b947d
73cc22c3
443c8152
c08a19b6
96ad5e44
59e54e8e
a9dfcd3f
3c4541d5
6b921263
6fb55dcb
721b7699
6f21fb65
7ef87663
ec6ee151
476d2b1b
804335bc
295d4714
d5527d37
f64431b2
3f0b93e6
a55f5f86
6f3d4e14
4a6b63b5
18a5984f
62c4b9f0
3978e61f
caddb6ca
0172bba0
216307fd
314ad66d
eed571f8
9afcaf0b
5496ffec
cd41b390
b8d43f84
8f4436b5
a6f248ac
9553dbf2
156d01f5
0f43b2b5
29a4bdc2
a7c00113
9e711020
a4dbac69
8ea27c41
051398e9
30d03505
2cdeb887
33f40d79
226a5585
418ff0df
bef831d1
3f7115e4
3599c3b9
3579c1ad
2cddfe24
066cd1cf
f0a8de9b
f6628002
89e82250
c855669f
3753b864
4aa51cfb
517d3d00
4fba2353
273e9958
50d9b68f
a80780e3
e7690e1e
0d07ed54
853a92df
de5263e8
7bb4cc66
309672ae
5db7a631
ce852038
c5e43ec5
ce85aa94
919d85df
2adfc908
4e41d940
4dbc05ef
0800e851
4194a739
01aa7abe
653a8d15
9d964720
57b6dfc2
3258c064
7ea627d3
558df35d
6e7cd776
2f1fc4ae
7e77d485
59b50cf1
c2c5a4e0
3a17ade4
ffdbe698
398c08eb
28bf3da9
51b02c0d
0434cac1
f17732b3
3f53b068
0a6d6805
4ac0e8db
ce763f56
3b28c7ad
586ceaf2
3cbafe4a
9fd6185b
dff98225
58045838
e107bb87
51d835fe
c1a78c75
7dc14407
2ae6d3c4
b24ca0bd
31acf047
701b2082
3d8a96fd
2bdddcae
d1146d1a
7a2fa42b
f7ac756e
3c3f3899
c7d1a247
b35c8e55
1766dc93
79bdcd3f
8da6cc7e
3dbd3236
dfa1b651
846208c6
1c32297d
113e0c7d
a76c452e
e5578a75
3dbf4269
ee47edc6
20d5def6
99c21dab
e8255026
db2bcfe5
e91cd00a
8498a8b3
981a365d
3c32fb3b
16d7dde4
7ead3386
22b5ef59
8d3b2a8b
8496764b
f0bc6005
fac18b56
c581695d
6f6af3e3
2ca5a8c8
a768da73
65b2c652
883b2eac
3c3dbfc2
4267a596
7012f33d
eebccf3c
cbb9306b
d4e8ce0f
d26f9757
d193d69d
4893b0f4
63041904
77e27e00
88ce7e07
468f6d9a
49b442df
c67af9bf
9ac100dc
a4731e21
c9084cc5
4b1a0c7b
d650d97f
179d15a8
53befa75
b7edb9e6
63f118e4
203537ee
ebeb0a0b
f6d4e71a
22b09333
4bccca6e
1c1d2817
2f34c244
e4b04374
a3dff6eb
85abb21c
3e3ba0e3
0e1cc657
dd9f1991
406ad191
db1c61b4
61384594
f404e4dc
0edeb9b5
1e0a5ff6
2b8718d2
35ae3b09
283f4e0b
f05c8e1e
da91fa55
1f2633da
df08896c
a33d7d68
0bf1475d
1cf53ddc
433acadb
bea464dd
3e09e60b
b82ea1cc
6e698091
76b74deb
b84799c7
b8288c56
46f92e54
37c1209e
e0bcb53a
1d3b7910
1740ebc3
ece28659
92b1aaae
011f05fc
daa3a811
9eda719f
71cfea29
45381cff
a8532e0e
f6a91768
e09e9a4a
7d60f301
2f06043f
d91f5bba
09650d9e
d057dc06
5f83bb2d
913a1871
93d8bea8
a4d96cf9
7f386600
2a9ec015
61855028
02f388e6
ab86c281
b69e5607
74ed882b
59f0b949
23469317
fe08ed8a
d6047d69
0f3c3075
4a7064a6
1747d0ab
579285ab
ce77747e
9cf0732a
0a0f5e47
9c2a5dc1
58f3a853
6d8d1ec7
04784ae6
ef26b491
2c774a9a
730e6e98
b5598384
724dd075
df515f25
9469d48e
e83bb387
2fb2cbfe
14d7a2b3
02b2290c
78337534
d1c8a258
bde34631
3e13f48c
5c8eb1a7
a6fe4c1a
fb5cce93
7fa6776c
8ecf494c
372e9108
38f8cbb7
76264581
1eb89f7f
9b4c58fd
dc5dcf3c
e972cac3
e9fb2053
24c965f8
44f15119
9ba503a9
9184a4f5
86f6c1f0
e3e5d6f9
34a25342
0ad5a1a8
6ba653f1
86367a7a
f98583fc
e75d6f15
6af59ac5
71a37c6e
ec7223f0
e15cf4ba
79350d85
dc4ee9e7
1ff635ba
644d9ecf
0e0b04c4
4fc86ef6
524aa412
2c44c217
810457d5
de412823
871d9507
9bcc0007
b91e787a
4bf0f1bd
146fec06
66c5a519
16752649
64b782e9
98363d73
35b66cb6
9326c32f
1c3152c1
59e73c52
803f93e2
3d0a7132
db771d38
9e645213
b7ba8e60
4f6f278d
e8415fc1
9588ebe2
306d4477
dacf2ac0
e481ed72
9de4210c
157aed04
6f237c03
b8343d7e
a76ac993
6b3785db
1f1578c2
1588620f
72afed27
4d10eca8
003eb023
46672f46
5afa1768
9cefd481
7a5deee2
c8b04e50
997fc5d1
87905d09
9120b3c7
754775a8
f257c238
43df3a49
a341a1e5
945a8fd3
19dfaaf6
bbbb632c
f0e205ed
fe446c67
7dcb926d
1a1f8c91
38115a0d
f5e52918
c1da0cce
1d3a182c
f96ff151
79ab9eea
02e85eee
c6fcf22a
8749ead3
7c4e8ec1
bb2ddaa7
607d6c2c
f5eaa114
d2390377
2f43674d
64047eba
8f0981c9
b918af6c
16cc16b4
f77bf170
50600035
94aa126d
f9636c87
bd43f338
25fe1c2a
6ddefb39
2deefc1f
eaf97ef1
89038cd9
660276e9
b050bae9
e823223a
fb6a355c
e97b2259
38d7f6c5
bfae03f7
ebfdb9af
bd15ae89
94da1c67
7d7be9f0
fd531f3d
d2988b43
af875e2d
c4a71551
aff8567b
70434af1
bba99de8
9fa1b127
065dc0a5
7a67af9c
4819b74c
dbc0d4be
d55ca876
bd516b4e
ba3f39fd
b8028087
edaa2714
9d26641b
da323d15
ff882755
d4cdd0a8
7636cc28
30a9f1b2
790f8abd
2613bac5
7b6188d3
4ea5bbec
abf49402
35622b9a
1b4ddf5c
c0977e9f
cc34f534
f3fefd1a
f8f67204
9e87226c
9cf34b15
78143bac
d77b295b
63fd870b
796243cb
71a6d5b8
d266a5b6
310971ef
095de9a1
9fec85f9
d1f22c9f
249b435a
753d245a
f0ec288a
23cb5510
ea921b7a
8c24a048
49875ffe
43606819
13e2acd6
17bd6400
57715477
3a1e35de
86462e29
e92f0098
4a35a987
a1192756
295f4afe
547c9c0d
4dcda48e
a919d832
e5725ae9
871fa181
1a5dd192
63a24b62
3f20d392
b9a1e248
c338d0d4
6335e8b7
e70fc80a
e57cc012
3b6fd558
72624b65
6710da9c
7a308ef1
c7e44a55
a4004c07
37c4b6f3
b1f24cea
618f0cbc
a4bb3c1f
51f2f049
37cf3e6f
4686c89e
efab5a63
7fa5b159
392c99f8
00af981c
106e3adc
27d3893a
07f871eb
e75c6987
f0941ad0
84c1dbcc
dcccc021
612f1bfa
418624e1
36f2beb6
b9cd64ac
acf7166b
6a9938be
e442d92d
2a26542a
45cc57e6
030b14bb
e791fbe9
873fc052
ff13c36e
4fc7062f
dbacc2b9
87969fe0
f36db461
66c498ab
6c09ec7a
56f00484
494603c6
3d7cf84e
9fe7123a
2c5e7c65
c79c7e19
df3bf444
73bbe598
902dacfb
6ecec5a0
184be22f
5fbeb2e7
b66ce854
46f2fee0
2683e332
c7254be2
7cfbd7f5
611059d2
582f9bcd
c82144b5
44962e77
20595f07
fd96533c
efe9ccda
1fdda0a6
fec08f07
9b6a47d1
2fc18457
574a8d22
3b80eda4
985f4498
1022d22e
57669aa5
f99c9458
09dfdf59
434c26e7
47e1f0bb
2e145b7e
00001ce0
b94285a0
e708b4ad
2775bee7
d6d9db3a
cc8cdc45
ffc8cccd
a2ad9122
636a76d2
2881595c
ccdf4e68
a91910d4
88080b05
548a9ca4
9b4f136d
57d7e351
9724d4e5
a79d2355
ac083d3d
0dee7d90
540a7fa5
454a8791
ff4bac6e
24fa91f7
a91231f1
4cdba0d3
7a8936b7
c0983f54
b2426839
5b6302f8
b08ecb71
25721b98
5e10c661
a0469b07
3d848c5a
36680133
615a41d0
da75aa6c
f30ce433
61ded0f6
5f979d99
094e0714
1ab64128
b898a69d
08cc87f1
cba0d3c9
d6c41778
85b3d869
63576660
8753e3c7
e635e46c
dc014f1b
5e00189e
f4367b84
d6e72ef2
5acab648
e9178113
0e6d48ce
216dcfc0
c738b904
7a776bf1
2083c683
6fad6ace
13bc2128
d15d3fbe
8d86d28a
0903bed0
a4d9a16e
5da6ea82
5e8aa1cb
f80aa2cb
556f0f65
a7bc0a9c
3e766ea5
584a206e
ac0dcf08
1fd98c5d
afa4a235
3361bcb5
9457259f
bd409ecb
e133f5e0
3c832b5f
38b5df64
2442fee3
89da69c0
e96d38bf
4a8819b2
47a6c711
e9f62fe8
6a36c462
807f4679
eb2c8cf3
8c988d11
e059b24a
9ced3d5c
28695462
bd3f045a
d9c137cb
33cdf155
204c5291
a9dca24d
e47934de
ae9aa796
210e89ca
b86bcea5
79083a3e
760fd089
b48ac8d7
50701830
3eba1176
66a09b5f
e4ad8346
ffebd2ee
990e952a
48fc3b37
c718a482
75f489c6
50acb3fe
cb8e8f5a
b65637c8
70ff5cec
b45607b6
204d565f
f9b60edc
958b936b
9fc0cece
ce2d6c8d
0875fba6
a6d1087c
d0be92cd
50d4926b
f120a2f3
a00cf6eb
9a69bf7f
93593c47
49102015
9771599b
313a84a1
0ed53fb4
2286647f
d72a8152
3cb4ccf7
d5d4b57d
232040d8
fd27375e
6dd76c67
e1dea8e7
f7ab4a8d
335b49a6
8ea6ade8
a7e7b7b3
5630c35c
8f5708bf
ef775787
b85c33e1
2ccb440f
d6716b59
6979336c
edbfa273
5118e3f6
ad23bc30
35e9bfbb
1f94c51f
eeacc1ab
998ca2af
2cb37980
65ac4bfb
ed2d7279
43184cbf
4fb959fc
50a6b470
d6201e3c
1c7d4017
fe0a31e8
4be909c7
32006acd
5bcb3043
bbf853a6
070a4d71
8943114a
a38702c8
cd7c3244
03bf89a5
1cedbe00
4ffd85e0
b5e82c42
fa1afde5
edc4be11
75611b63
a6c591d6
190849a0
a0a315f9
10bb8228
ba2c9530
547dc786
c872884b
0b17ed5c
a6242461
239a9f7d
d937a588
161d92bd
f9b26374
053abfe6
a239c611
bd5611f1
b1cf7dab
f22e6708
7eb26560
0559abb3
24db222a
10388bb5
f6a10c5e
41bbac54
aa4ef3dc
68f709bb
58233d3b
6ad1ff3a
ba502067
2b84ccb4
eb2bc69b
fe86c96e
595c381a
06debcdc
fffdb254
90ba20ed
9fa9a410
7e60470b
0047725a
9b5416ea
63fa41bb
2f25ec9a
97b1c9a2
c8afb2b4
c9fc4c35
9ce20079
f4b68fdc
47131bd0
21caddea
266d6338
e636e038
c5ac3787
394269ce
eb8cfdd7
98d63a97
a41b16f4
dfd806de
7cb00687
306bea51
2a7e542c
47bebb97
a670d7b5
e0069dd6
a602293a
93329d87
1273866c
6d888c51
bcb207dd
73b77a19
0c2eb279
02b805a0
4d499a85
377b283a
0a36540c
81eace2c
7deab7a5
31cb8f74
a93bc6b2
0737c361
4996e031
e6e3a206
ebbf59b2
7159b7dd
33693f05
5f15fd40
5add0f03
96bc8e92
50c0ad16
b5d6c65a
8e4bd744
c0f3c376
666ec49b
e6b8aa8a
d72ae1f5
e36c1b92
53a52377
93e3e0c3
362d4036
d3ea5787
555e0833
c595aba0
151f4040
b13ce312
60433920
c63010e2
42fd9331
5d6ecc4a
698726de
23262662
74f6ab85
fa6d4415
7cbba43e
0a8104f4
d0201c27
15fb3677
fa7220cd
1f27145c
1f47c823
7b96f212
ca395aa9
0f36240c
90b34067
d5c85cce
fd6018a9
9fa2b154
a0691186
6a9a92cf
f15c7060
366b62d2
8e917dde
902909f0
e29f6a5a
7b9db75a
c14ec032
aab23cb9
416cab10
3d2dc4fa
5ec0d15a
7f49c423
0a04ebbd
d2a2b028
8fdb25f8
5e92dc5b
ff4e95ef
9965a5ca
2e8075c4
13bbb45c
b61a5020
142c0c00
a3b6e20d
2623d2aa
80a91e6f
f1bf01a7
55af41f1
1796fdb0
3b9b24c1
b9df7656
a1eb4eeb
614e987c
5cc0c917
1e55d8fe
2e572d79
6747e6a1
8c103d1b
5188a246
fe61044a
bc8eff09
0d0d1ec1
0682ed3b
683cd01b
b8bed1a6
523bb669
2c94d5c5
1eaa3bf8
44ec38e5
11e12de5
9902a8ac
60fa2e07
4b48f80c
01766c8e
7e84e076
ec5e77a0
536c902f
2d5aaa59
c12d315a
c2e3f209
822b6ff7
937582f2
1f03d26e
67c00784
0eef3898
dccc100a
01d74614
0d043ef9
6e3c2058
d9cf60a9
019916ea
f952f18e
a81e53f0
e4a230a6
3385b740
31d91f84
eb9c35fe
0c769176
b911006c
81a0ea91
0d2e9e3b
40f780de
59e00089
e5d12b20
96744343
d56e68d1
a50e105d
660095b0
9c6ad277
99e11b8a
d117b7cd
f84bd4d5
37c9c3a4
4794d621
4b05b9f7
c8248b91
799f4b2a
80f939ba
504f8eeb
f61a1c68
701d1e8e
8c7c44e5
e2c2fb1e
62d81dde
c47b25ea
3dc0183a
6a1c2b93
70aa0398
8c18b348
978f7b41
b577746d
6ddf6efc
1561a68c
3794aede
3087715e
1b7bca55
c4929198
4aaa88c0
450eb16f
d58c3e93
dc4e6566
7ec615b8
b3d13047
15fb3e35
af13b219
8264d772
5078cca5
644d409d
cdf2c939
fe79907c
9024f203
251eb2b2
a5740a2c
14c5a504
c34bc946
e01dc12f
88f55189
0092512d
8239cdec
c511e661
55246cc1
c6469f4b
a437f26b
bb7f9b30
5f4fbe2a
832373fe
ec9aaa1d
691287d8
74a1556b
153e7c14
6a294ada
49327b44
58b6110d
3dae46c5
50416a86
4441b0ef
28c96d7e
8031166f
49042c3f
f95db9b9
06fe724d
aac09cd5
271d1966
71514e44
0e1f3a9a
3e316202
6898cf0a
3280d658
ea33378e
741c5969
ab59b1c6
e04dd335
4ab736a8
3fc07a75
5f66aeef
f0b7e988
6cf060ca
acf251fb
bb1ebbea
aa273c6a
d75b4930
39a0d805
32a319cf
bfb0ba10
10972858
65ba828b
ef698d2b
bc5b3a7d
b1598163
1bbe9d0e
adcd72fe
1d270311
b041b804
b194a884
f5afe0be
0b71217a
9e811189
1583e5c3
1b1bded6
29b2aefa
b59720f1
4329fe1d
823e6a45
519f167b
d1c14238
0ca93a3b
3453356f
b8394325
50ca9f52
a7e37f33
514b0d44
8befa9e8
78e24267
48b37fac
8b5601be
9565ed40
4b073d0f
d6d16d82
31f71e56
d6fcc2d8
271dc2f5
22164b53
8f04decf
4cec4043
328a349a
4e739db8
5294bb64
06f339bd
dc3c817f
009f8b02
35fb82ad
7f98a544
4a27a13b
0667ca24
4a27c5f3
4594d88d
4fc660f5
97523708
4c483378
62c21008
05592978
a9d6319b
15f57065
5086d3ae
d4811188
9cf7e8de
ba195c9c
a42198be
378b447f
dbd145a1
c99619d5
eba03c6b
f6119914
6e44e6eb
30beb8e2
e9bef42f
210b14b6
fb007a39
ca7d2a25
66cfe882
5855a76c
88ad0e78
d3804305
0dd394fc
3770432e
6881fb80
32cb8044
5cbf0b87
61bb4182
10567f5f
40bd0be0
2a0f7f1a
99f1a593
ea590d3b
ee806933
98058977
d4510858
3a622996
4defd35e
79fb53fd
0efaf523
6d4394b5
7dbbb402
5059040e
9372ae71
944fee98
3e8b1f6b
c6b509f0
d1c2a748
40ba9718
0c1cc6c9
e605f963
092db1aa
b561881b
cdeb22dd
4abcead2
134e92b9
a287ecf3
571025b2
ada02bf2
0b2cbda1
636eb9f7
0994825c
0f56b2dc
76e6a411
d1bf4ecb
1d1452e8
ab0998ed
77a2e63c
831001c7
2294c4c2
b23e962c
c511474b
07fd06fd
dede077d
b5687fdc
4996c559
5c3e5fb6
74011335
58f28293
7b80dd73
4f37ec68
94ae5356
f45b4a6e
c2e1e043
1d44e81f
f8e4667c
eb83ef70
516033e6
f77eeaf1
310a9818
815ffe3b
4249500e
d1c0fb00
50164837
cb43715f
c3a8127f
4632ff52
0084a333
b1b3c518
1d740391
5a1d1b50
a1716784
837ddf3e
5e3490c7
f6935242
a2aa9136
904807db
d19ec8f4
9d23f760
0b9ab741
a930b23d
a43674ff
b96a34be
7592805a
8ac5bd1a
a9dafdf5
c16d366c
2095edee
87bf3d07
bf10393d
2fc008bb
fc1fb828
c6c37e96
e2d0a7f9
480be421
d7dfb8ab
e00fa8f4
e0cc69d6
44401e65
480d32a0
37a3d982
28d17c11
a33a58e4
403afaad
48d042fa
8cc12355
c924599a
8d1afded
64fe3943
faa7fa1b
70244726
09c6532b
f0006493
3a645e9f
a8eac63f
02b20e21
6c0f4190
f994b02e
6c9f2a2a
c6c1d8fb
0d2058de
89df6329
75012830
f1aba70f
a5924d3c
202a7c4c
0b92a677
ba9cbe25
25ef7942
5767d813
bc206d21
bbe855ee
b2918c11
976de0a8
0ea49de6
dc2914e7
55c52943
56e9781a
305c0c6d
35f2e470
5aa980ab
cbb25417
ed2c7c94
1fd16e57
abee128f
cda96c9e
81c8f592
f1caf471
7b030175
834be761
56d7fe7b
05ed61ba
f4201897
3b79077d
78bdb861
167b57e3
807adfb6
14e4d68f
713bda7f
ea3294de
2aec83b4
96ca175c
e352b139
1f9da5ef
a0cd82fe
0c197704
1e7dda10
74aaac1f
5288577e
d33079e7
e8af396a
a590e029
86a45582
260c3da3
dbff7993
87f4878e
3554a7e8
880d0a03
e8c42a21
98f34a6b
8aae26f5
6be779a8
de5fb817
55e89a44
d3226885
2c76bd6b
00fbabc3
37da7541
d887f2bd
5081142d
08372130
ce61b064
b73c9d7f
5969cb78
dd4926cf
83d24d8f
a3a89edb
6eb3467b
a38bc63e
56bef7a7
655e0a52
69b461c9
ef554989
d4c02717
0d1276e4
a202ac53
5323c8c4
64f9fbe2
3dfba646
36536e50
bc634695
4c0c84fe
37b9aee2
dce32e9c
1a7ddfd4
7679216d
b6568e59
c5c1fa84
cb0bf37e
33a18ecc
eaf1e208
c109e1c0
863bd89d
44bfc9a3
61e7ef6b
899230c8
c402b11c
fe87f795
e6e449e7
81bcae8d
f9f85f71
e025ca3f
51e222ed
a86941c3
36b038f6
517dd25c
0fc2c52a
32f59dbe
e6a6831e
4b6003f5
e7be28ae
1560931a
369a1cde
8c4103bb
8564fc11
5711b7e2
e5fd6bcf
6b3239d8
32900c7b
27c0b976
f274d7a5
424272a1
52c5af9f
4c75be0b
86f8b45a
d8d3370b
e4218aee
a385c0c8
b24dfa23
96e04592
9e1d94c8
42c4d7fd
0b8ba784
feb7af30
2acfe225
d06b76bb
47e2d05f
39232002
a0eabb19
6d25fc9a
afdad264
a5896fe1
4583c74f
4a94137e
c1b15f1f
cf2f9be1
a71cad8a
e0a2ebcf
e6eb78e9
4fb5e80a
73e7cfc9
d5faef50
7b2eb338
d8eaeb2b
9ac03527
44e0ed5e
da8b03c6
0cad7e42
92c96a8f
a20a15a4
8ac017db
4953ae83
03cd595c
370dbabe
fe90bde6
b92c553a
9438d5cb
816f567b
ea75662c
31eaaa7c
bf3e273b
0e070091
894a579a
840ba73e
24f294ee
3a29ea08
1a730d7c
82cc88d7
08d97bbd
ad9983da
dd55e062
7a28b24d
10380c3f
a1e831e0
4772ab2f
6cd459e0
f280d496
9e5d5b2f
36bdcce5
8f256271
7a833114
2a73a2aa
ee5172ea
8d255782
96f63612
dd002272
41613d13
16c6eb52
c6e8aea3
6d2c0255
f4bd8fed
5e2ac3ac
2e8fd1af
9cf14c33
560ac4c7
d204f56a
b717a24d
48ba8820
13e1e70b
5f45cca1
5fc5ab5f
a2a0ea82
f00992cd
082966d5
2fe8f27c
057626aa
cc9d4f0a
ab52131b
c6072f3a
0d396fd4
611a906a
56008379
6fb85d39
7ce6b7d5
5214c008
ed6ec092
716cc615
02940c1d
67e0d57b
641d6e4e
87a2d9ab
ba55b914
4c97a283
7d5b6eb1
1e966009
da488191
42822634
581d26de
c903c099
be9a5b6e
09448ef9
8bf5bebb
60d04cbf
46c5026b
9806545e
63eb77a8
3d615981
94dc961f
da7154b8
280d1ac0
e75d6de4
62c790fb
7f2ca87d
081d5e49
34c018f5
871e81ed
9fcddecd
d5ed9cf5
99048adc
d6183443
643267d6
2575f7ce
72162fe1
880d148d
83637eca
ba8f1097
3c715390
fc49a835
3d2f5f47
283d7f81
1854d518
1b6e25cc
fffbf11a
914d4d5b
b0565f2a
49ac9f2d
f5f5b3b6
4f274aae
e8ade8bf
9bb867cc
99a26bf1
9d69009b
2b26515d
e5358d09
259997bf
0977f682
3df4b74d
41b31e14
c0b4425e
fbeac546
42e4f90f
d0067ab2
e4e2ece2
856f7bf7
8384d681
1234bf4e
67aad923
2650c454
4322b650
873e6456
e72c79cc
79f16caf
f7dc242b
8ac94d92
73b27d83
84e7bc89
f6df0543
85c77973
5245898b
e3943f1e
17f1fb2c
9a046437
0ff70a99
6db834dd
0152c92d
9b501c65
8363576c
5c5d6a43
6486d6e4
8f67e7ee
8306ac69
16f47ec1
bd310b74
ff7fd51a
8277d309
9ef89b35
63e26e6e
83c6e0b2
be0ea2ed
99c639e3
2ea58ffa
7d705f36
a49ebff9
9d7dd5cd
90da4a1b
22b779d0
1e2fc191
219d2daf
8f70e51f
4038a149
a1e83911
9337d280
2c54fc79
37d372a0
a22b2204
348b4fd0
b1e7ae1c
a5564e82
2d33fc0b
df0c1dae
cc862d0e
2c41da56
715ab034
d71af624
83703dce
2b90bdc6
24c60118
0dcda759
04a47c19
f41feef3
321d3eba
c1cf70e8
919f7f95
ed743384
3c19552b
e98550e0
415f01cb
5b5d4142
1bcf683f
08dec57b
483e2fec
58b1d02b
30c79eb7
9b4ee715
54c26af8
53a7f3fd
1b324021
95ff715d
1cb2f775
b9020a37
a7601d99
c651340e
8adc17ce
9b0656e8
0eb8498e
bb1761a3
7a52da76
3348e155
bbe73d8f
91d2c2ba
ba7cff8a
d2575267
6273696b
3d41d85c
1197ac39
514e2a7c
e71342fb
f0cf5b84
a9c569cc
e60ea17c
a2f8f1f2
51ec6ac1
ec81f478
39437011
5b1f6527
83db49a5
2470761f
6885fdcd
09011fb9
f5de5d1d
a73d17e1
ea7c228d
5df54276
7f7909e5
076afebf
29e20a24
53b30b1b
20263fb6
229ebab8
1b68b30f
ac6a899c
050fdc3c
5605ddc8
06a9f594
521ba382
0cb59347
ca36c2f2
43990ae5
8fa14055
9c438a48
3a464f65
8cd9ede9
89485bc9
5eeffff8
8084e437
7f5a3d86
12277d37
43fe212a
35093d8b
cc67cf18
a0498767
20efd241
ebb3cbde
644659ba
765da689
96e371b9
f7a5baa8
0ec86e29
4fcec6a3
e006b645
bf6a5884
4d95cf1e
a5cd3c16
b5a5d3c7
3704627d
207b4839
75ea0f93
14ed339e
b7f55b00
33c097a3
308c8494
53469354
86a895a4
ef67965f
1e963f92
a285f1a5
b2ac1fa3
6f8f4d9f
2d952b89
bbc7f8e0
0462191e
127ca5de
07db63e1
8f2d1d4f
14b17fff
9331f151
bae69432
4f096bd0
35970220
f1b9b2e3
efeb3e2d
ada6ae8b
a6799540
3ee5fec8
8d94a365
e1f22633
1be19c6d
5e86f113
15a9863c
0bdab659
4a83f7b7
0931d1ab
5f03b8d4
eade7f0c
f863a7f3
54ac83af
b46ffec6
3c3faede
9cb3d462
700cebcd
4b3e1720
30cd5498
39969448
b747695a
2af3eeb4
2a9ca71a
72c4b2aa
b4700f45
15e40ee5
b1ff9d30
2ccf9690
91b4c2be
f5cdcf8f
c472838e
72d5dc9b
08f013c6
66669066
002630c6
0f148e99
cd334f76
1304a4da
706d51d9
19c678d8
bb3c91e2
27c86635
6a9f5aa6
1e7d8ca9
bcec842a
2d0dbe2f
d7fb9e2e
68c4a88d
2264248d
593de55e
193ce7fa
e7a8aaa5
22e21f5f
09380595
ed2cb239
96cbbd91
b2f6ec37
7e802228
9af808a8
9afb82a1
8e9c8d64
789a5e56
df989883
9ad26304
74499b5f
c238bf79
53044000
4c06f104
d5a5f093
1b58f7a2
177188a5
4706d1a5
b0e27f06
344aeac7
6898a635
45942f5a
77af06f7
d28cdaf5
9fccd2cf
d05a0af9
f4e79f9a
6e1931c3
e998bacb
d04245ed
af092961
0878f52f
a5ee8654
c675fe88
1597db2a
63754cd0
5f7ed54c
6f5d996e
338ef040
69408f3a
c7c2fb59
69c664e6
1e273183
dafa2e38
70914724
de652515
5d51c3d1
c74dfb1e
96d01c37
33fa7a2c
e54e3cba
4c4c6c10
05e7f532
e134bd13
a1ad1d5d
8136e000
73f796a6
483dcf9f
f58f12bf
5cbc5e40
623030ac
8e3528f2
828b0fab
6bafa16e
8971447b
d53a7c06
ece4bace
cc63a17b
c749b0a9
1dd14417
a6f12eb2
52844939
78ab0ce3
5f714042
2e93c768
40299bdc
a32f819a
e4929fb1
6c93aa7c
67dc5cea
e2e9a7be
c1208596
c870ad0f
301a6e44
1f469020
ec9c5866
f6992ce6
c61123d0
4edbd80f
bbd8d13b
263846f2
6524b117
c82ca4e1
b8eea3e6
bd82463a
4b6cd37d
919c0f6e
769e3a46
ea22b346
d61172d4
fd7c9757
9ad34c63
0d9617ed
4f48a251
f4eef40b
129b8f58
097752cd
882fd4ef
d580769e
ff2eab0b
645f3b93
cc2db86b
114fa926
edae164c
e0c0912a
3b775207
8b0d795d
40f3c23e
89056993
0668e4b4
3490a6ef
88fa8275
958fd7b9
8e4e8665
8ff78140
1fd03dba
6c071e23
60bc2114
2f04e6c3
f37f8eb4
37482a3d
f227c69b
fd03eec0
4379a2d1
e717c2fb
1e6562d2
36ec533b
50bc67e3
41e3ef93
66def932
e0827405
54530324
0b653224
3c5d1bbf
4f18b600
1df19e42
99dd819f
18bc5175
aff0c09e
262f51ac
1d6bbd37
4afba1c6
8e5d17c5
ee1f40ff
0a2b8aec
54d790d3
7e3d2ad3
71426590
67ca4e8a
3c460c94
06ff20f6
a81d4b1c
596d2ac0
ef1431dc
966c768c
c68d7841
9138dee4
a974fea4
38155ffe
52b22ee8
95691a1c
b043b2f0
d1ebe3bb
6cded683
fb2877e7
eddc850b
69bb67b6
3a49b058
9d1c3ecb
ba613800
e7933421
bc9e0b2b
61af8678
8750c42c
d7e9f62a
6c60143b
bbb6e4ae
9841d1ad
56b99156
2993c62f
6f2dacaa
f8d31ea1
00a4ef2c
0de11db2
8c5f0d86
3dad27bb
5ca6a0d9
8e8c9507
4846c938
1d69a5d5
4e07dc90
01efd19c
8568343c
1862fdab
55e805cf
6336fc73
de9e0a0c
8608f092
650b3abc
90aadea3
4076f48b
c03b8366
5cb7c51b
05f51464
90649f50
7491eb92
b361dcd8
d62eac81
9bcdf49b
f13c6a36
51ef9e0c
9e6cf646
d7979685
3bcd88f0
11b911a5
0e024e43
80ec77f6
138ab947
fafc854f
eb3b766d
7eb919a9
0a979a0d
7d8726c3
9e9471d2
aaf37e2d
b6a7965a
adf69251
bed1b464
098a520e
26fd9369
50646ccc
14343300
56741ec1
b5b9a4d9
164cc565
0b5f508e
4a5971ea
f3bcb251
f76e85f8
a6765396
773f7f8a
64ed40d6
2e8c5a39
12724b8c
c83235ce
0dc2d104
d5e31415
79873fba
4cf8f8c4
0d6a0e1a
140ec60a
0c4027dd
fa2bbf8b
a4d88a21
831b6e51
843c17d0
a9d916da
19eff80b
15698977
3e20b45b
1f0e8195
2d67b004
38fcf362
c905c31b
17220df8
8ca0f8b3
ce58a5b7
8761bcde
73375d82
db368dee
5004dab1
41f5c61a
81cabfd8
6d8a50e4
39d903bf
415276fb
f342a2c3
724c170b
7556b37e
dca21f02
08bf9444
b5c107f9
d1f30a09
f0a49284
5ce5e5bd
6e52ca17
8a1e9c22
21c611cc
266620ee
18fc49a0
9f9585d4
130faa3f
3035126a
daad4954
d787134b
e87a164f
ba6f4fa9
39627b03
8536f614
45c77274
b905c6f3
c0dfd12b
63ab66ac
5b8b3267
2ed6e8f0
2d8dbe3c
5f2a743e
ba5770c0
9cb88e89
acafcfe0
0ac9965d
2d099af4
5803b1c5
0b65128c
b4b87146
161797b9
3631283b
d5bb188f
25da2f5c
4f436be4
3ea22982
51194274
a0c714a7
9c368c3a
dbfe87e6
76efc083
1358b5b3
28e43900
8c1d74dd
1a4dc14e
13eb4c9b
fb0f520d
3d75e2eb
315db87c
f9cf64e7
53185485
58793fc7
2f99bc9e
fd14529a
60ad3429
e2078135
c7eaa13a
33ee9c72
61ac89c6
da7ad77f
570981dd
9c43956f
cf747161
56cb8607
f8361760
172ca6c4
f1e58843
cafff508
d2d3b261
1957f966
7dae619e
b342a4ef
856b6e08
785f09b1
f2a19d8e
8a6b4c28
21ae7a30
74b0a00c
ff9d6247
f6d6994b
959ec25e
436bc657
3c102c03
3a4d4e96
984a8900
4994bf88
d09589b7
72140c61
68e44a94
e27ee950
6e8b35bc
fb685579
0c806f1b
3628e773
a9847af8
a130fecb
8ca0285f
062722db
61327bd6
874a25da
b4b3fe0c
e6ddd950
b880b241
de5dfa8b
76719451
461423b4
2e0d43b2
a4edda4f
7758c4cb
b933496f
ba22b82e
b5da4750
42bbc553
ffcb512a
21143433
df45e74c
421f31d2
bfbb2339
c986d877
7b508c42
056e73f6
e6c6de4a
4906fc87
6c22ef61
b1cc24fb
d45634b4
a573d561
2eee3bd3
065a3797
6d52bbea
d9717957
0aec1522
26b4b84b
32c86a41
7f0ff7ee
4f21acaa
09a5d440
c6a31d1c
94d0aa86
92da1c94
fdb3e139
9493bde6
f686c825
5dd055b5
81826e6e
efaf2990
fcbdc51f
b1781e39
fb1d56d7
70a6006f
2cf1fdbb
1427e89b
89aeba59
36ca09f2
d71b4272
b6b349f6
b9638cc3
4550615e
a2692420
63b7731a
23f44af2
d4309f3d
42e2e943
d903363e
04781384
60776572
3b3584ae
1661aff3
35519d13
06e8a545
2653d6b9
c0de393e
8176ffd9
2b00d7ae
785b5709
4dc54f98
349b1755
6775f4fd
723743a7
f17b60ed
0dd44c29
fb5c5eb8
e41393e1
bc2bbdee
71200d02
48dc6225
394f4630
d934ded7
157df2ce
d3b84016
70d4d63b
0fe71c31
9e071a5a
5153c479
29bd3761
2a87ae71
00d77855
fae5287a
603a0029
edfa8671
f8392bbf
8acb6c0c
f1556e2b
3d03b3ff
ab8fff50
4d1db2fe
563c56fd
f19dc16d
7b50ba44
526732c9
3e798f6e
4f5d2ada
e5432b43
63be9de0
1dbcaf03
661b9dee
1eca079c
e777296c
5446bcab
da1c14fa
ce45761c
cd9fe2c9
fac73b07
6e54c6fe
d7897a14
a55d8095
af3d4cdd
95939837
d05ebcb8
464e559f
a7a26753
ef644239
e22f5042
d550a950
5ad66d4e
e887b92f
c57c20f7
72910a97
86374f11
19aa5308
65e2d596
eeafedf6
ceb9dd0e
b97052e9
9929f8a4
8654efda
7bde01a5
ad0b2f2b
d5a3379b
22cc10ed
b64a0559
c505f9b3
bfa29cca
6c0de628
3244e168
6c6003c1
40b00af4
eb160a4a
017d9574
cb7e11c3
e609c32a
0be442d0
3030864f
a5ac8b85
52542ffa
6594c464
cc24b29e
c450c79f
57ce3800
bc61660c
16010117
0f3822b3
b729dac0
c041c256
4c40a186
b555dcf1
87cffa91
1789c520
5d93b670
ad572902
0314b907
75f78ab5
65c0045a
5ee68050
9f6675f7
1029a9b3
1f429113
777dc62b
58e43de1
147e9c8a
c652f762
bb4139bf
9872c335
f3faa059
79b95c69
4bec9979
969a2d29
81674b2f
42a2cc8b
4722a882
47fbc658
f9763d29
388b35af
8faff03f
15af09a3
de9def74
dd2479f4
d5aeeca9
4d6cec9a
497ea354
03427818
8c2e116b
2c3de54b
3770ce78
ffdcbabe
07ca5e28
f12e8b57
ff6ba986
5bf246b2
cc63f082
80ddcb38
eadec06f
c57cdf99
225ea7a1
92e2f3b1
61b848f0
1aaa1e08
2368292d
0d6ea417
4f817e75
310e2801
5a7f1fbb
89c2b5c7
9551ff55
2a533fd8
86bacce2
96265912
07655978
a20db97e
6bb3500f
b7ab84ad
212a1da0
c506eeb3
9e2e6cd1
531864b6
0780234d
564c2b1a
8bd1db42
0bafa06a
9a46567a
f5e97f70
37e44855
6c0de238
0f015bab
26ffdb2c
4300bb6f
3e9b0bae
848efe7f
c62cc3ea
ccbc2c63
8ac5a28b
9bbb8390
1146f5e9
0896cfd2
a46e3a06
66de32f5
afab0881
696c17d1
7211d110
93e45f1d
ba552de8
32e108cc
63cc84cb
db15c821
98f87c9d
55e06fec
2b150c1b
481b546a
abb4f001
c190638f
32798665
5662d54b
800ffbb6
57cd8888
8cb0b3b8
c53e4f2c
5675077b
5526ae42
7b2e082c
371c962d
9d551623
56c30c80
fb7d8724
debcdec5
20fcc79f
7de8a60b
ff2fd8da
01885741
4eb36112
58d8b345
5db2b7b2
f08c8980
6872ca7e
375d0ca4
7e696303
10616c24
f13caba0
7a85a236
bd2d8f65
03470281
f88204e4
c5b72a36
69db3146
0cfcb3a8
dfee0b55
cccf1712
9c499089
590177e0
9a8e1335
e43c8397
253a30e1
97fab036
3e1ca26a
bcfeb3cb
4aacfb35
d6a2f041
85accb97
fac56bd8
c040d9e8
aca369ab
dcccf6f8
87532303
0166b015
b7575831
78b3daf4
dd79082f
a2bbd623
ddfd5f0f
03f6eeba
c5b09101
8b3d23e0
fe89d03d
c2ceb17f
6da90fd0
a4c58bc5
fe4a36e3
229cc7ff
63663811
221424f1
e1c03096
6457b59b
25b1dd0c
ccda3a90
7c6b5056
94c4ee2d
aa086152
ad179190
41243872
2a28e3f3
09a575bf
dcd21bba
fba8b5c2
fc3bcff3
84a912c6
b0229bb0
6b23c646
3f458a3f
ade40467
48921012
2143de67
19468a98
095177e5
21c9bae8
6330fdeb
dddc3e8d
4cbd1cb2
e777cd52
44581b14
50d87695
d739abeb
f8571e2f
8826dcf9
27fb5657
671a4049
eb8ef718
3b8376f1
bf2213e8
031fc257
263acf0c
60f8d16c
e80918aa
53ad0a6c
a040ffcd
26f5c455
86d1393e
fbd94531
2d986294
652dc0ea
e083255e
f375e1d3
3b23b549
aef2c64f
75c9e6f5
301f2869
861511a4
9c8bf144
05ec07bb
80522903
5898102d
e80b4b06
8ba956cb
d334214b
d63bb1ac
2953033e
9de043cf
4bcb1bac
8cd70dd6
f553be3d
e2b527e3
096d93d1
ca9cbd0c
5619be96
53d23fa8
22006ccf
dd2fa8dc
811f9f19
613b4d92
1feb4b3a
35183ead
f8cdd777
eb3dfb4f
7b6e73c2
3fd5131f
247c29fc
4855beac
fa30723f
185278be
78948022
10c35a06
fa6863a5
3cb4780b
cf905848
451eb0de
e7681b4f
139605f7
d2b805c7
0b641f2d
6950b2df
8808a7d7
ba3cc20f
e18a681b
8c51ef25
d302cd09
31045f4b
f34809ab
ef41d01e
3866347e
71b6a29f
0af706cf
e0dfea44
732e89a3
867451ea
f4787b28
f0df0fcb
8472c0e5
4b248ebd
9bf2ce9a
03bb157a
2d7a84d4
bfd68fa7
9822c6eb
f8f6e612
000ab99f
85bed537
fb7b77da
edb31214
bec80de4
50fab836
071f6690
4c353c3e
863a9db4
fe5bead5
33e7fb82
c4c42b4b
e4c446fb
bfac6af8
5a74b21b
6e64b8fc
2573dbf8
94804777
98859cda
6121ae68
ed17fe82
ecb0c11c
706dafdd
09dc0b2f
0325b61d
ab91f463
fcda3124
4edf940f
b5113074
893d27a8
0981d388
59236111
3567d59e
c62d030c
acb67e5d
be857e3d
ed71a779
a8ad9d0b
71bc0ea2
3bf87db7
6ba05dd8
971b75af
48df8f7a
82a29f6b
26db0a13
3781abf9
3287bf84
006d2eb8
8432c0ee
8545c82a
b5ef5456
52357ecb
d298ab4e
708a0cf7
6fb13eb3
82896760
3c71eb37
3b2de51e
eaca971c
beb23b83
e9cfd3f4
9aaab6cd
5ac736fd
15495146
89e8ca75
683d4bfd
df8636f8
0a1bef7a
fc95197f
2edde548
9ee3e6f0
8b4e5a51
0a66544e
1fe790a5
5dd05927
73920a6e
a08b8cdf
9c7e6035
c2f8c7a4
917d8baf
637d2844
482c8a18
cc972693
f2bae0cb
ea56be18
2f2dc9f2
b8b2cb83
35839b40
f6a44598
dd971399
eef1392a
9e119826
75bc4c6c
e749bede
d8db7a99
5a5e9780
825436ce
33ed8da0
881a43d3
a8b008a7
66f16987
ec42406e
6639d3b7
d6771b34
ba1189b1
dc07f89c
d069b7be
7bae14f6
88d32162
d499c024
67f30ca2
287eaf29
0f0b52b8
8a1082c5
dcdaa7eb
cc187359
a055d1bc
44100efb
96695be1
37a60a1a
81cb9a17
6e1a9cbb
25d7c40a
341bc0b2
0d3cdbf5
c2e9a9ec
03bef275
a4b99525
19baf4c7
766bf44d
0702673a
994b6962
c5bef5b7
36086cf2
6945c1c7
01691ebb
753a0aa7
1ed773dc
f53b6f49
683b7cc1
432b8fa7
9fb20e2a
5bb4ab7f
4968ea8e
044dcbed
4997ad05
3d751c78
87a7e07d
0d363524
0805583d
d8e86838
348ff28a
7f4a9335
20437b45
4451bcbb
dce630dd
122d46ae
f038e5a1
e2ea6a37
dcd65997
515cb7fb
7b73646b
63132504
0f226e09
14ae2810
cadb6a5a
1deb3e77
fdfabba5
3d3a9f20
b37d150a
ce533709
03806d34
542a746b
c862e01b
6e69760f
88c67dc1
fe6439dd
65012efd
4aaa2768
3f0bd2b2
34db1461
28c61c9c
8be8674b
ec5556b5
f04e461c
7ec8d0b5
05d22436
922a2e51
29f2d1ed
c6aebf87
8be494bc
92475e90
e12463a9
aa305dfb
241866ca
46d65614
aa024f71
9484722f
ad6a16b9
9a397366
2387948b
bc6dcee1
ce3d90d7
8fdcaa1e
affe04df
4114006b
1adf73cf
26cac003
5b4bdbfd
2f8fd629
a71aea55
b8fae58c
e70f3939
dd8f6c48
94c45667
16cef78f
97f0e9f9
c8b6fda5
37c03bcd
9d380a46
eca2f35a
ccb6a778
31358f91
71263a32
68b4c1cf
4ff3ccef
e41a06b6
fc11828a
f5913887
88ea660a
cd1aaaaf
1f4eb3e1
541a2a84
7a966ce7
46c91c71
028dd35c
583bf1da
dc39abc8
2b15257b
b55b259d
21a2c678
0ed62fef
8b2d57ff
06da91e8
35350606
4dda8f22
c5af1dc5
1768dd7e
85c779e5
a860f392
2065f3b3
b375f095
1cdf6bfe
98da8755
8003947f
6faa9c65
7e33ea10
38721196
606d7ff7
92fd9efe
e20dfa22
b7aa0f93
e0cd7d2b
c31e9e88
74b2eb9b
ed276f1c
0ddde1e2
7ccff929
50826b5c
14103d6c
bfe44987
ba0bd2b1
2ce5d14f
c3eb792d
884fd822
fda706e0
4ac888d8
c113c9ba
2703145d
5a63a4a4
056ec412
69516f82
fc0d1bfa
15aa66d2
3c901a00
4734c3dd
e4b3ac67
ae4cf641
89975c4d
23797f72
6779676c
85edd217
10ed84ed
f30763f4
79bf1b11
e5bf6bd4
4d995d42
32bad141
2fe64137
4c0fdb31
f40952d8
7aece5f1
cad2f42f
2eb6e93f
53da1179
3de1e27f
f99fc9fc
b9ac5f7c
6fc7be0e
dac1cbdf
5f7e94da
b6e076f7
6bd7cfe5
cac33979
26bc13c3
c969f419
bf11e592
88165317
7630b376
2004a202
c95be6f7
7a4d1a50
14b07930
47d54c11
9a2dfb65
89112280
50068d0d
655dbf85
71a1b37b
bb23f352
446a81af
a4259028
a5b9b838
2a9147bf
1ea35950
1f24a925
9afc13ad
159ff138
5ea0400b
ea430c7f
86c5e9d1
1091ef46
b2923beb
8fff4342
bf091aa5
1528c3b3
2f274d71
28e3f0a9
53b2ca09
4de8045c
08288995
9d725b9c
f6494ca9
bab4a93b
0ebcfca0
7d39502a
9d445dab
961dad3e
c16f5c8e
0e62fa05
f80e01d9
c3433fa9
120d1e48
10f6c4cf
12b29aba
27e2d66e
fed256ba
ad9f5041
c289272f
a6046e20
68870075
1c60749e
ddb437b4
ed537690
a0ed2ce8
e3d3b7ed
ae1fdfc7
1268d66f
fc8ca75a
7a04f547
21fb1590
771c7426
6d1e6ae2
178b91e2
04ec7af2
37d19b0e
c366d87a
c354f022
45eafecb
63663362
9bf0c81f
81d08668
b19ebfc3
764eaae4
c63bd38f
e9e692e7
19cce324
2f65d554
a8014f4a
f4efd897
064ec1fc
7c06c796
1ebcf5e1
edeb57c6
c66e0756
96bb3659
d8dd6775
d89b2107
2356e204
acba8a13
bffed1a7
006037c4
55534e39
0e32e73b
d6661198
402b8768
88e7319a
bd0c920f
1704b32d
34bf4453
e2cd729a
afc7a7e0
a3fc5a41
4fe38e28
4ee7687c
045be82b
cb60c537
fc0c7a82
6a0d105a
1761fd63
cd2080ab
0d16e0f7
52afa54b
99b1c1ca
f0819689
7d6b3626
0c85e191
5f1fae8d
32fa9a5d
bf8b5022
5c997de5
89a262b4
21f9a7f0
0d425583
7f9415f1
665da307
54f31239
75760ea7
e95051d9
394f7bbf
a0028579
8e73461d
186a09b2
c1a1f0c5
a9ce0263
7d7e2047
b9ba66e9
c562e053
dcbdd834
1fd88051
332e6720
88637c26
cfe7b26b
fc4af90b
2af7ee15
13700db6
ecdf1b0b
7f6be95d
30fb1fff
e53046c9
60e30f2c
1ada69b2
6599739a
82e49358
d0368eef
4f3a0aeb
0f55e89b
7dc60268
7635b162
af5f57ef
c908fd9c
fa4cbd39
08cda3e1
193a93b2
9ea40e52
4b5a4650
6599766a
fd485d3a
3cfea1a9
4f5e049b
97b96a00
d1c95dd3
92d96a2b
a4058a52
d305b76b
3a9db3f0
0b1907dc
617163f2
71f9bbd4
0f7319f7
e5e91a2c
191758c6
cb73dc1c
7695e929
5a6913d9
af72a486
2bb5657c
79b72af4
3fde05fc
f1a0bc4c
f0183a2a
79c1a6e9
fadd932c
b5a5a563
76a06b64
f94f60ce
eb13dafa
2f1d5432
bd7796be
c1d6752f
7a2132f7
fa24d055
1182f1a2
a57207ad
457c3f39
c9030f0c
386199fd
93f84dce
b4c3b719
5045b8ed
ba25cae5
ab4df21d
a3ec66be
b81cfb87
73076de9
39dabb1c
1823db91
f17f65bc
e83027e2
e2e6d548
c6095fc2
0e2b8e51
4b564271
bbfd5394
9d63bf31
c25739d2
63e20577
c81975ce
6dfc360f
00a30d84
974d75ca
1db12b12
0dfa2d54
22e23c8a
94a028f2
263e9cab
d896971e
65957f4f
7ef7050e
4f3e7966
4dc26c8c
49573a7b
0dbf9bdf
525525a0
a5650faf
386c35b1
59728947
9ba4e0fe
0b551578
d9837a3a
3779a060
fa3822e2
ad8e03be
a03c0f56
dcff1da6
134c69c1
bba192fb
d769ec36
553b0668
2e33d316
ef2bd5d3
6e9d6865
39ef3f8c
5d7c3ae6
e37cf153
cecb589f
00138aba
83c7b9a0
3899a039
daf92566
3f7a9a9a
d45150ef
041eefff
357c9369
8179d288
b6f6bb7b
92851b8a
e43649b6
0a0aec22
57f2ca71
13099b4d
3a0202c3
368589fc
c2ae7943
6c377939
916dc02b
41b1cab2
fff79ce9
d1479de7
5213491a
6cdfeff0
40a3cdc0
b6d000da
59416116
841b9957
f97268d1
73ecee74
fac31bb6
e8b52d4a
b776a469
a1a62ec8
578ca283
0e586509
7312fd51
6b083892
cee9a098
5cb81e29
9416d68e
fce12fbf
ac1b28db
63443947
d26a28f9
5791b618
e44bebb6
bbd531c9
766551e5
eced08da
2be84127
84b90024
4539b40d
43bcb6a7
d32d1037
aaecde6b
0727f6a2
3c891825
944fc718
933ff20a
68519726
ac3aaa6c
c254c5c9
58e84baf
15905482
a98bf286
f981feaf
bce9e68a
6e5216f0
3c9b7728
2f830c0c
82d73443
cf6da0e9
7b053fdd
275f461f
096cbac3
5e5e791c
dcd22ebb
8d6a925b
54845e32
6f921164
5c3e8968
d1cd9bd7
0fcd4e3b
398e1897
ed55b969
31e56113
7ee2c226
c3ce1476
5d365c12
0ca57238
8c2ffdb3
f0b60c11
bcaadae6
339b243d
3eaea18e
53f37c31
0b3a427a
547da032
8ea5e583
1a16e0db
2c6c2280
4ff2648a
a426dcff
87c2ab72
800952b8
1562eb69
f939f443
7b9714f3
1e95c95b
2819aea6
ba7ba8fc
f9a5eec9
3c5b025a
3f2f4406
44cf16cb
06e30624
9d727a0b
7dcf64aa
eae00374
d13c3d0a
9c36ac07
14444d33
3b921afb
6e8e5232
8872520c
b128ebf3
2ce237a7
5728d40a
c363ad74
6dfe8628
b7b2e45a
ad2ae63b
36215214
65f315d1
000c4343
972cd403
17a64a5b
3dcda310
677e7bf9
1762cd8c
23245f2d
ec187481
4038a03e
d9a945c2
b8bf7b4a
1a90cff6
20038bf3
d970dcdd
5e76e14e
ac03681d
b179efac
f2b1f934
0c170cd2
2b5c1ed7
d4040a3b
5c01617d
da4d3831
a966efa8
a24101b3
86c5e922
7094060c
ce511b8a
afee6cee
bb9bf0c7
e509b607
88543297
fe7542ca
bf186d5b
0a9db8b0
11f4f4ab
7aa0db40
ee649bc8
0bf34791
6ade629a
f6727ca2
28336b85
9ca61878
d27bb631
dea0be13
53830380
8524bf4c
46124385
5a90308c
157dd6ed
10775e26
3a4cc69f
8b4aab25
6f4eb052
de3ee9a5
b57abae8
790ac0ee
52e8e0bd
476801c6
abb3d871
4a97afd2
235e08e0
dcfeebca
9f16faa2
932e0ed3
f74e22f5
9086e226
57950edb
3c234e7d
f5f99697
15819fe3
cd7ed457
1c9497cc
610ad29a
5a6d9042
5fb7828f
ebd75850
2aa35d59
98413d51
dd94c4de
283fed4b
95efb049
cb50ce0c
14a90a8d
5062e37e
2faf34cc
ca5324ba
538e32f2
b9b15c45
0502a5b8
199833eb
e129cac8
7d4b7a01
00906a80
2e7bdd7b
b09eec96
8c05421d
99be8ddc
c7cdd864
b0ad96b1
1f1604cc
fb490f7e
b3c78ff7
bb9aa59e
ff958139
b0f9754b
54a5b85e
def6532a
5a398aea
83b022c6
1eca46c3
af6d1979
3365a90f
1fe1d7e0
de7f501b
8dc10449
34dbc9b9
aa70634b
4b95cecd
cd4a8a2f
dff99eef
d3442e5b
1070ad45
d3e8465f
d2eae2db
a5b815f2
02114967
e1f6b6cc
9fa52a9a
eb791833
a8a8d3eb
9d069669
789e6bc6
3d7e0cb1
88fed4bb
2182ed90
a2fbe673
825b6448
ae53e746
6a5ab64e
ef8a7e6b
ef3cf5a2
a7d1ba6d
e44443ef
ce5ab3a2
b283e4c6
5c033a0b
0a052bfd
e4032e67
50f1d6da
795c5a72
92d7993c
4a4534ba
c552a270
e8e2f301
f73190cb
1b033d0f
10f9635e
5065f78f
bf09519d
8164f0b3
2df5abcd
928dc68c
70eebba9
3eb9a566
ca3e8df5
b8ed709e
7077cd47
14f61d4e
8ac13937
64dbeee7
e1efc46d
1139e081
edd9c5c5
7376f445
c762b89a
0029ae8c
24041007
87c9f6ee
a0a5c7b5
13b7698f
0ca15bc3
ea9978fa
73201196
0cbce35f
580f756b
efa5ae59
f9a308be
1b0e365a
8559f5c1
9e1f2ab7
0bf57dc0
e3855149
151f379a
42387fb0
2163a2ad
84bebfb9
ea1eeb36
1959cb0a
32c87eb5
4316b756
d909a278
80233924
51a41b19
ac818a0c
2c25f85c
da74e585
c3bb121e
5527ff3d
236eb6e0
276ddf84
4bdd110c
59e177a4
d86471ce
3758319f
34c90a9d
7fa9ae75
838458b5
7965df62
0b61fa11
cca48d6b
59de89cc
84e6cf8a
8ca06be1
e0f46556
ab620470
d65a74ec
5a41e6a5
b8777310
00b24dad
efb3206f
98e42862
effab243
cd8acae1
d6ee9c73
afb45460
db89752d
af9a98be
f2eac4fe
64944893
ec89ad0e
327ed6d9
dbb6b490
f7d7c0d2
1be34604
2d35fd33
c51aef93
53b9a2b3
a2202bc0
21ee03f2
0b9caf60
4c10fea0
b8e77ae0
01452b88
1642e1a6
23849059
91274798
6c074ea8
4f1cafa8
5700dd78
ebcb2eb6
36ed527d
df21d8c5
14d035a7
646e54cd
d8053f2d
c7c1a276
9df31046
62befe6d
68262a41
0fc9047e
c006a726
5f23208c
44cce830
e98288ee
92fdfb0c
44f8e812
b9b826bf
68f8a32d
e001c098
2ab70832
b646a470
1492245c
5e4c2bf9
50a24de3
34ce0949
01afbaff
3a933594
99e11a47
abb7d03c
1f3bca6f
fb5e6af4
3aad6c75
6ae48e56
5d0d9604
356764ae
eae9010a
7cce555b
e18748be
02167161
bd835f1e
e9aa361b
5296cc51
0fd9e04e
d416ae8c
0b30c941
97fefc5f
98c35d69
6e8219fc
35f1c85b
d4d794db
33e7cf37
01adcd63
0a2aff5d
1e69c843
33333884
4e82f401
beaa4b21
2818c99b
50ecf63b
ef4eab4f
ea3575fc
c14e1224
a09cea65
84679269
8bcd3d2e
f9c2594e
805a1698
aaeed580
f95abb87
08227c5d
34159e50
8e8d3263
0cddbc09
8827a2cf
7af37ed2
871cb104
00f9144d
0a1c455a
ef87b73f
8e78680e
4fcf4790
0cacf390
1dbff9ab
31bff75c
b5ba285f
8136a7a3
8919f529
b47561c5
c3f977ad
ab2774d9
81427a24
d3f95ea7
6c80804e
73151255
354700ed
590cea67
890ccd7b
80bba6e9
58acb641
bfd5dc72
4536f467
3d67a951
9f53d705
9cc4a26b
9cd6d073
fb7c9bde
99c5dc2a
57340221
0b7728f0
e6c6141c
0445f01e
626faecd
06076bd0
acbde3e8
b1bd4ed6
f9309547
1b2ce391
a7b7b176
2d227e1e
15d151b0
57a99f95
fa25d096
4bd3f81e
9b575d51
74ba7209
7d80b3e1
0c38e701
a3cd88cd
7bbba149
7a9d6bb2
d12680b1
365bfeac
a27e1ace
deb7189d
7c0e277b
c5bde02f
0a2c02d2
b3692f2d
cfbdb9ce
75b29fda
37cc6dbd
d2b215e0
3c7fe52a
d3f01ea3
eac63ae5
c7bb5ddf
3474d777
153e5061
8cecf420
a06a3be6
c30d9773
d2ecb1b1
89cb1efb
46aa635e
97ca3aad
11113603
422742f4
55e047c0
241baebc
08bcbfd6
bf379b48
ce12a90c
3d4b903f
bea0f92f
a138c143
cef698c6
d0534a36
848aa004
54833d75
2a3d50c5
13d3ae8b
5effc6b0
3988bfc7
e29ebef9
d1e0122c
f91a470b
efa0119c
576fbe6a
7fba4dac
bd867c6f
6a4dda6e
449371db
974b7a54
74ddf1ed
e054f36a
3e942af7
197f9554
9bf62448
882e86f8
14153a06
3282de33
cf331a21
99090de5
8eb574bb
5b52bd35
a8303f41
80cdf951
c9754725
9309943d
ba632d4d
863ac606
62535911
6c8f8b14
7985af1b
1741eeb2
d8771b1a
a4dd1e02
18070c04
05ca8ef6
86e27e38
7b41396d
f827cf91
e1aea999
d827addf
7a78a7c1
0b026899
59c50995
05043bd2
51085665
63021ef8
6a5f1aef
79b6d34a
05d9d6ed
7a94cedf
a0b62ef4
57d57d78
c925d602
82ce14cd
324b7f45
d90db52c
f98a0dcd
05d0c8e3
a7f627fa
a5d5f6ee
8a924c79
6f663bfa
f517bd0a
907009b0
73b7a16c
6d50a483
5a2b817c
4b14d02f
f4e52b93
2790f4a6
4793123a
606c60d5
485ee199
6511d2ca
75b50539
9a1d7302
726a6a6d
f0abf0c9
d9805982
db69ff9a
b6607005
8c796d37
2a00edbf
bab0ae48
d311a285
2c1558fe
669232c5
a325a026
92a8ddbe
3806f1bd
9b0e76dc
4886d4b9
fea91da0
5647c1d6
ba80bf95
30e3e9ef
292eb381
495b7c13
594ba553
f3bdbf2c
f615db65
5cb623bf
4a03853c
cd6b0c0a
f702e056
2e708843
54ccecff
2cef9e27
28201269
6bb5a002
2aa9fcec
9e10003a
3c2d4429
e04866f0
9fd2eaba
1f923cdb
3324d6d3
53969032
8e2b35da
2fafb056
09b0508f
a584b488
6fd10b53
cd7f0f68
7ef8983c
9f067b93
c49d7508
c5fafff9
2efd74f7
79869c4f
64095f5b
cf3b27f7
03cbc32c
53aff6a5
3b860dc9
7a4a7406
501ff5e7
aac959ed
ffcad2a4
bd72a367
d80ce0d3
dd9ac3ea
6fb151a1
68b72f45
8a0b1735
d4728c6e
8ab43acb
b8c4cdd9
aa792e91
f81a7c2b
bf68d219
002955ad
eaa71c20
654aeea0
669a0500
7d530d98
d57d2331
e533ea4d
fdd82c86
51a4734e
982d415f
54436adf
f52140ca
21f7edb8
8da713df
cbfca3ec
23a2017f
e563856d
1405913d
e9f4222f
91d0ea5d
c1931860
8781058a
cf264ef8
e99b377a
9eb6379b
fbf437ca
1ec62a29
9eee1d95
c33231cf
7c705c15
9d3f0f93
9cf926a1
c2f2a16a
b7d0e7d0
1e4b9319
06527754
77e7c0d4
8d41516b
2b9e1eef
c62a5b17
f6eef3a9
5c3cd467
5f9d8f97
ea86015a
47d382cd
9f51f19a
baed3194
3e1af4f5
3b792e3f
f4bfb5d6
5dddc748
565e200c
dd36c629
239cae51
e24edf60
e75ec542
14e0e133
c0ce2107
628bf301
9c796451
e3231c49
f2920a5a
ad682de7
57686b80
6e07aac2
16f1c03a
8ad0ace5
4be81d55
c92c5c9a
4fe068be
8357c94f
21fe5775
5c043e08
faadc9a9
c4476e85
201aa638
804ac7ac
15f255e7
a67dbbdd
481bdc83
e9abe23d
ab387084
de05f39c
95fc85d6
dba5cfb0
5560e20f
011c7a66
27d8a91b
48419813
15a14d71
53b1fe4e
452696fc
3cec7924
83821d72
2b991102
2f8e75ed
92ec7134
62acc474
caada093
e88ae77b
56da813c
084ed429
8e0a1fb7
a7c65218
230a8e8c
c28e8481
04cf7ad9
12fbba29
7c668baf
f0789f43
b4de4778
0affb9db
bb9498ad
0e244de2
fe5c4b6a
be4ec817
6dc44676
4e1fcc5d
0cdf2cc7
dbdc68e4
21188bbe
7571f30b
52cdba41
9129b97b
a8ff724a
550ac53b
da0b84c6
3212026b
7c43c992
546219c3
f1ecf232
51401112
0774dbfe
ced87a80
0e1ccc1d
d1d1825c
ce4b9c95
186c8790
dc7cdbc9
f9443902
b10aa50f
b98b6c03
09a0b2f0
d2748190
db0534b4
ebc7bbc4
578bb94f
7fbffe7a
683375a1
6dd64180
43dc86ac
c7bce597
932e705b
f15fa281
bedc38a3
8b90867d
1aa7a1fe
9b487e5a
916de7a9
2a717634
c1f957a6
d065c008
2b734bb9
aaefa262
2eb10085
4955d2d6
ef71bb8a
0ed26456
736db9b0
c42f366e
cd6a0a68
0db24da6
c877787f
bfc21166
b06d41e9
cae602dd
c8f6054e
163a34e8
c240693c
00ae7408
1abe4912
6b3768b7
d3addb00
64f3c7d2
ee1c9d3b
6f910a24
a91cf182
fbb09932
c20ff989
a6c5beb7
b405264c
97d36b6f
0f583296
18432f6d
799d28cb
fa59c8b0
6adf66c0
f8e55213
507e17ae
e0e44d4f
c13817ca
b026acca
07fa77e2
c0232eef
8c42348c
6cbee8b9
61f02188
df5b04bb
da06b29e
ad8d2a35
85fd716f
000f8483
10c2007d
915e8d7a
979edf75
adb43612
c7d57cc5
aef9a650
73acc886
8a3ba834
f6c8e48d
ab09b663
8cfdfebb
e400af0a
ee4fda77
6b80c96c
4763feb8
817a14fb
0258ed30
503bca2a
d708f336
bbf12884
201e86c3
65e9890f
90ee4934
a2be256a
56be4947
ae37ec0f
feba023f
66d0ed5e
81c99667
3d124c50
8d4e3050
82c1c6b0
8c61dd57
e328f476
04b189f8
80a0647a
d2d1cacb
244f1b83
7d55244f
30511afb
654a749d
3233cdad
bad47d16
e08b4c0f
acb13a47
6352b47d
b50b478c
01a65263
4c0ee42a
64e1b7f3
073970f4
49570502
1e7f37a7
de6689dd
63e8b354
918308dc
b4f38cb2
bac24cfb
a2e38cde
4639ecfe
0a95bc5c
9c770d6b
de2c8e9f
f10f8005
a3320296
647373b5
754b7b47
fb6b224a
87200a7d
5a18bd4c
bfd4d79e
b49b9f68
d87d351f
e8b02afb
19c704ee
9c67069c
9a56a493
fee64f17
3f493ecc
7582e049
57ccaadc
52c7a595
eae2a580
5dc3472c
2fcd76d0
59b44894
d3b0ea95
a7262ab3
6a99e6e6
67b0e0e2
fb62da8b
45db50d3
992d8c64
8165c02a
7fc9f4b9
ebf4f467
26e617be
3e0cf24b
b29aa811
f9f6ac4a
c046480a
35bab684
9b4e954b
61ec5688
256aae52
01fecd61
4a19a44e
2f1ba0ee
33f40331
56cd96dc
e2774849
fc5debb7
f26b80be
8bb365d9
f39d764b
f6398f60
abb96df3
b01adb8b
6b25d208
a56bebf6
10fb2990
1daceafc
2460e6c3
29ec81b5
ff878bcc
64ecffd1
d939221c
d94f0a31
c31f1518
403fe801
439440e2
82962bf3
4c398b85
0c0a1d82
bf5b05d6
c74f8840
0da3a175
58dc2cbc
c9d691e2
59c4707b
07e0f307
48bf84dd
46197b18
fd7b6751
70d4e023
03345428
531fe0bf
78619609
43ceaffd
8ca6c55b
16471150
733ae87e
dcf57b45
c1791ecc
2ea898cb
2443eed7
80743182
a1c31e75
c94244d0
d432e3d6
1ef957a2
81983ce2
5334384b
f3da1338
3d0719e1
9cde6bbc
fb3d599f
ff33fdcc
7693605b
d50747bc
4a4196e6
fbf94384
66cc4596
136e22d1
9e8475b0
602c356d
18527023
33b3dccb
9a651a9c
36c081f6
50e6694c
f19c1729
7251caf5
257a2bbd
5d7c0b2e
9d3a5020
b45ea0bb
a0879f73
d82418ee
3a9a8354
d9d78015
c03b244e
9a39e8b4
3ad95d60
4e240684
d8585b52
8da9220f
e45473d0
54cbd79b
37cdc636
0a1ca8d8
87df7af1
5488c356
fba7215d
7d12aeea
64128b41
d554ee27
54094571
c69e03e3
2db90388
9a3988b7
89ea3d31
26130c27
82cf4b01
4810ab9e
b3319ef7
ad4ba15d
cf6fe4fa
0527d2f6
4e62078f
d80e80a7
eb937e4d
1aff178d
4757dce5
17c0a346
fe07ef02
3eed0d90
86465e2e
de5ed46d
df261377
3a3c8ca8
4fc372d4
f8df59fa
d64d0dcd
7b23bbdd
0bb3cf80
13e222f3
e432f72b
1e6095ab
98fb110a
b457f8c7
c4c9f68f
f64a8bed
38fb3b0c
260a72f1
7b8c99ec
a6866acb
d5f44def
df512c46
2692892d
a2d60aae
1dd3f074
2788746f
8528cc61
86233377
0d9f365f
d2585618
fb32513c
e0e76e4a
03a9f257
ea421945
a6331ce5
f0711297
134c4d83
b74020cb
3bd0a8e0
4d517bbe
d3093e8e
a323812b
8ddc4b69
59968f36
f253dbd4
9421e367
3d6dc9d8
aa948bec
6a4b3c94
91a2285c
5c95e5f3
976fc7d9
2b199f5a
18e47962
5b305772
266f69a6
e7801860
c9f65771
d8396349
4a862ae6
7db2fee6
ee1d2b9c
84ac4c6a
fdd58122
43714c02
7f30becc
41a42380
9652526c
54adfc15
4b563226
a5acd68d
cfbd09d1
6b79ca5c
054212c9
7b5f76a9
a1917ae4
82d28d77
db62e929
7f95c145
b0969f40
c15a5b2b
ffd0c1bf
a7f6c87c
c42e25a3
400f1c0d
4713d5f4
6fea1ea9
e83a12f8
f6637d8f
dd080899
43441c6e
2730951c
0a3a57c7
bc245edc
a8cf976b
7898621a
98001c07
e9167dd1
e6fd562d
5b4a6bf3
4c290d3d
3ccf9aef
9e624704
e27d2401
5522e612
234febba
81b820cd
69ae3e60
0744387a
6b11f94b
9b8b86f3
582704c6
184cc065
255a297d
35c35518
1d7e41f5
5a6d8da2
d1e6ab2b
a5f9117c
8e455e15
f3169325
c922c0de
cdab1fee
83ad985b
d9cee910
8e2c714a
a895ee75
c74e69c8
7bd60dd5
7e5dc458
fb6a3d70
4b585b8b
c3bb9589
b6d3afa6
54287678
924ec1a9
79f9e850
2e3d15b5
ec733367
46c3ea8b
37734694
e0ac2d4a
2c7a735a
50a92ee0
5247756b
3dc1949f
963267cd
31c1978f
a99703ed
f7135651
210cb5af
89c16553
80995d0b
40e7b1fa
53b58716
815835d6
1eff272d
d18deaa4
e4271556
54bb8110
4d284d8e
6c40b2ed
2fcd24e9
d7bc69a3
92bf773c
f167c311
7cbb1395
3844927e
96b05b6c
63e7d908
320aeeb9
885257b8
6f6b3acf
5043988d
c97c9643
832fa354
348f9935
84538da7
90b38d58
7659cc32
8ded9485
70c002a1
432c2f3b
4d37526f
0c594b6e
5f563796
f60fbc4c
51b6ed0c
77b458c0
0b5d0d69
836bcfaa
f9f71c06
6cd2b165
21171c43
b945a897
bd999cc5
6afa6b2d
faf4dbb4
e12d2223
d40aa002
518bab10
beba893a
77e69f84
39b4cf13
3ee50339
a946eee8
b7503d31
9da8e7c5
f98ca4ce
cdf8189f
b59b1451
378aef7d
2c7bdbc4
9b2a3cf4
cb565a5d
ec15fba3
46c9ae69
8ec5c239
fcb0d6ab
70c04d28
711823c9
3e7236c8
42ab5640
dc7c45c1
7328cdbf
87d14869
cb9d5e28
c0234977
7f428548
619faa67
2a5c4832
7c202ecc
2bff6319
0a05e9fb
aa43dc39
7cce7c6f
c62426e6
440e29a0
475f0ca6
2a6f42f6
f91d7262
404e6388
5d31155f
7c742255
6ccd2edb
a5eaf7df
8cd641ed
ff5f65be
71ee9889
11b4ea9f
841ad657
9b37a14a
23c0cde1
2d471b69
096c5bbb
ccb7bc4e
5973dd46
23f1e20f
e630fb20
a81e6916
bd92903d
bb70bc82
4e2be253
f12201e3
79f8b1cf
59552974
88113f2b
e0e8341c
17b4c5f2
b3fbcf88
e4958df5
ca72a8ff
6156c995
accd6aa8
74b4c6f3
3631beb4
1d0d7b3d
699393c7
595a87fb
3883e99f
58993407
dc0841cf
2dabf0ed
2cf1668e
3379563f
6003613f
c0da7d6b
941d4d65
7655ba56
c662ff03
bfffe936
1834a95e
b5f1160b
4e359b8e
fb731906
36cfd02c
ced8a347
00b92675
cb956eb9
fa6b74d6
70720273
fcd717eb
9314749d
2de4bb72
4db79aab
a2741a59
f1dd9311
745847df
a0d09609
e3297c9b
d6ba5e07
99420034
cca03d45
582be451
5dab7463
fc060e14
5c7a2bf5
09f45550
29eb5076
863b9319
46d400b1
8d358647
d359e73b
3d7d7623
ae1d577a
03da10e1
764a85fa
5a087535
d6b5f659
74ebc06c
8dfc4f2a
00f020db
62b7cedc
1e034be7
a79eb5a4
b0d0e426
3055b8c1
0fb7a49d
f4bb3fa9
607f8d4e
e36f420b
06e30651
a74705db
5e922ce5
2ba391ac
7f484135
e055ff33
de143d4b
50109a35
c9e618d9
0a133425
6a75aea1
5345b840
8fab7b78
caca6c93
19f221e7
4c3c0c02
e77c6360
270cbba5
0357d56f
662d3fa3
88e9ff3d
c570bed2
b31cd93a
8c11a3c0
0ee5c2e2
46d45437
a11b3d06
0cddd391
e50b0904
96c0c41f
7f46228a
e14e7087
35e4b4d6
763a8400
79cd18c7
ece812d4
e87a350b
c2e951fb
43a24f77
74cd9bbe
beaa9871
ac3cc694
e09fae86
7fca667b
1786a568
8b958a7c
74a1558d
b9837f48
1290a5d7
1964caff
67845fdf
000d0eef
6b59eedb
ab5a19c2
7aac44b0
64a8562c
493cf7f1
50bd5505
9e611ca7
47ed2de9
e77ec3da
f927cd81
4ba6d101
99b8ecd0
d91ab4db
800808f6
94e5695e
e7792b1c
8f2946e5
30494154
97f2cccb
2eefe230
9c2b333f
6e5abaa3
07a309f6
2efe5217
6d439c09
e0c7ccbb
c9be84e2
fc6dfe40
cb609e92
02551911
86a84a09
43d75d87
46b5362e
1e8dd1e0
edb69f66
f943cf49
f159d3e6
2097aaff
c4c90591
f7a0f368
10fece78
6677a0fb
e39e2de8
d68ff0c4
4896c20a
4db0f048
5a23235c
61790380
8f678d78
c0bace31
88cd19eb
f6509b36
fceed78d
1d5db4ce
8c2a159a
6db64f29
261b4ad6
d399fc24
b5d95a41
162f3f1a
baa431df
b4f72623
f7aaf197
76dac0a8
d1806ecc
235bb572
4f9cf880
8ba8ec3a
99264948
44361660
941a12f3
cf371aeb
b21e7d20
8dc19217
130784d4
efb747ee
7d2b5b83
d44dc2ee
b95d0232
29f55537
c2615d61
6d7cb5b0
2ae3caa7
274fb00c
aa79f465
35d0eefc
7f146e3f
de04be7d
d6d46767
6cedc1d7
8f78b4a4
1ccea963
8cd27103
3c82cb0d
d1a40da2
b60945b0
76c3182e
79db3e07
c1d1c1b9
f6a00877
de851052
4fd2e59f
ec8befaf
42361db1
0d0d101c
a4df378e
6a270341
e787184b
4b7e8d72
ad17e442
f8879db1
0d820bd6
cb9f1511
773046c1
35fb5768
4208e231
e36b3bad
37c5a683
632be3b6
eaa883a0
c002dbac
6c87b863
a363a4c3
f5713679
b560b344
2d19c5f0
ee831c28
6da8886a
2eaa1389
5ac8647b
2e7a1d90
5e8111f6
5e4403e9
7adcc524
19a765ca
21c9d54e
fb05ff3f
abefe82c
d415299f
8e753020
e6b7ef25
46bdc855
4355cd80
a2eb9056
47f58fc8
e8bae2f0
c98ba462
720b96c0
235934bd
990edbec
17971f98
2bc03ef3
4ca215b0
529cd051
3206be7b
538e594d
9eb21ee7
46208c3c
14bea3f2
96a9fa7a
7b36a707
fa96b1e8
0c99bf22
23ca3323
d11afba5
7743260c
34d808e9
fc3067f4
85e8cab0
7eed1d5a
252ddc09
183f182f
facf627e
6bd409db
972431f4
d8764891
fb938d3d
f410fe88
c1743699
90042346
fc4659cf
8bf1d16d
d9e39df0
c5cabf8a
87083e40
ae38a827
5dc03735
a78f42c9
b6482d78
8a6cd5e4
ad75865b
623677e1
be2afe0f
7fe48cb8
4047760b
06d92419
b5c01ec9
3e1679e1
4286df69
0f011e10
7a75324a
7a816cdd
30448f77
745e2330
6ef01c62
c9d03825
516dcea4
41f443b9
c6916a9a
e72ee82a
2476977a
8099a2f8
40d64c49
a0006131
2564fd20
8c16396b
3b619cc7
cff4011e
0691f37b
fd57c92d
2ccfc375
1d613cb3
4e426d7e
11a7a99b
bf683e56
c54aaed0
a6af88b5
dceba753
a2114850
e6ecc0b3
5b645421
8c0e127f
445a626b
9075c05e
2981fea3
7e413e9e
0a41fe5e
7a6d973f
b0d4c4c7
6014460d
dfacdcfa
bf9622b8
26154b73
26737fce
952b430e
2cafbcfe
4ac05492
623ae6a0
773c3c76
e22e74f1
dba85507
ce0ee173
691b09e0
c0e6b88d
e13afad9
77c79966
fc96330f
c9f12f01
80dce73b
e132990e
e968234e
fb7f6aab
53d68414
27b4392a
de1f9ca4
e51cdf30
acd12668
123d2728
4bd66960
38ba5974
753cd46f
24454ee3
aeffb208
efe84f4a
ec7a305d
57a13a03
12ea268b
f96e4ae9
14c8f497
5f573698
3e4535e9
a69b4ce7
e665bf44
5657cf83
e517b5eb
505db65f
aeb1a59d
c10c1995
51ce47ec
00bf1db2
e74ea210
1589cb5b
2f5f2f37
434898d1
ff24ab03
cfa7340f
96a4b5ef
8d7488e5
fad253ca
c5d787f1
50100e36
68f7ec2b
04fb4f61
13cbc90d
a8e0c3ed
032f6bae
d78a0ba0
5c221385
e44ece03
9436da48
5e047d8b
e73858ec
d57b0783
5538cc5e
201b0fc9
8717f5ed
f5d1e553
3df43feb
08a0255a
d4d56bd3
6c8ced4f
d4988fe0
183068ed
0b2ea3c8
7a673e29
48c0d25d
0b57602d
116b7110
b58adaea
6a7ff8d8
c37fccb8
59a4b97f
68484a91
82588d1d
9d305097
1860a79f
34983a2c
aff8a52e
d33a3677
376a395e
726c1055
75012ecd
71f39aee
aa672ebd
cb86148e
1fb07fee
589d6d7b
ae09c38d
fbc2059d
a76639c6
0078d4b0
60d214be
ad7574c3
e7157534
6f4257f5
583aecf8
45ceea36
b2d65326
aaa808af
19703cbd
754bfef7
734b536b
0a56e07d
b0edba20
1343757d
57a449e5
7d97f9ec
57fa6df3
1166d2cf
9b3bec0c
4a217af9
ad13d6bc
804e01c0
b940ce15
a533e56b
dc0f9429
81cef5b8
dff2c76a
44385f2c
3cce8c9e
bc717895
64bcd092
42d5eeb9
e6748b7a
07593571
ebc189ac
7cadaff7
161c457e
98cbf41b
69820b62
9f04bb93
2d213780
0c015dab
5903cc11
d5d16345
d14ac72e
c0336e92
97df08e8
7ca636cc
d1bc1ed1
2675e064
522892a9
846beb8c
5a7cab17
ce44eb54
bac28df5
53427928
fd5f1a4c
64e5986b
4743b14c
fd1f0a92
acfb4896
277f2c25
147b2150
5f965c00
8040bcf7
378b7bee
322cbc98
6c98cd81
e25b5c81
4a9fb079
19619716
cb4fc069
df1dc841
b3e6371d
418070da
0119fc1e
7ff5ab5b
56ab3d4a
46232146
914c83a1
999d7910
5158e18f
158ed3de
b4b25aef
710d23b3
4a4b33af
7af1610c
4cdc881e
36c4cbcf
280f7dc3
8615848e
bee8eeae
e737f3a2
8ef89b43
e2410d2a
7f765ed3
7746a135
12211419
fa5d2937
484f37a3
17ea8e67
f74fcb2d
02260bd5
49ea7629
7936f0b6
72cfa876
62001615
ff0149d0
8e5540e5
3dac140b
9c9d11a7
a2bc6d13
6541542f
25f89000
cd4a15e4
3551f770
0378ef1e
7bdc2ebf
b44bd2eb
dd9995ab
099e08ee
aba979e8
e9fb668d
2c5f1506
f1f765dd
0855561e
e1220355
b37de99d
42b2189d
a380110f
512b0f1a
83b28268
7b8aad59
7bcdb3a9
6d8672dd
746483d2
463f2a05
5f33c1da
105558ce
824504a4
b2e7a1a5
9199163f
1a5ef68d
67b9046e
fb60facb
8eb30a7e
b6ebc11c
fcf87f44
b5de99d7
c53a1917
161f3bdf
4f65708b
eb16fbf5
99356c5e
96c70156
8d728d33
418a05ba
f2c4fd52
9ee84914
ec3589a0
ad477091
9ee025bd
7068bc0b
f13a3330
d5d50410
777a1f93
7564fb2d
002e232e
26bba078
4fd97d38
adab695f
bfef4acb
fc390c92
7a8099f1
4489e711
caa204a2
d8c2fe41
9e805e2e
8c00a4f4
2ea15be3
3be7abf8
4c4df35b
d5c13428
7e0ca7b2
c60c8847
8f46faef
a1a406ed
038e8338
68b67d6a
6a68e050
faddb595
f82179c2
715eda94
b8733599
6e794fbb
4c916751
58498885
156b989f
d0736fd8
a225db9e
181b8a54
d6d7c757
9c689eb7
4ad50312
01b3509a
b7013ea6
7573a449
98ec4e87
4df66ce7
c5f86719
ae40e95f
6c44502a
b0dbea0b
900eb793
901db4ef
c07c8c7d
085ae3b6
6e1b730a
b7f6d08a
7245b380
d740f664
b215bc83
2fd760a7
7cfaa23c
2684385a
11934629
bc81804d
b0587aa3
fa7cca6f
9ede5b7d
91e87deb
ed0c45f0
202e5199
c11d28eb
0b4fec3b
f21fa451
fdc44e51
c09e8538
c2648cc9
0579f10b
a355064b
1b13cf0f
f61ec85c
5d98238a
91c1e163
298d7ff4
2262d3da
fdaa2214
e63a399f
30e780d4
14b41f51
0d4cd1cc
9a081118
bf612bc0
792deb2f
e3cb69e9
249f1713
ce2048d0
888861be
38d7ff27
ceb2e97b
4194aeaf
882aaf39
09a5eeb7
64d2d9d0
e59355f4
d1cd8fac
aa758bce
540c4c54
a8515f13
3553d200
378a08b3
93b6c565
e8145a5e
a23dad78
3a85ed3e
cec918b8
3b69b843
9e615c00
248fde38
79abec83
1c5404c7
79a44c46
1361ac08
4ca57aff
125fcd7a
e66591f7
8d3b3d1c
26828c38
8e97fdfc
106939bc
4ad5909e
aed94243
96e81b76
559c5b60
7b024e60
941e0049
1371b268
8df6773f
41e0c600
06473080
95bb4b56
3b544625
c294f584
794cc32e
38cc2854
202a2dea
92179c0c
a1d83dfd
a3c8a54f
bb64b0d6
e1454e68
a988e7a7
46da7b75
8e157b9c
f4c449b3
977e2b42
0f2e3008
98586fec
ca60df49
bc8b31fc
41df8c1d
d7cc8f15
d4823dec
76dcfa32
893764af
11de6524
416ab0d3
26ee5f90
2bb84c32
a6a918dd
0e0db6d3
9958f717
9d8ce2a0
a596a520
ff85dd28
33a42594
5d1d7bde
e193a8f2
0250489e
1aecf317
7f9a5d0b
d8272887
857daedd
9f15b753
09bd07c5
b5500fc6
25d70b72
c71a9946
d34c4587
5897c107
a6088827
25af842f
dfff1ec4
15af0b0a
9d28c66d
6a0cd398
226d2a93
ad94571d
440cd1c7
9f2e6265
b1f15804
9d2f01b0
861ca0b5
28b7e4e7
12860764
2a949d64
f447352d
0015f8a3
8ed0e59e
8eac6d21
3dab732c
5cd1365f
5bd6ad31
83a81d2f
b2e80fce
2da9f374
468bd9cd
1c1e9771
f80bd864
61c005d3
371c5551
2e5a650b
ebd06ed4
9d7607af
125d9559
5af19c02
6fcbd72f
4ede333c
94f585f2
cddbab47
bcc7f10b
a6414ebc
d33b8218
ef90a05f
81938247
82486388
19a12410
b51d1b2c
9a3780c9
d1716ddb
a594704f
d646c0f5
62901179
1720397c
784a8c5b
6cddea54
2a7d364a
068d7eca
fa20200d
270208dd
4a15ca24
4e153fd0
c5badeec
e5e7ee80
acab104b
cb1ad553
88be9225
64d3590b
525ab4bd
43efb0c4
05662482
83b9485b
9312135d
9cfebc57
d8e0247c
67f70e33
5450df44
1d6a64de
4f290838
77fb45a8
7eff5789
0e02bd23
07182e55
f72617ab
5f35611a
c74e01f9
1cac6f41
ebcf44ec
d7c7d4f9
677248f7
e43669ba
8dcb167b
15649140
9fb69e00
4b375aa7
75376323
ffc3be78
45b7a0e6
4654e026
384417d9
a85a8dd8
2b469144
e9eeb166
806ee5be
729b95a2
7ecc7214
b79ec712
bd2479b5
c30dd971
4bd34586
ce607abe
b3e9cf91
655093bd
ad2f9ff0
f2578cb6
bd92db45
5761b8ff
b5ce783f
4fd883c1
636e8fb1
2541d8d4
aa129ec0
f0fb290e
f9280f5f
565b8641
442cacdf
1e8bc304
f7411f2c
d3401e11
dbab1cad
cbec3282
be0fa947
e1b0861b
7c5f2c79
c2c2bbd1
eb657df7
294cd888
9910af9a
31896a38
be5dec3c
82c6ecce
0c7078fb
6656bf90
11cef020
404a9fad
60198075
4ab9ec04
61fcf582
3455a016
4301177a
b9556b9b
e24abfbc
ca577af7
d27f1b2a
01c093fa
2e3d23c9
9e776842
02b68d5d
d8d6ecba
30fcad51
134a0967
50e100e3
6a53192d
155ebb59
919a073e
814a58c4
4ffabb05
b00cef4d
83c1a7f3
5eac61e5
466b02d0
01171160
cc00d47a
5153294e
de6c0042
754ce4b3
44a1389e
f24b8c54
0c042059
d3a5f4e2
484d3e2c
7d8dd392
f1d96a8b
e8082313
4e876226
66a9a5d2
0772e357
94f8c42e
f2208ef7
d31ef9a2
a9d2ba98
529427d6
37e676cd
001ec770
cc35f5db
a77d0c19
795fa601
c8b7e385
53a90a44
d16140f5
57a81b3e
f7208f91
7fd2e828
6eacdbec
12962cf6
cb879bf1
7dafffe8
0b81f8bf
c9f221a2
15f9dc6d
1737d1bf
bf669dc5
3f9aaeb7
0ab4a015
e9fd9c63
45bbefef
c3d4d8b3
2dcc5675
4cb3351c
3ff7662a
d1968648
f1ac925d
704bc938
7370eee6
4b12021d
0b449536
019bd3ab
922eb4cc
ac6fe394
bd00b2f7
3c107e2d
03ad062d
77a6a563
f68ee5de
4c98e1f6
40296598
83834e99
b6b6c4f7
2271cc4a
729c79ac
983a118d
e2107eed
35f79d65
eb34b8b5
f836cb25
62c45b9c
deacd373
dcea488b
774ffa14
71d79caa
166f8fce
6b557a16
79d59963
17236ec7
50b187db
c968d73e
d58f631c
2f7d3274
8c78c810
938a33fa
0e8dca5f
ad0ae85c
7d82082a
defdd52e
2b42cab9
6bf806e8
04421bf8
8704f507
efdbdf42
49af5865
b5730c76
2f5a772e
85fbf903
7ba2507e
f64d1e09
3a44cb62
6b08fee4
025b66e9
88049ca9
b7cb7bb1
e33f1c86
33136b45
b750da8e
9d73fc39
44652aae
7a7fc8dc
4c176fbd
fb6fc3af
adaf721d
1bce20b4
43f63c33
62895618
6b136b54
d089d636
4da199c7
6697ab97
6b4c6835
1c7088a2
7d679dea
b9108ef8
a6d65af7
5a14f27f
916452f8
97ad0337
4763976d
6d8357e5
0034d9f4
8c32909a
aabcbb42
84b8be84
e00b4c9b
a517953f
2c333b06
496c1d91
7e5a4a3a
c009a322
3bb7976b
4e8a5060
fb5a2e34
fee3d404
89e9e867
5deda962
5357e460
45033c30
af0b5aca
4176d6b5
366f2e88
426d852f
66914874
184eaed2
c1ff829f
a2770a0f
8f060e06
e7e20fda
e8ca69ae
5998c4ab
4753b365
3e9919fc
d7dcc829
427ac64c
43ca4852
4ea4eb55
2daebd06
0aa251bc
a8b0c794
71bf9710
2e5db511
8266878e
56a8197c
4f1e2969
9e01c22c
5f14bbad
1e05b45d
03a1234e
87b421da
02e962d7
73b8b97a
c6e90752
5a05c748
1d49301a
947089f3
0c38a541
06a9a181
00eb35b9
20954278
463964f9
28f328ac
a27b04a3
3791e8f1
8abf9ef9
cb710e52
3f3d50c5
ff39693b
dafe88b3
81b48d2a
e4216bc9
85e1945d
fa438ec8
5f428da1
43cae63b
1207fd94
f52f145a
cadf9c54
dc9af027
7747393c
f8e8ecd8
e8a37c03
fe4371dc
ffe2b82b
bdd918e6
81e9bfa2
844cc324
e0036f14
14af7d2b
c666c03f
5bdacc4b
21e65ae3
1a044aeb
fdfb9b6e
a7890068
1bee77c4
de8be5b3
f9d104ea
0a02efad
efdcc59d
68d16a02
ef785c0a
6548fb3c
36855858
47f000f7
e140ec74
bb3ab361
5bbb122b
8050d4b6
19bd836d
76a67f93
8be8d8da
4ac1544d
c19d6f57
e46e7c26
4a16a8f8
de4476e0
4984590b
5a4682c8
0c72df16
7a03a11f
d13174b4
82635de9
c735c75a
5349ab19
b925161a
0d9c6772
36a66f79
0e946f88
13380f9e
badff7ab
209df412
f08b8da4
f1571a6c
acb0ea14
16f2b0fa
09a5bfaa
3efdeef6
b80fbfb8
65b3bb13
e0fccddb
df9ea5e8
8b1270ef
699ed2f7
cf000368
981c7f1b
2e72fc45
f34f9265
ca10cde0
9a333dc8
421055f9
dbd15693
a0d4ac17
fd7c60e8
fd500ad0
1dd6df7b
d0713a8d
ee402206
af113eda
f8a85084
52eedead
7046d43a
a1815c81
902bf15f
b0ab011d
004ae975
35fc1850
74b86e57
339b8b10
330889e8
66071069
3978276a
b7fe5f1a
0b5d66e1
0e213ddb
94d0f5b2
dd6e0bf9
8936b303
84bc5ef7
a342ee95
abde5b25
407e873b
954f3c50
26d07708
bbf01a6d
ff01b11f
b333fba0
69c227ab
3c86f500
7bce2165
7e38e339
6aec7fe0
1e32c282
a2c876ac
df663f51
8ac9506c
af93b32e
85fe8741
d0f2c93e
d5cf8631
db3bf143
21b09a56
57cd797b
ad5a51c0
5b7a6384
7cc6ff73
208848b7
3c92fda5
d57acaa6
fc2da322
af870af9
1bdf9fb4
26ec0460
662cefd4
c5cebc82
fcb419ae
43f3bb93
369c7b78
3a9071a8
e29a6363
30859055
a14e39d6
01872d2f
6a6b9d4b
fe3faf90
8869bac2
43b51659
43ed7243
225027b2
27e6ccf2
35c9a99f
421d9c99
1baa9073
415089e2
f5b5a3cf
78cb05e0
bc6f900b
d8ca11b7
a87470d6
b1b5b927
536a9c2d
0792859b
b9262c94
f49d4b53
83235c4d
fd0267c6
997d3861
abb96d72
992936a4
35e746af
8b3f85f0
343ceba7
75d8ed14
787c741c
43b5219d
9cdba049
3753ce38
4c2bc331
8bc046bf
d5ea350c
3ad0f8d2
927c1ec2
3d794dd7
da3217cb
e5e68859
6f4d1ff4
0a9a64e8
3efc2404
33d54d94
5dd50faf
c60ef529
aec61fd0
299a275e
4c6024be
74cec6bd
a33dcf2f
8c9a89a5
b295da01
a8b27734
fcfba4ee
1bb74782
e78a3819
9f7ef191
aee39b98
514f61c2
55213df5
e84409ba
c751d8e2
94b2ff56
99abe10f
b3ec5745
c408bf79
620e8cfd
c31d64c7
fe2f9701
4b37b7b9
5e6f212d
80779d67
47e21b3c
2160624e
cbacc3b5
e7be2b60
cc415060
8025bf4e
dcea8f7b
58fabe0e
294285c1
5e2be4bf
d8564d74
7e54a275
4e53e3e6
fda9ea4f
18f1732a
c5100b35
200b690d
d5ab2f4c
bd2cad02
c203612f
60ef9704
5e2b922b
7a2ff230
3bfe9ef7
80646b09
c2835eb8
cf49d5a2
1b4afd8b
125fe6b2
b7a893a1
dca75f75
82f62fcb
f801ba42
ebdb403b
8659549a
bce70549
fc9fabf4
ec5789ee
a0520fc1
129b27ed
504d7d73
3f042036
d5991eb9
ec64cd55
97aa807d
d6e1a4eb
0a3db482
226d326d
4dc267f5
bc9e80bc
5e093339
1249c146
6e87f54b
a06cd192
780b600f
253eed7e
157ce9db
bacbeafd
81a3563a
3dd44bad
046d30ad
8d6400a8
431b609c
4b66230a
6f1890fc
05271dc2
021ee71a
2f5fe48b
f4b8e415
42f5a8b3
7ab0c0a5
4a679a5f
1dc40216
da36b1b8
28841a58
48830de5
410a0205
4b015275
d2300d80
4e3d6ef0
cad7a2ab
831709eb
c1515d5f
afec1d14
794bf455
47b1268e
ec38182e
7ec8b28b
6b097ba1
b9a54950
73cde52b
c45411c6
3c150958
1fa44061
ea8f3872
80b13a08
0d9fc63b
fea9d3e8
3438b774
072047c2
5b3e0962
79f20dcc
2ab098cc
838ce3da
510fa6c0
08b3bc2a
bff62a81
edb62283
7a207f5b
0fc5257c
0e94f588
4acb3088
5145219b
0bda905b
f63dad85
fcaf0341
aeedb4cb
e72282d9
1bcb0ee3
a0bd906b
4db36761
1d95af8c
a0204d07
cbc45ac8
23407c5d
ccefda60
a53ed26c
b5dff709
87881a37
1ebf7028
e28471cc
5c6b9ef8
e6db6246
696002a7
37c227a1
f1035a2a
ab1f5536
1b28d899
22eee688
56f88ef4
58f81e58
d41994a0
c6d69df6
182b4db7
30cd49fd
a90957c0
867ed1da
f9db71bc
05687b82
5ba1103a
e9f7a665
08fc3068
b70f969b
e0f5919e
1f60dad8
ff38d397
b03af5a4
e7d74a45
9018302a
cd51421b
33447506
eb14c7cc
157a1e6f
90dd4dc8
31bd98ce
f3fe4a09
7ec536ce
b8f4b211
4151e33a
7c699010
56e77f1c
db780824
84193c4a
66cb1eda
e4f3712e
1e7800cb
805d77c1
3b549dfd
078decc8
fc897327
37695906
5b806c3d
cee61fba
f968f0f5
4e9f6b10
7d149c1e
3d39ace6
77a112ae
7c159602
a0e6141f
d75160ed
14ac8c75
4cffca07
55086de7
680dbe89
f4d4dd5b
90abfc63
7cb6458d
35b563e2
63f28411
4c869623
f5343dc1
a7d73e8f
53ef9ddf
b8bf75fc
30232b16
28f76f57
94fa4d64
2f4e0956
52135e85
052980b9
380ccdf0
97628ffa
2812ba09
ce8e5507
7586d833
007267eb
791d08f0
eb14d7e4
e810f693
7c83ed99
157a923e
6d03e09e
ad617ebd
60273426
ad844984
2644554b
f64f1abd
12a792e2
6997eb21
17a71022
bc3d21c7
d3821764
106fc188
162174f2
e8e422c1
4843e0c7
e6691865
ecd65979
659bb9b3
ea8ea621
1ef73ae5
68853179
f0ac208a
631d335b
a9131e00
59789604
fe07a5d0
fd77bcef
5e86d755
0ea5cf22
0d33c955
a40e4c9b
60e967dc
8169309a
a6e4eefb
ebb9f93d
b876c221
8e2630bd
8648d883
2089844a
c73fc523
677beac8
f01ec251
2e9891e1
07da9548
09041a70
b228aea8
b9520a03
cddf62e5
4dc3d805
8ccdc3af
47badbe6
a77cc6f3
2e9160ce
496c6b26
df071f5d
7f942f76
f280ef82
97a8d583
077653a4
3f2144c7
022729c7
7cd26b5d
a6a66a75
7e04f95a
12c6b668
985daff7
f3d666dc
35f43686
3bbee5bd
16896a00
30e0308a
61ebaba3
d8adb3a1
5b4b93df
76df3db7
5e0c037e
383a3444
0298702d
9e0cd578
9d035b97
7fbf8831
95ab8a4c
020fb88e
18bd671f
8cc3a601
c6954237
7e71d892
d5703f0a
c6a2df91
240d4d18
6a3c6727
4404590d
4e499549
e76e161e
147abc5d
f03daf80
8e1d275a
933937bd
824cae22
24e50ef0
b0f9ed89
aa6d3340
f9d5ad9c
5d16a8c5
89943563
44e8b45a
5c80c5e3
3874f3fa
674e9947
0bec3cbe
4d9fc046
de5fddd5
3f938504
8b89a101
02d18e19
2b734b88
4e40ed67
8566b612
2ba89c49
bead2be9
cbe58d78
80c6a30a
b8d86b2a
fc0a3320
c3e955c6
3d72f295
d4094335
0d8661a5
065a186c
03b141de
dae1451b
ab72afad
768782fd
9f6d420d
36cae4ff
4ee381e6
daeea49a
ab93fbe0
f59160a9
7e986ee7
369183ee
ae70be79
9980827d
de5f7e8e
a2de74f2
2615a936
85334704
fb1a5467
ecdbb8e1
b8ea2a8c
3c4ebcba
6e69af02
fd0e9d85
e00f6318
de5b92fb
4d93553f
a6cf4c04
38a5d718
3e4c4bae
75614800
c44510bc
620adf49
0135b950
53ada5fa
513967fa
84b2a291
8ba4a811
ab950407
0130fd8b
dbeccc70
85875098
b6c22f54
9d6147be
a52e22f3
2b90fde9
ac045711
81c59562
63308870
dd19d867
e44dcc5e
fc5c43f7
b65f9883
18076d8c
8b9d3e3d
7b4d2d91
0d14a49d
24319899
1efa06b3
95caf1ec
9e971f90
b73caa9e
85d11663
e4711865
eca085a9
60032d3f
e0351fa7
50e517fb
66a4977e
80bd0d34
790d782f
bee9cf41
8fcd4178
6b557ab9
a4fa4c44
afc18a44
7d5ec590
a98d9dd2
649138fc
9c4ae884
26ff2497
5d35a9e8
b803037d
d3ce9432
2d16ffe0
f09785bc
16d827bd
173c4bd4
72a8c9ba
60cf190d
c307604c
2ce5d194
0cd7bc00
acccd438
2bbbba89
4737fed2
b4939da0
1ca5eb08
e0304ea6
250febf3
5a255940
85a45c4b
e02ae6e1
7a1a650c
c8e21c34
2a3c5ac9
f4f3290e
a7d34f03
609e2816
105bcb7f
89c5d3e7
8bc9f956
dde2dc47
4c24cbbd
0d85fad0
12c1ac0e
eefe3387
e8567ff1
a5fa309d
8cfeb14a
0fcd3fa9
4e6b2a93
84e6bb1e
c36acf17
16fba553
ea76aa9e
bb7b119d
4f3c15b1
fd03c3db
21433c85
a8b55572
d8b0c403
ddc39c00
07f388b4
fb1100ab
398d3c09
c8993808
12c999b6
cdb542ea
9cc5814c
12959b6b
a3212166
aca04dc5
2eaa017a
38b54f44
4e5606c1
2d23e18b
b346441a
a8cc912c
95a6fb62
40a8c689
b5103759
0f322379
2f710187
df944dc6
9f9c5fd4
be25f3cf
b0097cd4
cf2eb5c4
8ea1d905
478c3cb6
22cdf16f
7f58f596
fa29dff9
61084d8d
5d00d752
6f8b3448
a45002f7
fde87bef
114a8e98
beb67563
77148ad3
973e6c72
c722d611
647076f3
c7291ffd
43e63bbc
4de1d061
b3cd524f
b6c58c9d
acf1f3cd
bf52cff9
ca77c1d0
f2110540
775525a2
7c97b67d
eacc1e0b
a38e35ff
9cfcd19e
cd83216b
5ef772e6
e7f38339
c5f3f517
3d4d487e
6f747a01
5b7b9900
1a92e7f0
8d3a0452
32eb1cd6
65691069
07e190a3
61476a60
55043b1d
b2d077eb
801d5eed
010e665e
3673339d
7b81a488
df936d20
51e287c3
7081f267
210adc94
897bb5cd
ee5c8c3e
5a0cba79
8573fa0b
eac1b166
29c06e0d
fd044dda
c117a7e6
29b9b3ca
04cd78e5
cfc9ac20
e9dbc18e
331de2a3
86dea294
c35ebca2
82407335
433cd635
5f81cfd2
88d93be6
181126e7
b520678d
7e4c4627
82737d1b
5bc3c36d
90e53176
2bc7ef82
1b653d4c
b43b1acb
95797db5
142975c0
d51c7eba
c9aec005
4e828b13
060ed7b9
4a7bc6c9
f10ef522
b75b96e8
7fe71632
6d9360d5
49703c3e
f91c204a
c164896b
dac72647
9ad8e411
78d6c3f4
1e7ca783
23b0d882
0939a41a
fe28ac44
400669a1
98428499
c0fbd9d1
62987107
8c50bdfa
f6e46282
33af3d79
583a7d4c
3f08ba44
faa3f50f
e2469616
c43c8857
d13f7e9b
d3262d5b
6ef5b1ec
53b58639
810f04c9
ea7171da
8e6530c1
f5a0a175
387d7a5f
387c3222
6137b407
89df16b0
15a04051
d96b8007
57b61389
b1619bea
5564f769
94cf1914
aef30e78
b224e873
7c6342f5
761320ae
df5bcf79
abf07112
6bb8a682
0b3ab8d6
75c9cb13
41df390d
af699b85
8dd92610
3299e172
bb82da90
fcba8f34
e1b32a89
0b1e8939
a9721e4e
fdbdbac7
9b463af1
df41b264
169237a5
a5b1af6b
44e82384
90d67819
94b96668
d9cc4999
224192df
339da2a2
ef748bf7
140a6228
529736a0
aa41c552
e757c546
f30f9db0
001d115d
53651ce3
9ae8a1c2
53100662
46e3eda6
f99b8790
f1a2783a
689125cd
a6842ca3
c783c140
b306336f
0a785806
f92469ba
da41d1ed
2a37ac12
eec6bc89
058caf0b
1d9b7df1
b2bc5510
446e1bfd
174174d3
2cbce30c
76bad28a
dd31b679
48554619
61d7db2d
ee4c51ee
b1c34bee
a09adab3
82dec860
6d960d6c
4d00037f
a26f9bec
45da6b09
0e51fb37
147b8d71
7b4191d8
78d3a453
2aca6a3a
3171b82a
86be3f01
8abe2e94
00a6407a
7bf157fd
68c0bf56
f13e7b7e
7008af8d
70fae936
f92c1a87
8f6b14f9
1bf5d146
3b140e7c
85ed4c4d
c9a2c8ed
97d5d524
4b63adc9
c1209049
99ec77fc
ab12e86b
f1e5e6a5
2ae60c3b
94329f6b
027958e5
711f48fd
74597b04
3c21180c
1f78163c
00ad2658
071aa836
bac04cdd
38fe8c85
19cd408a
4268c4bf
84311a0c
df586cec
2cc9ac01
21fd8700
e9d6f751
8436654a
bdebe2ea
d756be03
6377192b
1530771c
8dcf543a
f4b98820
fead8afd
cac4ac1d
abfacf38
40d0c657
11a9de18
38034af4
990bc027
e2509b22
8f0ec174
5302ebaa
f4773858
ad9c91c8
3561dfdf
2bbb9512
658aefce
75649109
e2130532
99421e06
58cf9416
3efe3b93
1ab36e01
06312b9a
7c730537
7f095300
0160ed27
377532d4
85e9144a
6332c636
9b11f1df
f412d99a
1eeec854
05ef067a
9d3b4407
c730cf4f
6a94bd10
c45ac8b7
7666f65c
099f8c8b
ac126400
ac9a9e59
806a69cc
93e21f0f
2a133f6c
7ac35821
9f7805ef
4e47d0df
2f68085b
ab669dd9
435667e1
ffe43201
c1119f32
88a39b9e
bc7ad43a
8ef2d80d
e17cd2e1
96b591fa
7498ee37
439fdaf7
c01a7b73
91cb68cd
2711172f
4ea10d3c
122a2f96
4ba6df9d
9fdd3d02
15ed7742
f9485c13
b9e1e7dc
5e39efbe
d653aadd
2af3c412
44f15145
25df8c80
72184d19
138ad993
c02e160c
53d3d591
205937d3
e02a8dc7
2557127f
e5ebb8d1
fcfbc8e5
63aeef70
9f006313
e3338752
4447c282
e29d4347
7cde857a
feaf00ec
dadc6f06
f87e74e8
b4d27451
81c94735
1431529b
bba4a124
10d2eeb3
6cd092ca
b9b022d7
0193e076
9fe220eb
ea56dce4
489c4b0b
60ff4bf0
9d8d97cc
8b60e851
b5d52d4a
8da45591
22de3fcb
b8ff75b3
6d0fa888
a9711848
6fa86ea7
ae5428ec
dec4d864
6729b41c
dd88ac35
edc99819
b70a1a8e
432a69b5
29b0a3d1
4c808c2b
e20aee7b
c02dba7a
d828003a
522cf29c
782c0303
3c6d0fea
fcc049b9
619be9d7
bd4524b0
eb48a9d1
c255d19d
99587d46
43fa9ef7
c052e3ba
2ae2becf
ecb2e8ac
77735487
79426b83
073ebb29
dbdb9b77
e11724e8
385d9c00
7dfab7f6
6f033130
ce683f1f
170c7c77
192ac8d2
c10327be
237f3f20
67b3c1b6
a852e70d
e3ad5b4a
dc417c06
6ce5fd84
b85082c2
42735525
4a8ae3ad
1247ba84
e137ed3a
8ff2ff50
0b61df2e
42caa576
a4f86149
d44fc7a2
7573da4a
133f2ee8
ddd99b56
afe2df1c
2e7bebbb
f5386ec2
b56961e1
6aa033d6
35381137
337f5090
c0050be2
066841f9
7d3547ae
8f56eeb2
49b604d6
f5b4b698
700362f4
b4c35132
eda6dbcd
ccbc2428
bd8b6b27
922574c6
8f0a9fdc
8e8b2371
c0fe8bec
e5e655ea
d6576caf
cc4527aa
e3eda8a7
1a9f82af
a854e0d7
4879f311
c38f15f1
51f86b57
d67fa7ff
917a7bfa
f9c8ce4e
c5ac5b5c
f067f5bb
fbe363f4
89434a94
29918c8d
3aaf8e9f
1cc29e71
c82da2fc
4af60450
351d8098
8fe124f8
bd057a63
fa7d8a3a
489034d4
fc4a7e4c
21102d64
a2191775
67f931ec
bf7a88cb
75d9c1eb
814add25
bd04b408
c457e49d
0b2f1107
1f14f123
9afd5f9d
7c11360f
8a1ed986
05e34df6
2703af65
dd4e2508
ff5d0dc4
456952b5
c85a9c48
61222129
9b6d36ae
3b350874
1ce5fe57
19a9beea
95a7dad0
93a98cc2
e48a0125
02bc9124
3869f48f
5f4ec4a3
7d0c5100
1cd97e40
43a92473
8925c08a
cee421df
1c94fd9e
a23a40eb
66e77e4a
44e36172
a753736f
f72feb7a
8d04f077
518ded00
5f6975c5
6e88d92f
bb97782b
f2789f2d
6a64a182
276a22e2
19ff9e2c
66f20fbe
1aa9f95e
1074e52c
8cb519c1
2501f6a2
bf611b4e
b17d12d6
f6cb0bc9
480aad5d
9a7a6c33
723b96ab
75fffbb6
5667f421
f14be7b5
9357f9d6
145a05cb
950cf0f5
8685c421
cc35e76e
d97bacdf
579f7f8d
cb293417
7d0eb023
b49c0739
0f302f8e
51add346
a0cf1141
ed80e57d
5e9fc72c
2477e8fd
b57ac041
b6faa1a1
ef02fe56
946e4d31
e7415b26
8b589691
5f4b4401
1e49e945
f0d2057e
1ae95c9f
4d26c94a
3827e36b
978ca949
406c7d22
54141adf
bcf4d71a
224aa159
3b8bcd8b
521f9ec3
878e47f5
0d88f1c8
0a0b121f
45143208
756a0e09
e7ac73a0
00bff77a
269bc41c
c524f22a
aca19492
abc49fdc
84340eeb
f360b93a
ce874db9
b29facb9
7fede0ef
4aed561b
0dde2e5f
77910eff
bcd2aba1
4ed11c04
03ab3587
a9485014
3f0b75f7
1a93fff3
29483a66
e47a1e79
ed975f20
ae3731a2
5db3ece1
75a0920d
5252d9e0
04d1e04a
3ec8b115
496ee72f
67e2cea5
17af664c
6dd9d295
9135bb5c
752090a1
402ad129
822766d7
8e6b87aa
aa3beeb7
bf804ce2
fcbc0028
297c4b5c
5d598915
5ac7e9f2
cab2cc88
81e4b8c4
78a4f82e
4a355833
7664afe3
9796ed2b
162827f2
6c195efe
38afeb2e
e5a20bc2
9634276c
015f18c6
235527d7
91e4b1db
f162ff66
b7996c67
c33f0528
6e6258df
3fb461cc
f878c77f
2a113769
0395d228
138a09e7
bf9cc242
bd98b542
79931e78
b1c79825
ef94763d
438d636e
faa1a711
4d575d71
bbc1241a
a62711ff
3625e817
10fc5a84
c827697b
d2585e0c
1a6f8fc7
e1225da0
33e1aabc
02d14019
6f0d8e1f
bb6b637e
9374ba5b
df89e998
b2d22c4d
a2d00897
e26448d2
52d7a2f9
172940eb
522032ed
41785b72
dde68643
94285798
aba6a876
4c0a7424
4c57d3e7
c6c5c141
99203839
66dfd60a
c7ce18d2
171da202
8c79ae2b
18518668
e07944ad
216fd168
fcc6d251
3cfbc810
3e01e7fe
af3ea1f0
75b2879b
d3efd5c4
23317e9d
d8a2e8af
ca2104a8
80f5036f
b1bc439e
1663c4b7
04efcc98
93ae4bef
feca7c95
f6d0d38a
85ae50b1
45875fc9
6510fb26
3f77db10
79d69043
1810d82b
99919e24
6b786103
aa7bea1c
1c60c0eb
deaeadbd
55d8eb5e
ab48c34f
7994410b
c567a174
8d414f19
55584fbe
9d1289d1
176a9245
2b8ef602
f7567819
fa0ca525
b8be1da7
5fbf2390
d97732f4
4d92f875
0f52edcf
ad1dee2e
944345fb
151ae16a
45b972cc
69f15d15
8e6171bc
b187dd41
93bce2ad
115947d3
187ed347
a9afa648
bb9c8a2a
a3f06ee0
5e4d79de
738b6ecc
a368f2f4
24ed482c
e4ff04c8
ba5ff9bf
3d9e047b
deb5d5e3
11bafc22
9163aa4b
6a230c35
4054ada3
8d081b40
eadd0ece
454efdf6
60dad120
b9bf6b71
bd60ad4e
b9fef080
88009227
6a8ef0da
4f5c9f06
cafff8fc
0c9da946
83e9bdda
39b65ddf
7a942acf
2067488c
311a0fd9
d70dd115
75752af2
a09c994f
ad5c3070
67e063f0
4e7213ec
7e37e7b1
36702e24
0dbc5108
16d61c1f
7717bc99
af359562
a0a05a8e
7c62f1f3
5fefacf3
67c6df2b
cf92d6e7
cb9de50b
f20741de
052cf72a
cd8f8fad
8893aaf3
48e3a006
d6e0595a
f42657cf
af307538
c2e87bb7
5b22d5f0
64f4e3c5
b549859f
bded3d87
6ef8035b
2cd33917
41c78e47
27a3d5d1
24f0c587
e2db2915
c12fd6c2
656aa90f
9c951f16
d4465a04
917c0e5f
332131d0
f7cb76a5
95f003e6
cb88ee8e
0acf1d62
87146805
1cf5d587
ac6eae53
eb31aec9
9e509c07
2b305fae
0bfddd64
88a147a4
1368f704
741b3661
15cbd507
b0cc959c
a9e50a23
dec24c96
6cf541dc
ecc4aa04
55bbcd09
fe632ae3
7997285c
4b74e210
2b57f4e0
0f5aec56
2dae56e3
290fc802
b93d521a
701aeebf
1cc0a0b0
255d08a6
d9d19a77
de748258
82f96d6e
8ecd9e21
6a372bb1
3809926a
b7c2e0c7
d1f6e038
2bf1ff27
d483df7c
3e621f8f
c1e73a91
3eca8bf5
5bc8c562
ed64c0a4
2e3cb422
9fe88379
3c740469
789c1ea7
14d05d5a
aed5306d
2bec0a40
59f6b1f0
fdd003b8
06df8e83
d7909faf
e0f32a3c
2adea2ef
57e4a110
c53d379a
44fa03e7
49cf8bfe
9dfefa9e
fd182ce3
d4108b6f
bbdf5756
c2be4597
5035982d
9822627e
